[0m12:27:03.755469 [debug] [MainThread]: Sending event: {'category': 'dbt', 'action': 'invocation', 'label': 'start', 'context': [<snowplow_tracker.self_describing_json.SelfDescribingJson object at 0x7ac3303ffcd0>, <snowplow_tracker.self_describing_json.SelfDescribingJson object at 0x7ac32d2729d0>, <snowplow_tracker.self_describing_json.SelfDescribingJson object at 0x7ac32cff4390>]}


============================== 12:27:03.778054 | 69600923-67ef-4300-bc23-50247a50b7be ==============================
[0m12:27:03.778054 [info ] [MainThread]: Running with dbt=1.12.0
[0m12:27:03.781931 [debug] [MainThread]: running dbt with arguments {'send_anonymous_usage_stats': 'True', 'log_cache_events': 'False', 'log_format': 'default', 'log_path': '/work/dbt/olist_pipeline/logs', 'cache_selected_only': 'False', 'partial_parse': 'True', 'invocation_command': 'dbt deps', 'warn_error_options': 'WarnErrorOptionsV2(error=[], warn=[], silence=[])', 'use_colors': 'True', 'indirect_selection': 'eager', 'write_json': 'True', 'warn_error': 'None', 'printer_width': '80', 'use_experimental_parser': 'False', 'version_check': 'True', 'target_path': 'None', 'hints_enabled': 'True', 'profiles_dir': '/work/dbt/olist_pipeline', 'quiet': 'False', 'maximum_seed_size_mib': '1', 'static_parser': 'True', 'debug': 'False', 'no_print': 'None', 'introspect': 'True', 'fail_fast': 'False', 'empty': 'None'}
[0m12:27:04.258208 [debug] [MainThread]: Sending event: {'category': 'dbt', 'action': 'project_id', 'label': '69600923-67ef-4300-bc23-50247a50b7be', 'context': [<snowplow_tracker.self_describing_json.SelfDescribingJson object at 0x7ac32cf7f150>]}
[0m12:27:04.295314 [debug] [MainThread]: Set downloads directory='/tmp/dbt-downloads-qqb5mzc4'
[0m12:27:04.300154 [debug] [MainThread]: Making package index registry request: GET https://hub.getdbt.com/api/v1/index.json
[0m12:27:04.629020 [debug] [MainThread]: Response from registry index: GET https://hub.getdbt.com/api/v1/index.json 200
[0m12:27:04.635888 [debug] [MainThread]: Making package registry request: GET https://hub.getdbt.com/api/v1/dbt-labs/dbt_utils.json
[0m12:27:04.799429 [debug] [MainThread]: Response from registry: GET https://hub.getdbt.com/api/v1/dbt-labs/dbt_utils.json 200
[0m12:27:04.843635 [info ] [MainThread]: Updating lock file in file path: /work/dbt/olist_pipeline/package-lock.yml
[0m12:27:04.868586 [debug] [MainThread]: Set downloads directory='/tmp/dbt-downloads-g7xvkgxm'
[0m12:27:04.879697 [info ] [MainThread]: Installing dbt-labs/dbt_utils
[0m12:28:02.605046 [info ] [MainThread]: Installed from version 1.4.1
[0m12:28:02.610977 [info ] [MainThread]: Up to date!
[0m12:28:02.616369 [debug] [MainThread]: Sending event: {'category': 'dbt', 'action': 'package', 'label': '69600923-67ef-4300-bc23-50247a50b7be', 'property_': 'install', 'context': [<snowplow_tracker.self_describing_json.SelfDescribingJson object at 0x7ac32d00ead0>, <snowplow_tracker.self_describing_json.SelfDescribingJson object at 0x7ac32cf4f050>]}
[0m12:28:02.627714 [debug] [MainThread]: Resource report: {"command_name": "deps", "command_success": true, "command_wall_clock_time": 59.062542, "process_in_blocks": "9496", "process_kernel_time": 5.45621, "process_mem_max_rss": "115868", "process_out_blocks": "2368", "process_user_time": 9.154916}
[0m12:28:02.631526 [debug] [MainThread]: Command `dbt deps` succeeded at 12:28:02.630947 after 59.07 seconds
[0m12:28:02.634638 [debug] [MainThread]: Sending event: {'category': 'dbt', 'action': 'invocation', 'label': 'end', 'context': [<snowplow_tracker.self_describing_json.SelfDescribingJson object at 0x7ac32d00ec10>, <snowplow_tracker.self_describing_json.SelfDescribingJson object at 0x7ac32d093a90>, <snowplow_tracker.self_describing_json.SelfDescribingJson object at 0x7ac32d1354d0>]}
[0m12:28:02.637616 [debug] [MainThread]: Flushing usage events
[0m12:28:03.909636 [debug] [MainThread]: An error was encountered while trying to flush usage events
[0m12:28:15.098105 [debug] [MainThread]: Sending event: {'category': 'dbt', 'action': 'invocation', 'label': 'start', 'context': [<snowplow_tracker.self_describing_json.SelfDescribingJson object at 0x7eb429867350>, <snowplow_tracker.self_describing_json.SelfDescribingJson object at 0x7eb4264dd910>, <snowplow_tracker.self_describing_json.SelfDescribingJson object at 0x7eb4266b33d0>]}


============================== 12:28:15.127918 | a67aa3d6-f161-4e68-a5ed-d05ceae4ab52 ==============================
[0m12:28:15.127918 [info ] [MainThread]: Running with dbt=1.12.0
[0m12:28:15.133043 [debug] [MainThread]: running dbt with arguments {'printer_width': '80', 'hints_enabled': 'True', 'static_parser': 'True', 'warn_error_options': 'WarnErrorOptionsV2(error=[], warn=[], silence=[])', 'maximum_seed_size_mib': '1', 'debug': 'False', 'no_print': 'None', 'empty': 'None', 'target_path': 'None', 'send_anonymous_usage_stats': 'True', 'introspect': 'True', 'profiles_dir': '.', 'use_experimental_parser': 'False', 'cache_selected_only': 'False', 'version_check': 'True', 'log_cache_events': 'False', 'warn_error': 'None', 'fail_fast': 'False', 'partial_parse': 'True', 'indirect_selection': 'eager', 'quiet': 'False', 'log_format': 'default', 'write_json': 'True', 'log_path': '/work/dbt/olist_pipeline/logs', 'invocation_command': 'dbt parse --profiles-dir .', 'use_colors': 'True'}
[0m12:28:16.874205 [debug] [MainThread]: Snowflake adapter: Setting snowflake.connector to ERROR (file logging only)
[0m12:28:16.877927 [debug] [MainThread]: Snowflake adapter: Setting botocore to ERROR (file logging only)
[0m12:28:16.881902 [debug] [MainThread]: Snowflake adapter: Setting boto3 to ERROR (file logging only)
[0m12:28:18.916272 [debug] [MainThread]: Sending event: {'category': 'dbt', 'action': 'project_id', 'label': 'a67aa3d6-f161-4e68-a5ed-d05ceae4ab52', 'context': [<snowplow_tracker.self_describing_json.SelfDescribingJson object at 0x7eb423894810>]}
[0m12:28:19.543477 [debug] [MainThread]: Sending event: {'category': 'dbt', 'action': 'adapter_info', 'label': 'a67aa3d6-f161-4e68-a5ed-d05ceae4ab52', 'context': [<snowplow_tracker.self_describing_json.SelfDescribingJson object at 0x7eb4279a1750>]}
[0m12:28:19.562115 [info ] [MainThread]: Registered adapter: snowflake=1.12.0
[0m12:28:20.655173 [debug] [MainThread]: checksum: 5029ac201ca95621a3c13f11212ebb88f023f43e83ad2fd6641dd4f215921ae1, vars: {}, profile: olist_pipeline, target: dev, version: 1.12.0
[0m12:28:20.684243 [info ] [MainThread]: Unable to do partial parsing because saved manifest not found. Starting full parse.
[0m12:28:20.689693 [debug] [MainThread]: Sending event: {'category': 'dbt', 'action': 'partial_parser', 'label': 'a67aa3d6-f161-4e68-a5ed-d05ceae4ab52', 'context': [<snowplow_tracker.self_describing_json.SelfDescribingJson object at 0x7eb423514bd0>]}
[0m12:28:44.399385 [debug] [MainThread]: Sending event: {'category': 'dbt', 'action': 'load_project', 'label': 'a67aa3d6-f161-4e68-a5ed-d05ceae4ab52', 'context': [<snowplow_tracker.self_describing_json.SelfDescribingJson object at 0x7eb42325e990>]}
[0m12:28:44.424487 [info ] [MainThread]: Performance info: /work/dbt/olist_pipeline/target/perf_info.json
[0m12:28:45.088176 [debug] [MainThread]: Wrote artifact WritableManifest to /work/dbt/olist_pipeline/target/manifest.json
[0m12:28:45.113431 [debug] [MainThread]: Wrote artifact SemanticManifest to /work/dbt/olist_pipeline/target/semantic_manifest.json
[0m12:28:45.213544 [debug] [MainThread]: Wrote artifact OsiDocument to /work/dbt/olist_pipeline/target/osi_document.json
[0m12:28:45.221409 [debug] [MainThread]: Resource report: {"command_name": "parse", "command_success": true, "command_wall_clock_time": 30.511087, "process_in_blocks": "11264", "process_kernel_time": 4.108641, "process_mem_max_rss": "165460", "process_out_blocks": "880", "process_user_time": 30.72739}
[0m12:28:45.225566 [debug] [MainThread]: Command `dbt parse` succeeded at 12:28:45.224822 after 30.52 seconds
[0m12:28:45.233527 [debug] [MainThread]: Sending event: {'category': 'dbt', 'action': 'invocation', 'label': 'end', 'context': [<snowplow_tracker.self_describing_json.SelfDescribingJson object at 0x7eb4265a4f50>, <snowplow_tracker.self_describing_json.SelfDescribingJson object at 0x7eb4264eaa10>, <snowplow_tracker.self_describing_json.SelfDescribingJson object at 0x7eb4264ddd10>]}
[0m12:28:45.238174 [debug] [MainThread]: Flushing usage events
[0m12:28:46.180758 [debug] [MainThread]: An error was encountered while trying to flush usage events
[0m13:49:14.882671 [debug] [MainThread]: Sending event: {'category': 'dbt', 'action': 'invocation', 'label': 'start', 'context': [<snowplow_tracker.self_describing_json.SelfDescribingJson object at 0x73715689be50>, <snowplow_tracker.self_describing_json.SelfDescribingJson object at 0x737156934bd0>, <snowplow_tracker.self_describing_json.SelfDescribingJson object at 0x73715689ba90>]}


============================== 13:49:14.898708 | b535fa75-b311-40aa-ba87-6824035361c2 ==============================
[0m13:49:14.898708 [info ] [MainThread]: Running with dbt=1.12.0
[0m13:49:14.901755 [debug] [MainThread]: running dbt with arguments {'hints_enabled': 'True', 'maximum_seed_size_mib': '1', 'log_path': '/work/dbt/olist_pipeline/logs', 'quiet': 'False', 'static_parser': 'True', 'no_print': 'None', 'log_cache_events': 'False', 'write_json': 'True', 'profiles_dir': '.', 'empty': 'False', 'use_colors': 'True', 'printer_width': '80', 'fail_fast': 'False', 'warn_error_options': 'WarnErrorOptionsV2(error=[], warn=[], silence=[])', 'partial_parse': 'True', 'use_experimental_parser': 'False', 'send_anonymous_usage_stats': 'True', 'debug': 'False', 'log_format': 'default', 'version_check': 'True', 'invocation_command': 'dbt run --profiles-dir .', 'warn_error': 'None', 'indirect_selection': 'eager', 'target_path': 'None', 'cache_selected_only': 'False', 'introspect': 'True'}
[0m13:49:15.850423 [debug] [MainThread]: Snowflake adapter: Setting snowflake.connector to ERROR (file logging only)
[0m13:49:15.853420 [debug] [MainThread]: Snowflake adapter: Setting botocore to ERROR (file logging only)
[0m13:49:15.857452 [debug] [MainThread]: Snowflake adapter: Setting boto3 to ERROR (file logging only)
[0m13:49:16.413771 [debug] [MainThread]: Sending event: {'category': 'dbt', 'action': 'project_id', 'label': 'b535fa75-b311-40aa-ba87-6824035361c2', 'context': [<snowplow_tracker.self_describing_json.SelfDescribingJson object at 0x73714fc01690>]}
[0m13:49:16.532273 [debug] [MainThread]: Sending event: {'category': 'dbt', 'action': 'adapter_info', 'label': 'b535fa75-b311-40aa-ba87-6824035361c2', 'context': [<snowplow_tracker.self_describing_json.SelfDescribingJson object at 0x737157bf6210>]}
[0m13:49:16.536244 [info ] [MainThread]: Registered adapter: snowflake=1.12.0
[0m13:49:16.769550 [debug] [MainThread]: checksum: 5029ac201ca95621a3c13f11212ebb88f023f43e83ad2fd6641dd4f215921ae1, vars: {}, profile: olist_pipeline, target: dev, version: 1.12.0
[0m13:49:17.054916 [info ] [MainThread]: Unable to do partial parsing because profile has changed
[0m13:49:17.057653 [debug] [MainThread]: Sending event: {'category': 'dbt', 'action': 'partial_parser', 'label': 'b535fa75-b311-40aa-ba87-6824035361c2', 'context': [<snowplow_tracker.self_describing_json.SelfDescribingJson object at 0x7371573bb050>]}
[0m13:49:22.848141 [debug] [MainThread]: Sending event: {'category': 'dbt', 'action': 'load_project', 'label': 'b535fa75-b311-40aa-ba87-6824035361c2', 'context': [<snowplow_tracker.self_describing_json.SelfDescribingJson object at 0x73714e55a4d0>]}
[0m13:49:23.191059 [debug] [MainThread]: Wrote artifact WritableManifest to /work/dbt/olist_pipeline/target/manifest.json
[0m13:49:23.206370 [debug] [MainThread]: Wrote artifact SemanticManifest to /work/dbt/olist_pipeline/target/semantic_manifest.json
[0m13:49:23.239059 [debug] [MainThread]: Wrote artifact OsiDocument to /work/dbt/olist_pipeline/target/osi_document.json
[0m13:49:23.279539 [debug] [MainThread]: Sending event: {'category': 'dbt', 'action': 'resource_counts', 'label': 'b535fa75-b311-40aa-ba87-6824035361c2', 'context': [<snowplow_tracker.self_describing_json.SelfDescribingJson object at 0x73714f68ee10>]}
[0m13:49:23.281629 [info ] [MainThread]: Found 23 models, 51 data tests, 10 sources, 661 macros
[0m13:49:23.283754 [debug] [MainThread]: Sending event: {'category': 'dbt', 'action': 'runnable_timing', 'label': 'b535fa75-b311-40aa-ba87-6824035361c2', 'context': [<snowplow_tracker.self_describing_json.SelfDescribingJson object at 0x73714f6c4610>]}
[0m13:49:23.292539 [info ] [MainThread]: 
[0m13:49:23.294864 [info ] [MainThread]: Concurrency: 4 threads (target='dev')
[0m13:49:23.296827 [info ] [MainThread]: 
[0m13:49:23.298942 [debug] [MainThread]: Acquiring new snowflake connection 'master'
[0m13:49:23.313463 [debug] [ThreadPool]: Acquiring new snowflake connection 'list_PROJETO_OLIST_DB'
[0m13:49:23.333919 [debug] [ThreadPool]: Using snowflake connection "list_PROJETO_OLIST_DB"
[0m13:49:23.336215 [debug] [ThreadPool]: On list_PROJETO_OLIST_DB: show terse schemas in database PROJETO_OLIST_DB
    limit 10000
/* {"app": "dbt", "dbt_version": "1.12.0", "profile_name": "olist_pipeline", "target_name": "dev", "connection_name": "list_PROJETO_OLIST_DB"} */
[0m13:49:23.339338 [debug] [ThreadPool]: Opening a new connection, currently in state init
[0m13:49:26.895961 [debug] [ThreadPool]: SQL status: SUCCESS 4 in 3.556 seconds
[0m13:49:26.906017 [debug] [ThreadPool]: Re-using an available connection from the pool (formerly list_PROJETO_OLIST_DB, now list_PROJETO_OLIST_DB_ANALYTICS)
[0m13:49:26.941922 [debug] [ThreadPool]: Using snowflake connection "list_PROJETO_OLIST_DB_ANALYTICS"
[0m13:49:26.947288 [debug] [ThreadPool]: On list_PROJETO_OLIST_DB_ANALYTICS: show objects in PROJETO_OLIST_DB.ANALYTICS
    limit 10000
    

/* {"app": "dbt", "dbt_version": "1.12.0", "profile_name": "olist_pipeline", "target_name": "dev", "connection_name": "list_PROJETO_OLIST_DB_ANALYTICS"} */;
[0m13:49:27.260628 [debug] [ThreadPool]: SQL status: SUCCESS 0 in 0.306 seconds
[0m13:49:27.277980 [debug] [ThreadPool]: Using snowflake connection "list_PROJETO_OLIST_DB_ANALYTICS"
[0m13:49:27.280128 [debug] [ThreadPool]: On list_PROJETO_OLIST_DB_ANALYTICS: show user functions in PROJETO_OLIST_DB.ANALYTICS
/* {"app": "dbt", "dbt_version": "1.12.0", "profile_name": "olist_pipeline", "target_name": "dev", "connection_name": "list_PROJETO_OLIST_DB_ANALYTICS"} */
[0m13:49:27.625953 [debug] [ThreadPool]: SQL status: SUCCESS 0 in 0.341 seconds
[0m13:49:27.632684 [debug] [MainThread]: Sending event: {'category': 'dbt', 'action': 'runnable_timing', 'label': 'b535fa75-b311-40aa-ba87-6824035361c2', 'context': [<snowplow_tracker.self_describing_json.SelfDescribingJson object at 0x73714f709410>]}
[0m13:49:27.670734 [debug] [Thread-2 (]: Began running node model.olist_pipeline.dim_date
[0m13:49:27.671593 [debug] [Thread-3 (]: Began running node model.olist_pipeline.stg_category_translation
[0m13:49:27.673702 [debug] [Thread-4 (]: Began running node model.olist_pipeline.stg_customers
[0m13:49:27.675257 [debug] [Thread-5 (]: Began running node model.olist_pipeline.stg_geolocation
[0m13:49:27.678226 [info ] [Thread-2 (]: 1 of 23 START sql table model ANALYTICS.dim_date ............................... [RUN]
[0m13:49:27.681327 [info ] [Thread-3 (]: 2 of 23 START sql view model ANALYTICS.stg_category_translation ................ [RUN]
[0m13:49:27.686820 [info ] [Thread-4 (]: 3 of 23 START sql view model ANALYTICS.stg_customers ........................... [RUN]
[0m13:49:27.690073 [info ] [Thread-5 (]: 4 of 23 START sql view model ANALYTICS.stg_geolocation ......................... [RUN]
[0m13:49:27.696548 [debug] [Thread-2 (]: Re-using an available connection from the pool (formerly list_PROJETO_OLIST_DB_ANALYTICS, now model.olist_pipeline.dim_date)
[0m13:49:27.700109 [debug] [Thread-3 (]: Acquiring new snowflake connection 'model.olist_pipeline.stg_category_translation'
[0m13:49:27.704431 [debug] [Thread-4 (]: Acquiring new snowflake connection 'model.olist_pipeline.stg_customers'
[0m13:49:27.707706 [debug] [Thread-5 (]: Acquiring new snowflake connection 'model.olist_pipeline.stg_geolocation'
[0m13:49:27.710913 [debug] [Thread-2 (]: Began compiling node model.olist_pipeline.dim_date
[0m13:49:27.713616 [debug] [Thread-3 (]: Began compiling node model.olist_pipeline.stg_category_translation
[0m13:49:27.716639 [debug] [Thread-4 (]: Began compiling node model.olist_pipeline.stg_customers
[0m13:49:27.720439 [debug] [Thread-5 (]: Began compiling node model.olist_pipeline.stg_geolocation
[0m13:49:27.742218 [debug] [Thread-2 (]: Using snowflake connection "model.olist_pipeline.dim_date"
[0m13:49:27.749018 [debug] [Thread-3 (]: Writing injected SQL for node "model.olist_pipeline.stg_category_translation"
[0m13:49:27.755866 [debug] [Thread-4 (]: Writing injected SQL for node "model.olist_pipeline.stg_customers"
[0m13:49:27.762168 [debug] [Thread-5 (]: Writing injected SQL for node "model.olist_pipeline.stg_geolocation"
[0m13:49:27.765514 [debug] [Thread-2 (]: On model.olist_pipeline.dim_date: select datediff(
        day,
        cast('2016-01-01' as date),
        cast('2019-01-01' as date)
        )
/* {"app": "dbt", "dbt_version": "1.12.0", "profile_name": "olist_pipeline", "target_name": "dev", "node_id": "model.olist_pipeline.dim_date"} */
[0m13:49:27.806085 [debug] [Thread-5 (]: Began executing node model.olist_pipeline.stg_geolocation
[0m13:49:27.815521 [debug] [Thread-4 (]: Began executing node model.olist_pipeline.stg_customers
[0m13:49:27.862323 [debug] [Thread-3 (]: Began executing node model.olist_pipeline.stg_category_translation
[0m13:49:27.912660 [debug] [Thread-4 (]: Writing runtime sql for node "model.olist_pipeline.stg_customers"
[0m13:49:27.913868 [debug] [Thread-5 (]: Writing runtime sql for node "model.olist_pipeline.stg_geolocation"
[0m13:49:27.938440 [debug] [Thread-3 (]: Writing runtime sql for node "model.olist_pipeline.stg_category_translation"
[0m13:49:27.968505 [debug] [Thread-3 (]: Using snowflake connection "model.olist_pipeline.stg_category_translation"
[0m13:49:27.971635 [debug] [Thread-3 (]: On model.olist_pipeline.stg_category_translation: create or replace   view PROJETO_OLIST_DB.ANALYTICS.stg_category_translation
  
  
  
  
  as (
    with source as (
    select * from PROJETO_OLIST_DB.RAW.category_translation
)

select
    product_category_name,
    product_category_name_english
from source
  )
/* {"app": "dbt", "dbt_version": "1.12.0", "profile_name": "olist_pipeline", "target_name": "dev", "node_id": "model.olist_pipeline.stg_category_translation"} */;
[0m13:49:27.974962 [debug] [Thread-5 (]: Using snowflake connection "model.olist_pipeline.stg_geolocation"
[0m13:49:27.976056 [debug] [Thread-3 (]: Opening a new connection, currently in state init
[0m13:49:27.979383 [debug] [Thread-5 (]: On model.olist_pipeline.stg_geolocation: create or replace   view PROJETO_OLIST_DB.ANALYTICS.stg_geolocation
  
  
  
  
  as (
    with source as (
    select * from PROJETO_OLIST_DB.RAW.geolocation
)

select
    geolocation_zip_code_prefix as zip_code_prefix,
    geolocation_lat as lat,
    geolocation_lng as lng,
    geolocation_city as city,
    geolocation_state as state
from source
  )
/* {"app": "dbt", "dbt_version": "1.12.0", "profile_name": "olist_pipeline", "target_name": "dev", "node_id": "model.olist_pipeline.stg_geolocation"} */;
[0m13:49:27.980772 [debug] [Thread-4 (]: Using snowflake connection "model.olist_pipeline.stg_customers"
[0m13:49:27.990978 [debug] [Thread-5 (]: Opening a new connection, currently in state init
[0m13:49:27.993954 [debug] [Thread-4 (]: On model.olist_pipeline.stg_customers: create or replace   view PROJETO_OLIST_DB.ANALYTICS.stg_customers
  
  
  
  
  as (
    with source as (
    select * from PROJETO_OLIST_DB.RAW.customers
)

select
    customer_id,
    customer_unique_id,
    customer_zip_code_prefix,
    customer_city,
    customer_state
from source
  )
/* {"app": "dbt", "dbt_version": "1.12.0", "profile_name": "olist_pipeline", "target_name": "dev", "node_id": "model.olist_pipeline.stg_customers"} */;
[0m13:49:28.044644 [debug] [Thread-4 (]: Opening a new connection, currently in state init
[0m13:49:28.131589 [debug] [Thread-2 (]: SQL status: SUCCESS 1 in 0.357 seconds
[0m13:49:28.160172 [debug] [Thread-2 (]: Writing injected SQL for node "model.olist_pipeline.dim_date"
[0m13:49:28.229978 [debug] [Thread-2 (]: Began executing node model.olist_pipeline.dim_date
[0m13:49:28.286433 [debug] [Thread-2 (]: Writing runtime sql for node "model.olist_pipeline.dim_date"
[0m13:49:28.334037 [debug] [Thread-2 (]: Using snowflake connection "model.olist_pipeline.dim_date"
[0m13:49:28.340953 [debug] [Thread-2 (]: On model.olist_pipeline.dim_date: create or replace transient table PROJETO_OLIST_DB.ANALYTICS.dim_date
    
    
    
    
    

    as (-- Calendário diário cobrindo o range de datas do dataset Olist (pedidos de 2016-09 a 2018-09,
-- com data estimada de entrega podendo passar disso em algumas semanas).

with spine as (
    





with rawdata as (

    

    

    with p as (
        select 0 as generated_number union all select 1
    ), unioned as (

    select

    
    p0.generated_number * power(2, 0)
     + 
    
    p1.generated_number * power(2, 1)
     + 
    
    p2.generated_number * power(2, 2)
     + 
    
    p3.generated_number * power(2, 3)
     + 
    
    p4.generated_number * power(2, 4)
     + 
    
    p5.generated_number * power(2, 5)
     + 
    
    p6.generated_number * power(2, 6)
     + 
    
    p7.generated_number * power(2, 7)
     + 
    
    p8.generated_number * power(2, 8)
     + 
    
    p9.generated_number * power(2, 9)
     + 
    
    p10.generated_number * power(2, 10)
    
    
    + 1
    as generated_number

    from

    
    p as p0
     cross join 
    
    p as p1
     cross join 
    
    p as p2
     cross join 
    
    p as p3
     cross join 
    
    p as p4
     cross join 
    
    p as p5
     cross join 
    
    p as p6
     cross join 
    
    p as p7
     cross join 
    
    p as p8
     cross join 
    
    p as p9
     cross join 
    
    p as p10
    
    

    )

    select *
    from unioned
    where generated_number <= 1096
    order by generated_number



),

all_periods as (

    select (
        

    dateadd(
        day,
        row_number() over (order by generated_number) - 1,
        cast('2016-01-01' as date)
        )


    ) as date_day
    from rawdata

),

filtered as (

    select *
    from all_periods
    where date_day <= cast('2019-01-01' as date)

)

select * from filtered


)

select
    date_day,
    year(date_day) as year,
    month(date_day) as month,
    day(date_day) as day,
    dayofweek(date_day) as day_of_week,
    dayofweek(date_day) in (0, 6) as is_weekend
from spine
    )

/* {"app": "dbt", "dbt_version": "1.12.0", "profile_name": "olist_pipeline", "target_name": "dev", "node_id": "model.olist_pipeline.dim_date"} */;
[0m13:49:29.409549 [debug] [Thread-2 (]: SQL status: SUCCESS 1096 in 1.066 seconds
[0m13:49:29.452410 [debug] [Thread-2 (]: Sending event: {'category': 'dbt', 'action': 'run_model', 'label': 'b535fa75-b311-40aa-ba87-6824035361c2', 'context': [<snowplow_tracker.self_describing_json.SelfDescribingJson object at 0x73714f8dc2d0>]}
[0m13:49:29.457166 [info ] [Thread-2 (]: 1 of 23 OK created sql table model ANALYTICS.dim_date .......................... [[32mSUCCESS 1096[0m in 1.75s]
[0m13:49:29.461237 [debug] [Thread-2 (]: Finished running node model.olist_pipeline.dim_date
[0m13:49:29.464358 [debug] [Thread-2 (]: Began running node model.olist_pipeline.stg_ml_predictions
[0m13:49:29.466457 [info ] [Thread-2 (]: 5 of 23 START sql view model ANALYTICS.stg_ml_predictions ...................... [RUN]
[0m13:49:29.471040 [debug] [Thread-2 (]: Re-using an available connection from the pool (formerly model.olist_pipeline.dim_date, now model.olist_pipeline.stg_ml_predictions)
[0m13:49:29.474556 [debug] [Thread-2 (]: Began compiling node model.olist_pipeline.stg_ml_predictions
[0m13:49:29.482441 [debug] [Thread-2 (]: Writing injected SQL for node "model.olist_pipeline.stg_ml_predictions"
[0m13:49:29.509923 [debug] [Thread-2 (]: Began executing node model.olist_pipeline.stg_ml_predictions
[0m13:49:29.523346 [debug] [Thread-2 (]: Writing runtime sql for node "model.olist_pipeline.stg_ml_predictions"
[0m13:49:29.533758 [debug] [Thread-3 (]: SQL status: SUCCESS 1 in 1.558 seconds
[0m13:49:29.546472 [debug] [Thread-3 (]: Sending event: {'category': 'dbt', 'action': 'run_model', 'label': 'b535fa75-b311-40aa-ba87-6824035361c2', 'context': [<snowplow_tracker.self_describing_json.SelfDescribingJson object at 0x73714f6a33d0>]}
[0m13:49:29.549039 [info ] [Thread-3 (]: 2 of 23 OK created sql view model ANALYTICS.stg_category_translation ........... [[32mSUCCESS 1[0m in 1.85s]
[0m13:49:29.553144 [debug] [Thread-2 (]: Using snowflake connection "model.olist_pipeline.stg_ml_predictions"
[0m13:49:29.555425 [debug] [Thread-3 (]: Finished running node model.olist_pipeline.stg_category_translation
[0m13:49:29.558976 [debug] [Thread-2 (]: On model.olist_pipeline.stg_ml_predictions: create or replace   view PROJETO_OLIST_DB.ANALYTICS.stg_ml_predictions
  
  
  
  
  as (
    with source as (
    select * from PROJETO_OLIST_DB.RAW.ml_predictions
)

select
    order_id,
    true_label,
    predicted_label_hardcode,
    predicted_label_sklearn,
    model_version,
    predicted_at
from source
  )
/* {"app": "dbt", "dbt_version": "1.12.0", "profile_name": "olist_pipeline", "target_name": "dev", "node_id": "model.olist_pipeline.stg_ml_predictions"} */;
[0m13:49:29.561528 [debug] [Thread-3 (]: Began running node model.olist_pipeline.stg_order_items
[0m13:49:29.572035 [info ] [Thread-3 (]: 6 of 23 START sql view model ANALYTICS.stg_order_items ......................... [RUN]
[0m13:49:29.576228 [debug] [Thread-3 (]: Re-using an available connection from the pool (formerly model.olist_pipeline.stg_category_translation, now model.olist_pipeline.stg_order_items)
[0m13:49:29.580202 [debug] [Thread-3 (]: Began compiling node model.olist_pipeline.stg_order_items
[0m13:49:29.587065 [debug] [Thread-3 (]: Writing injected SQL for node "model.olist_pipeline.stg_order_items"
[0m13:49:29.601341 [debug] [Thread-4 (]: SQL status: SUCCESS 1 in 1.557 seconds
[0m13:49:29.612799 [debug] [Thread-4 (]: Sending event: {'category': 'dbt', 'action': 'run_model', 'label': 'b535fa75-b311-40aa-ba87-6824035361c2', 'context': [<snowplow_tracker.self_describing_json.SelfDescribingJson object at 0x73714da3e810>]}
[0m13:49:29.615385 [debug] [Thread-3 (]: Began executing node model.olist_pipeline.stg_order_items
[0m13:49:29.625989 [info ] [Thread-4 (]: 3 of 23 OK created sql view model ANALYTICS.stg_customers ...................... [[32mSUCCESS 1[0m in 1.91s]
[0m13:49:29.636598 [debug] [Thread-3 (]: Writing runtime sql for node "model.olist_pipeline.stg_order_items"
[0m13:49:29.642023 [debug] [Thread-4 (]: Finished running node model.olist_pipeline.stg_customers
[0m13:49:29.647150 [debug] [Thread-4 (]: Began running node model.olist_pipeline.stg_order_payments
[0m13:49:29.650042 [info ] [Thread-4 (]: 7 of 23 START sql view model ANALYTICS.stg_order_payments ...................... [RUN]
[0m13:49:29.655610 [debug] [Thread-4 (]: Re-using an available connection from the pool (formerly model.olist_pipeline.stg_customers, now model.olist_pipeline.stg_order_payments)
[0m13:49:29.658325 [debug] [Thread-4 (]: Began compiling node model.olist_pipeline.stg_order_payments
[0m13:49:29.666512 [debug] [Thread-4 (]: Writing injected SQL for node "model.olist_pipeline.stg_order_payments"
[0m13:49:29.673204 [debug] [Thread-3 (]: Using snowflake connection "model.olist_pipeline.stg_order_items"
[0m13:49:29.675774 [debug] [Thread-3 (]: On model.olist_pipeline.stg_order_items: create or replace   view PROJETO_OLIST_DB.ANALYTICS.stg_order_items
  
  
  
  
  as (
    with source as (
    select * from PROJETO_OLIST_DB.RAW.order_items
)

select
    order_id,
    order_item_id,
    product_id,
    seller_id,
    shipping_limit_date,
    price,
    freight_value
from source
  )
/* {"app": "dbt", "dbt_version": "1.12.0", "profile_name": "olist_pipeline", "target_name": "dev", "node_id": "model.olist_pipeline.stg_order_items"} */;
[0m13:49:29.690516 [debug] [Thread-4 (]: Began executing node model.olist_pipeline.stg_order_payments
[0m13:49:29.698434 [debug] [Thread-4 (]: Writing runtime sql for node "model.olist_pipeline.stg_order_payments"
[0m13:49:29.724537 [debug] [Thread-4 (]: Using snowflake connection "model.olist_pipeline.stg_order_payments"
[0m13:49:29.726360 [debug] [Thread-4 (]: On model.olist_pipeline.stg_order_payments: create or replace   view PROJETO_OLIST_DB.ANALYTICS.stg_order_payments
  
  
  
  
  as (
    with source as (
    select * from PROJETO_OLIST_DB.RAW.order_payments
)

select
    order_id,
    payment_sequential,
    payment_type,
    payment_installments,
    payment_value
from source
  )
/* {"app": "dbt", "dbt_version": "1.12.0", "profile_name": "olist_pipeline", "target_name": "dev", "node_id": "model.olist_pipeline.stg_order_payments"} */;
[0m13:49:29.743366 [debug] [Thread-5 (]: SQL status: SUCCESS 1 in 1.752 seconds
[0m13:49:29.749807 [debug] [Thread-5 (]: Sending event: {'category': 'dbt', 'action': 'run_model', 'label': 'b535fa75-b311-40aa-ba87-6824035361c2', 'context': [<snowplow_tracker.self_describing_json.SelfDescribingJson object at 0x73714f83d490>]}
[0m13:49:29.752681 [info ] [Thread-5 (]: 4 of 23 OK created sql view model ANALYTICS.stg_geolocation .................... [[32mSUCCESS 1[0m in 2.04s]
[0m13:49:29.755884 [debug] [Thread-5 (]: Finished running node model.olist_pipeline.stg_geolocation
[0m13:49:29.757634 [debug] [Thread-5 (]: Began running node model.olist_pipeline.stg_order_reviews
[0m13:49:29.759682 [info ] [Thread-5 (]: 8 of 23 START sql view model ANALYTICS.stg_order_reviews ....................... [RUN]
[0m13:49:29.762180 [debug] [Thread-5 (]: Re-using an available connection from the pool (formerly model.olist_pipeline.stg_geolocation, now model.olist_pipeline.stg_order_reviews)
[0m13:49:29.763930 [debug] [Thread-5 (]: Began compiling node model.olist_pipeline.stg_order_reviews
[0m13:49:29.767587 [debug] [Thread-5 (]: Writing injected SQL for node "model.olist_pipeline.stg_order_reviews"
[0m13:49:29.798132 [debug] [Thread-5 (]: Began executing node model.olist_pipeline.stg_order_reviews
[0m13:49:29.810899 [debug] [Thread-5 (]: Writing runtime sql for node "model.olist_pipeline.stg_order_reviews"
[0m13:49:29.830261 [debug] [Thread-5 (]: Using snowflake connection "model.olist_pipeline.stg_order_reviews"
[0m13:49:29.832844 [debug] [Thread-5 (]: On model.olist_pipeline.stg_order_reviews: create or replace   view PROJETO_OLIST_DB.ANALYTICS.stg_order_reviews
  
  
  
  
  as (
    with source as (
    select * from PROJETO_OLIST_DB.RAW.order_reviews
)

select
    review_id,
    order_id,
    review_score,
    review_comment_title,
    review_comment_message,
    review_creation_date,
    review_answer_timestamp,
    case
        when review_score >= 4 then 'positive'
        when review_score <= 2 then 'negative'
        else 'neutral'
    end as sentiment_label
from source
  )
/* {"app": "dbt", "dbt_version": "1.12.0", "profile_name": "olist_pipeline", "target_name": "dev", "node_id": "model.olist_pipeline.stg_order_reviews"} */;
[0m13:49:30.107355 [debug] [Thread-2 (]: SQL status: SUCCESS 1 in 0.543 seconds
[0m13:49:30.113198 [debug] [Thread-2 (]: Sending event: {'category': 'dbt', 'action': 'run_model', 'label': 'b535fa75-b311-40aa-ba87-6824035361c2', 'context': [<snowplow_tracker.self_describing_json.SelfDescribingJson object at 0x73714da78510>]}
[0m13:49:30.115844 [info ] [Thread-2 (]: 5 of 23 OK created sql view model ANALYTICS.stg_ml_predictions ................. [[32mSUCCESS 1[0m in 0.64s]
[0m13:49:30.118679 [debug] [Thread-2 (]: Finished running node model.olist_pipeline.stg_ml_predictions
[0m13:49:30.122828 [debug] [Thread-2 (]: Began running node model.olist_pipeline.stg_orders
[0m13:49:30.125389 [info ] [Thread-2 (]: 9 of 23 START sql view model ANALYTICS.stg_orders .............................. [RUN]
[0m13:49:30.127518 [debug] [Thread-2 (]: Re-using an available connection from the pool (formerly model.olist_pipeline.stg_ml_predictions, now model.olist_pipeline.stg_orders)
[0m13:49:30.129431 [debug] [Thread-2 (]: Began compiling node model.olist_pipeline.stg_orders
[0m13:49:30.133671 [debug] [Thread-2 (]: Writing injected SQL for node "model.olist_pipeline.stg_orders"
[0m13:49:30.150801 [debug] [Thread-2 (]: Began executing node model.olist_pipeline.stg_orders
[0m13:49:30.154638 [debug] [Thread-3 (]: SQL status: SUCCESS 1 in 0.476 seconds
[0m13:49:30.161925 [debug] [Thread-2 (]: Writing runtime sql for node "model.olist_pipeline.stg_orders"
[0m13:49:30.169202 [debug] [Thread-3 (]: Sending event: {'category': 'dbt', 'action': 'run_model', 'label': 'b535fa75-b311-40aa-ba87-6824035361c2', 'context': [<snowplow_tracker.self_describing_json.SelfDescribingJson object at 0x73714da7c1d0>]}
[0m13:49:30.174042 [info ] [Thread-3 (]: 6 of 23 OK created sql view model ANALYTICS.stg_order_items .................... [[32mSUCCESS 1[0m in 0.59s]
[0m13:49:30.176579 [debug] [Thread-3 (]: Finished running node model.olist_pipeline.stg_order_items
[0m13:49:30.178435 [debug] [Thread-3 (]: Began running node model.olist_pipeline.stg_products
[0m13:49:30.180870 [info ] [Thread-3 (]: 10 of 23 START sql view model ANALYTICS.stg_products ........................... [RUN]
[0m13:49:30.183382 [debug] [Thread-3 (]: Re-using an available connection from the pool (formerly model.olist_pipeline.stg_order_items, now model.olist_pipeline.stg_products)
[0m13:49:30.187814 [debug] [Thread-3 (]: Began compiling node model.olist_pipeline.stg_products
[0m13:49:30.190002 [debug] [Thread-2 (]: Using snowflake connection "model.olist_pipeline.stg_orders"
[0m13:49:30.198239 [debug] [Thread-3 (]: Writing injected SQL for node "model.olist_pipeline.stg_products"
[0m13:49:30.200596 [debug] [Thread-2 (]: On model.olist_pipeline.stg_orders: create or replace   view PROJETO_OLIST_DB.ANALYTICS.stg_orders
  
  
  
  
  as (
    with source as (
    select * from PROJETO_OLIST_DB.RAW.orders
)

select
    order_id,
    customer_id,
    order_status,
    order_purchase_timestamp,
    order_approved_at,
    order_delivered_carrier_date,
    order_delivered_customer_date,
    order_estimated_delivery_date
from source
  )
/* {"app": "dbt", "dbt_version": "1.12.0", "profile_name": "olist_pipeline", "target_name": "dev", "node_id": "model.olist_pipeline.stg_orders"} */;
[0m13:49:30.219600 [debug] [Thread-3 (]: Began executing node model.olist_pipeline.stg_products
[0m13:49:30.224497 [debug] [Thread-3 (]: Writing runtime sql for node "model.olist_pipeline.stg_products"
[0m13:49:30.243306 [debug] [Thread-3 (]: Using snowflake connection "model.olist_pipeline.stg_products"
[0m13:49:30.245208 [debug] [Thread-3 (]: On model.olist_pipeline.stg_products: create or replace   view PROJETO_OLIST_DB.ANALYTICS.stg_products
  
  
  
  
  as (
    with source as (
    select * from PROJETO_OLIST_DB.RAW.products
)

select
    product_id,
    product_category_name,
    product_name_lenght,
    product_description_lenght,
    product_photos_qty,
    product_weight_g,
    product_length_cm,
    product_height_cm,
    product_width_cm
from source
  )
/* {"app": "dbt", "dbt_version": "1.12.0", "profile_name": "olist_pipeline", "target_name": "dev", "node_id": "model.olist_pipeline.stg_products"} */;
[0m13:49:30.254722 [debug] [Thread-4 (]: SQL status: SUCCESS 1 in 0.527 seconds
[0m13:49:30.261907 [debug] [Thread-4 (]: Sending event: {'category': 'dbt', 'action': 'run_model', 'label': 'b535fa75-b311-40aa-ba87-6824035361c2', 'context': [<snowplow_tracker.self_describing_json.SelfDescribingJson object at 0x73714daa0850>]}
[0m13:49:30.265105 [info ] [Thread-4 (]: 7 of 23 OK created sql view model ANALYTICS.stg_order_payments ................. [[32mSUCCESS 1[0m in 0.61s]
[0m13:49:30.273301 [debug] [Thread-4 (]: Finished running node model.olist_pipeline.stg_order_payments
[0m13:49:30.275578 [debug] [Thread-4 (]: Began running node model.olist_pipeline.stg_sellers
[0m13:49:30.277888 [info ] [Thread-4 (]: 11 of 23 START sql view model ANALYTICS.stg_sellers ............................ [RUN]
[0m13:49:30.280243 [debug] [Thread-4 (]: Re-using an available connection from the pool (formerly model.olist_pipeline.stg_order_payments, now model.olist_pipeline.stg_sellers)
[0m13:49:30.282333 [debug] [Thread-4 (]: Began compiling node model.olist_pipeline.stg_sellers
[0m13:49:30.288376 [debug] [Thread-4 (]: Writing injected SQL for node "model.olist_pipeline.stg_sellers"
[0m13:49:30.306047 [debug] [Thread-4 (]: Began executing node model.olist_pipeline.stg_sellers
[0m13:49:30.311162 [debug] [Thread-4 (]: Writing runtime sql for node "model.olist_pipeline.stg_sellers"
[0m13:49:30.313997 [debug] [Thread-5 (]: SQL status: SUCCESS 1 in 0.479 seconds
[0m13:49:30.323464 [debug] [Thread-5 (]: Sending event: {'category': 'dbt', 'action': 'run_model', 'label': 'b535fa75-b311-40aa-ba87-6824035361c2', 'context': [<snowplow_tracker.self_describing_json.SelfDescribingJson object at 0x73714f695750>]}
[0m13:49:30.326961 [info ] [Thread-5 (]: 8 of 23 OK created sql view model ANALYTICS.stg_order_reviews .................. [[32mSUCCESS 1[0m in 0.56s]
[0m13:49:30.331181 [debug] [Thread-5 (]: Finished running node model.olist_pipeline.stg_order_reviews
[0m13:49:30.339085 [debug] [Thread-5 (]: Began running node model.olist_pipeline.dim_customers
[0m13:49:30.341609 [debug] [Thread-4 (]: Using snowflake connection "model.olist_pipeline.stg_sellers"
[0m13:49:30.344210 [info ] [Thread-5 (]: 12 of 23 START sql table model ANALYTICS.dim_customers ......................... [RUN]
[0m13:49:30.346909 [debug] [Thread-4 (]: On model.olist_pipeline.stg_sellers: create or replace   view PROJETO_OLIST_DB.ANALYTICS.stg_sellers
  
  
  
  
  as (
    with source as (
    select * from PROJETO_OLIST_DB.RAW.sellers
)

select
    seller_id,
    seller_zip_code_prefix as zip_code_prefix,
    seller_city as city,
    seller_state as state
from source
  )
/* {"app": "dbt", "dbt_version": "1.12.0", "profile_name": "olist_pipeline", "target_name": "dev", "node_id": "model.olist_pipeline.stg_sellers"} */;
[0m13:49:30.349622 [debug] [Thread-5 (]: Re-using an available connection from the pool (formerly model.olist_pipeline.stg_order_reviews, now model.olist_pipeline.dim_customers)
[0m13:49:30.356433 [debug] [Thread-5 (]: Began compiling node model.olist_pipeline.dim_customers
[0m13:49:30.362634 [debug] [Thread-5 (]: Writing injected SQL for node "model.olist_pipeline.dim_customers"
[0m13:49:30.382043 [debug] [Thread-5 (]: Began executing node model.olist_pipeline.dim_customers
[0m13:49:30.387939 [debug] [Thread-5 (]: Writing runtime sql for node "model.olist_pipeline.dim_customers"
[0m13:49:30.406707 [debug] [Thread-5 (]: Using snowflake connection "model.olist_pipeline.dim_customers"
[0m13:49:30.408741 [debug] [Thread-5 (]: On model.olist_pipeline.dim_customers: create or replace transient table PROJETO_OLIST_DB.ANALYTICS.dim_customers
    
    
    
    
    

    as (with customers as (
    select * from PROJETO_OLIST_DB.ANALYTICS.stg_customers
)

select
    md5(cast(coalesce(cast(customer_id as TEXT), '_dbt_utils_surrogate_key_null_') as TEXT)) as customer_key,
    customer_id,
    customer_unique_id,
    customer_zip_code_prefix as zip_code_prefix,
    customer_city as city,
    customer_state as state
from customers
    )

/* {"app": "dbt", "dbt_version": "1.12.0", "profile_name": "olist_pipeline", "target_name": "dev", "node_id": "model.olist_pipeline.dim_customers"} */;
[0m13:49:30.774879 [debug] [Thread-3 (]: SQL status: SUCCESS 1 in 0.528 seconds
[0m13:49:30.782608 [debug] [Thread-3 (]: Sending event: {'category': 'dbt', 'action': 'run_model', 'label': 'b535fa75-b311-40aa-ba87-6824035361c2', 'context': [<snowplow_tracker.self_describing_json.SelfDescribingJson object at 0x73714f678110>]}
[0m13:49:30.789235 [info ] [Thread-3 (]: 10 of 23 OK created sql view model ANALYTICS.stg_products ...................... [[32mSUCCESS 1[0m in 0.60s]
[0m13:49:30.792337 [debug] [Thread-3 (]: Finished running node model.olist_pipeline.stg_products
[0m13:49:30.794267 [debug] [Thread-3 (]: Began running node model.olist_pipeline.dim_geolocation
[0m13:49:30.796175 [info ] [Thread-3 (]: 13 of 23 START sql table model ANALYTICS.dim_geolocation ....................... [RUN]
[0m13:49:30.798547 [debug] [Thread-3 (]: Re-using an available connection from the pool (formerly model.olist_pipeline.stg_products, now model.olist_pipeline.dim_geolocation)
[0m13:49:30.800438 [debug] [Thread-3 (]: Began compiling node model.olist_pipeline.dim_geolocation
[0m13:49:30.806677 [debug] [Thread-3 (]: Writing injected SQL for node "model.olist_pipeline.dim_geolocation"
[0m13:49:30.823578 [debug] [Thread-3 (]: Began executing node model.olist_pipeline.dim_geolocation
[0m13:49:30.828274 [debug] [Thread-3 (]: Writing runtime sql for node "model.olist_pipeline.dim_geolocation"
[0m13:49:30.843374 [debug] [Thread-4 (]: SQL status: SUCCESS 1 in 0.490 seconds
[0m13:49:30.854371 [debug] [Thread-4 (]: Sending event: {'category': 'dbt', 'action': 'run_model', 'label': 'b535fa75-b311-40aa-ba87-6824035361c2', 'context': [<snowplow_tracker.self_describing_json.SelfDescribingJson object at 0x73714daab110>]}
[0m13:49:30.860237 [info ] [Thread-4 (]: 11 of 23 OK created sql view model ANALYTICS.stg_sellers ....................... [[32mSUCCESS 1[0m in 0.57s]
[0m13:49:30.863125 [debug] [Thread-3 (]: Using snowflake connection "model.olist_pipeline.dim_geolocation"
[0m13:49:30.866402 [debug] [Thread-4 (]: Finished running node model.olist_pipeline.stg_sellers
[0m13:49:30.870026 [debug] [Thread-3 (]: On model.olist_pipeline.dim_geolocation: create or replace transient table PROJETO_OLIST_DB.ANALYTICS.dim_geolocation
    
    
    
    
    

    as (-- Agrega a granularidade original de raw.geolocation (várias lat/lng por prefixo de CEP,
-- vindas de GPS de usuários distintos) para uma linha por zip_code_prefix - grão necessário
-- para servir de dimensão de localização de clientes/vendedores em mart_late_delivery_features.

with geolocation as (
    select * from PROJETO_OLIST_DB.ANALYTICS.stg_geolocation
)

select
    zip_code_prefix,
    avg(lat) as lat,
    avg(lng) as lng,
    mode(city) as city,
    mode(state) as state
from geolocation
group by zip_code_prefix
    )

/* {"app": "dbt", "dbt_version": "1.12.0", "profile_name": "olist_pipeline", "target_name": "dev", "node_id": "model.olist_pipeline.dim_geolocation"} */;
[0m13:49:30.874151 [debug] [Thread-4 (]: Began running node model.olist_pipeline.fact_payments
[0m13:49:30.881031 [info ] [Thread-4 (]: 14 of 23 START sql table model ANALYTICS.fact_payments ......................... [RUN]
[0m13:49:30.884421 [debug] [Thread-4 (]: Re-using an available connection from the pool (formerly model.olist_pipeline.stg_sellers, now model.olist_pipeline.fact_payments)
[0m13:49:30.887673 [debug] [Thread-4 (]: Began compiling node model.olist_pipeline.fact_payments
[0m13:49:30.897023 [debug] [Thread-4 (]: Writing injected SQL for node "model.olist_pipeline.fact_payments"
[0m13:49:30.936613 [debug] [Thread-4 (]: Began executing node model.olist_pipeline.fact_payments
[0m13:49:30.943178 [debug] [Thread-4 (]: Writing runtime sql for node "model.olist_pipeline.fact_payments"
[0m13:49:30.977654 [debug] [Thread-4 (]: Using snowflake connection "model.olist_pipeline.fact_payments"
[0m13:49:30.980188 [debug] [Thread-4 (]: On model.olist_pipeline.fact_payments: create or replace transient table PROJETO_OLIST_DB.ANALYTICS.fact_payments
    
    
    
    
    

    as (with payments as (
    select * from PROJETO_OLIST_DB.ANALYTICS.stg_order_payments
)

select
    md5(cast(coalesce(cast(order_id as TEXT), '_dbt_utils_surrogate_key_null_') || '-' || coalesce(cast(payment_sequential as TEXT), '_dbt_utils_surrogate_key_null_') as TEXT)) as payment_key,
    order_id,
    payment_sequential,
    payment_type,
    payment_installments,
    payment_value
from payments
    )

/* {"app": "dbt", "dbt_version": "1.12.0", "profile_name": "olist_pipeline", "target_name": "dev", "node_id": "model.olist_pipeline.fact_payments"} */;
[0m13:49:31.081713 [debug] [Thread-2 (]: SQL status: SUCCESS 1 in 0.876 seconds
[0m13:49:31.094579 [debug] [Thread-2 (]: Sending event: {'category': 'dbt', 'action': 'run_model', 'label': 'b535fa75-b311-40aa-ba87-6824035361c2', 'context': [<snowplow_tracker.self_describing_json.SelfDescribingJson object at 0x73714f66ead0>]}
[0m13:49:31.098176 [info ] [Thread-2 (]: 9 of 23 OK created sql view model ANALYTICS.stg_orders ......................... [[32mSUCCESS 1[0m in 0.97s]
[0m13:49:31.103044 [debug] [Thread-2 (]: Finished running node model.olist_pipeline.stg_orders
[0m13:49:31.106110 [debug] [Thread-2 (]: Began running node model.olist_pipeline.dim_products
[0m13:49:31.109228 [info ] [Thread-2 (]: 15 of 23 START sql table model ANALYTICS.dim_products .......................... [RUN]
[0m13:49:31.111894 [debug] [Thread-2 (]: Re-using an available connection from the pool (formerly model.olist_pipeline.stg_orders, now model.olist_pipeline.dim_products)
[0m13:49:31.113816 [debug] [Thread-2 (]: Began compiling node model.olist_pipeline.dim_products
[0m13:49:31.122925 [debug] [Thread-2 (]: Writing injected SQL for node "model.olist_pipeline.dim_products"
[0m13:49:31.148104 [debug] [Thread-2 (]: Began executing node model.olist_pipeline.dim_products
[0m13:49:31.156887 [debug] [Thread-2 (]: Writing runtime sql for node "model.olist_pipeline.dim_products"
[0m13:49:31.178166 [debug] [Thread-2 (]: Using snowflake connection "model.olist_pipeline.dim_products"
[0m13:49:31.180538 [debug] [Thread-2 (]: On model.olist_pipeline.dim_products: create or replace transient table PROJETO_OLIST_DB.ANALYTICS.dim_products
    
    
    
    
    

    as (with products as (
    select * from PROJETO_OLIST_DB.ANALYTICS.stg_products
),

category_translation as (
    select * from PROJETO_OLIST_DB.ANALYTICS.stg_category_translation
)

select
    md5(cast(coalesce(cast(products.product_id as TEXT), '_dbt_utils_surrogate_key_null_') as TEXT)) as product_key,
    products.product_id,
    products.product_category_name as category_name,
    coalesce(category_translation.product_category_name_english, products.product_category_name)
        as category_name_english,
    products.product_name_lenght,
    products.product_description_lenght,
    products.product_photos_qty,
    products.product_weight_g,
    products.product_length_cm,
    products.product_height_cm,
    products.product_width_cm,
    products.product_length_cm * products.product_height_cm * products.product_width_cm
        as product_volume_cm3
from products
left join category_translation
    on products.product_category_name = category_translation.product_category_name
    )

/* {"app": "dbt", "dbt_version": "1.12.0", "profile_name": "olist_pipeline", "target_name": "dev", "node_id": "model.olist_pipeline.dim_products"} */;
[0m13:49:31.990277 [debug] [Thread-5 (]: SQL status: SUCCESS 99441 in 1.579 seconds
[0m13:49:31.994574 [debug] [Thread-5 (]: Sending event: {'category': 'dbt', 'action': 'run_model', 'label': 'b535fa75-b311-40aa-ba87-6824035361c2', 'context': [<snowplow_tracker.self_describing_json.SelfDescribingJson object at 0x73714da60510>]}
[0m13:49:31.997033 [info ] [Thread-5 (]: 12 of 23 OK created sql table model ANALYTICS.dim_customers .................... [[32mSUCCESS 99441[0m in 1.65s]
[0m13:49:31.999623 [debug] [Thread-5 (]: Finished running node model.olist_pipeline.dim_customers
[0m13:49:32.002201 [debug] [Thread-5 (]: Began running node model.olist_pipeline.dim_sellers
[0m13:49:32.003850 [info ] [Thread-5 (]: 16 of 23 START sql table model ANALYTICS.dim_sellers ........................... [RUN]
[0m13:49:32.005778 [debug] [Thread-5 (]: Re-using an available connection from the pool (formerly model.olist_pipeline.dim_customers, now model.olist_pipeline.dim_sellers)
[0m13:49:32.007688 [debug] [Thread-5 (]: Began compiling node model.olist_pipeline.dim_sellers
[0m13:49:32.014023 [debug] [Thread-5 (]: Writing injected SQL for node "model.olist_pipeline.dim_sellers"
[0m13:49:32.031285 [debug] [Thread-5 (]: Began executing node model.olist_pipeline.dim_sellers
[0m13:49:32.037027 [debug] [Thread-5 (]: Writing runtime sql for node "model.olist_pipeline.dim_sellers"
[0m13:49:32.049657 [debug] [Thread-5 (]: Using snowflake connection "model.olist_pipeline.dim_sellers"
[0m13:49:32.051696 [debug] [Thread-5 (]: On model.olist_pipeline.dim_sellers: create or replace transient table PROJETO_OLIST_DB.ANALYTICS.dim_sellers
    
    
    
    
    

    as (with sellers as (
    select * from PROJETO_OLIST_DB.ANALYTICS.stg_sellers
)

select
    md5(cast(coalesce(cast(seller_id as TEXT), '_dbt_utils_surrogate_key_null_') as TEXT)) as seller_key,
    seller_id,
    zip_code_prefix,
    city,
    state
from sellers
    )

/* {"app": "dbt", "dbt_version": "1.12.0", "profile_name": "olist_pipeline", "target_name": "dev", "node_id": "model.olist_pipeline.dim_sellers"} */;
[0m13:49:32.134903 [debug] [Thread-3 (]: SQL status: SUCCESS 19015 in 1.257 seconds
[0m13:49:32.143213 [debug] [Thread-3 (]: Sending event: {'category': 'dbt', 'action': 'run_model', 'label': 'b535fa75-b311-40aa-ba87-6824035361c2', 'context': [<snowplow_tracker.self_describing_json.SelfDescribingJson object at 0x73714da75710>]}
[0m13:49:32.147631 [info ] [Thread-3 (]: 13 of 23 OK created sql table model ANALYTICS.dim_geolocation .................. [[32mSUCCESS 19015[0m in 1.34s]
[0m13:49:32.153297 [debug] [Thread-3 (]: Finished running node model.olist_pipeline.dim_geolocation
[0m13:49:32.156204 [debug] [Thread-3 (]: Began running node model.olist_pipeline.fact_orders
[0m13:49:32.160971 [info ] [Thread-3 (]: 17 of 23 START sql table model ANALYTICS.fact_orders ........................... [RUN]
[0m13:49:32.164992 [debug] [Thread-3 (]: Re-using an available connection from the pool (formerly model.olist_pipeline.dim_geolocation, now model.olist_pipeline.fact_orders)
[0m13:49:32.170602 [debug] [Thread-3 (]: Began compiling node model.olist_pipeline.fact_orders
[0m13:49:32.186111 [debug] [Thread-3 (]: Writing injected SQL for node "model.olist_pipeline.fact_orders"
[0m13:49:32.215861 [debug] [Thread-3 (]: Began executing node model.olist_pipeline.fact_orders
[0m13:49:32.224571 [debug] [Thread-3 (]: Writing runtime sql for node "model.olist_pipeline.fact_orders"
[0m13:49:32.247425 [debug] [Thread-3 (]: Using snowflake connection "model.olist_pipeline.fact_orders"
[0m13:49:32.252406 [debug] [Thread-3 (]: On model.olist_pipeline.fact_orders: create or replace transient table PROJETO_OLIST_DB.ANALYTICS.fact_orders
    
    
    
    
    

    as (with orders as (
    select * from PROJETO_OLIST_DB.ANALYTICS.stg_orders
),

customers as (
    select customer_id, customer_key from PROJETO_OLIST_DB.ANALYTICS.dim_customers
)

select
    md5(cast(coalesce(cast(orders.order_id as TEXT), '_dbt_utils_surrogate_key_null_') as TEXT)) as order_key,
    orders.order_id,
    customers.customer_key,
    orders.order_status,
    orders.order_purchase_timestamp,
    orders.order_approved_at,
    orders.order_delivered_carrier_date,
    orders.order_delivered_customer_date,
    orders.order_estimated_delivery_date,
    case
        when orders.order_delivered_customer_date is not null
            and orders.order_estimated_delivery_date is not null
        then orders.order_delivered_customer_date > orders.order_estimated_delivery_date
    end as is_late,
    datediff('day', orders.order_purchase_timestamp, orders.order_delivered_customer_date)
        as delivery_days,
    datediff('day', orders.order_purchase_timestamp, orders.order_estimated_delivery_date)
        as estimated_delivery_days,
    datediff('hour', orders.order_purchase_timestamp, orders.order_approved_at)
        as approval_delay_hours
from orders
left join customers on orders.customer_id = customers.customer_id
    )

/* {"app": "dbt", "dbt_version": "1.12.0", "profile_name": "olist_pipeline", "target_name": "dev", "node_id": "model.olist_pipeline.fact_orders"} */;
[0m13:49:32.429262 [debug] [Thread-4 (]: SQL status: SUCCESS 103886 in 1.446 seconds
[0m13:49:32.437137 [debug] [Thread-4 (]: Sending event: {'category': 'dbt', 'action': 'run_model', 'label': 'b535fa75-b311-40aa-ba87-6824035361c2', 'context': [<snowplow_tracker.self_describing_json.SelfDescribingJson object at 0x73714da84590>]}
[0m13:49:32.440666 [info ] [Thread-4 (]: 14 of 23 OK created sql table model ANALYTICS.fact_payments .................... [[32mSUCCESS 103886[0m in 1.55s]
[0m13:49:32.443815 [debug] [Thread-4 (]: Finished running node model.olist_pipeline.fact_payments
[0m13:49:32.485735 [debug] [Thread-2 (]: SQL status: SUCCESS 32951 in 1.303 seconds
[0m13:49:32.494518 [debug] [Thread-2 (]: Sending event: {'category': 'dbt', 'action': 'run_model', 'label': 'b535fa75-b311-40aa-ba87-6824035361c2', 'context': [<snowplow_tracker.self_describing_json.SelfDescribingJson object at 0x73714da86b50>]}
[0m13:49:32.500966 [info ] [Thread-2 (]: 15 of 23 OK created sql table model ANALYTICS.dim_products ..................... [[32mSUCCESS 32951[0m in 1.38s]
[0m13:49:32.504914 [debug] [Thread-2 (]: Finished running node model.olist_pipeline.dim_products
[0m13:49:33.065073 [debug] [Thread-5 (]: SQL status: SUCCESS 3095 in 1.011 seconds
[0m13:49:33.070391 [debug] [Thread-5 (]: Sending event: {'category': 'dbt', 'action': 'run_model', 'label': 'b535fa75-b311-40aa-ba87-6824035361c2', 'context': [<snowplow_tracker.self_describing_json.SelfDescribingJson object at 0x73714f856a50>]}
[0m13:49:33.072391 [info ] [Thread-5 (]: 16 of 23 OK created sql table model ANALYTICS.dim_sellers ...................... [[32mSUCCESS 3095[0m in 1.06s]
[0m13:49:33.074763 [debug] [Thread-5 (]: Finished running node model.olist_pipeline.dim_sellers
[0m13:49:33.077142 [debug] [Thread-4 (]: Began running node model.olist_pipeline.fact_order_items
[0m13:49:33.078838 [info ] [Thread-4 (]: 18 of 23 START sql table model ANALYTICS.fact_order_items ...................... [RUN]
[0m13:49:33.082261 [debug] [Thread-4 (]: Re-using an available connection from the pool (formerly model.olist_pipeline.fact_payments, now model.olist_pipeline.fact_order_items)
[0m13:49:33.084477 [debug] [Thread-4 (]: Began compiling node model.olist_pipeline.fact_order_items
[0m13:49:33.091320 [debug] [Thread-4 (]: Writing injected SQL for node "model.olist_pipeline.fact_order_items"
[0m13:49:33.115711 [debug] [Thread-4 (]: Began executing node model.olist_pipeline.fact_order_items
[0m13:49:33.122899 [debug] [Thread-4 (]: Writing runtime sql for node "model.olist_pipeline.fact_order_items"
[0m13:49:33.144728 [debug] [Thread-4 (]: Using snowflake connection "model.olist_pipeline.fact_order_items"
[0m13:49:33.147910 [debug] [Thread-4 (]: On model.olist_pipeline.fact_order_items: create or replace transient table PROJETO_OLIST_DB.ANALYTICS.fact_order_items
    
    
    
    
    

    as (with order_items as (
    select * from PROJETO_OLIST_DB.ANALYTICS.stg_order_items
),

products as (
    select product_id, product_key from PROJETO_OLIST_DB.ANALYTICS.dim_products
),

sellers as (
    select seller_id, seller_key from PROJETO_OLIST_DB.ANALYTICS.dim_sellers
)

select
    md5(cast(coalesce(cast(order_items.order_id as TEXT), '_dbt_utils_surrogate_key_null_') || '-' || coalesce(cast(order_items.order_item_id as TEXT), '_dbt_utils_surrogate_key_null_') as TEXT))
        as order_item_key,
    order_items.order_id,
    order_items.order_item_id,
    products.product_key,
    sellers.seller_key,
    order_items.shipping_limit_date,
    order_items.price,
    order_items.freight_value
from order_items
left join products on order_items.product_id = products.product_id
left join sellers on order_items.seller_id = sellers.seller_id
    )

/* {"app": "dbt", "dbt_version": "1.12.0", "profile_name": "olist_pipeline", "target_name": "dev", "node_id": "model.olist_pipeline.fact_order_items"} */;
[0m13:49:35.110516 [debug] [Thread-3 (]: SQL status: SUCCESS 99441 in 2.856 seconds
[0m13:49:35.115626 [debug] [Thread-3 (]: Sending event: {'category': 'dbt', 'action': 'run_model', 'label': 'b535fa75-b311-40aa-ba87-6824035361c2', 'context': [<snowplow_tracker.self_describing_json.SelfDescribingJson object at 0x73714da66110>]}
[0m13:49:35.118048 [info ] [Thread-3 (]: 17 of 23 OK created sql table model ANALYTICS.fact_orders ...................... [[32mSUCCESS 99441[0m in 2.95s]
[0m13:49:35.120932 [debug] [Thread-3 (]: Finished running node model.olist_pipeline.fact_orders
[0m13:49:35.123793 [debug] [Thread-5 (]: Began running node model.olist_pipeline.fact_reviews
[0m13:49:35.125240 [debug] [Thread-2 (]: Began running node model.olist_pipeline.mart_delivery_kpis
[0m13:49:35.126085 [debug] [Thread-3 (]: Began running node model.olist_pipeline.mart_ml_results
[0m13:49:35.127777 [info ] [Thread-5 (]: 19 of 23 START sql table model ANALYTICS.fact_reviews .......................... [RUN]
[0m13:49:35.130508 [info ] [Thread-2 (]: 20 of 23 START sql table model ANALYTICS.mart_delivery_kpis .................... [RUN]
[0m13:49:35.133378 [info ] [Thread-3 (]: 21 of 23 START sql table model ANALYTICS.mart_ml_results ....................... [RUN]
[0m13:49:35.135596 [debug] [Thread-5 (]: Re-using an available connection from the pool (formerly model.olist_pipeline.dim_sellers, now model.olist_pipeline.fact_reviews)
[0m13:49:35.137766 [debug] [Thread-2 (]: Re-using an available connection from the pool (formerly model.olist_pipeline.dim_products, now model.olist_pipeline.mart_delivery_kpis)
[0m13:49:35.139306 [debug] [Thread-3 (]: Re-using an available connection from the pool (formerly model.olist_pipeline.fact_orders, now model.olist_pipeline.mart_ml_results)
[0m13:49:35.141317 [debug] [Thread-5 (]: Began compiling node model.olist_pipeline.fact_reviews
[0m13:49:35.142932 [debug] [Thread-2 (]: Began compiling node model.olist_pipeline.mart_delivery_kpis
[0m13:49:35.144611 [debug] [Thread-3 (]: Began compiling node model.olist_pipeline.mart_ml_results
[0m13:49:35.154200 [debug] [Thread-5 (]: Writing injected SQL for node "model.olist_pipeline.fact_reviews"
[0m13:49:35.157946 [debug] [Thread-2 (]: Writing injected SQL for node "model.olist_pipeline.mart_delivery_kpis"
[0m13:49:35.163376 [debug] [Thread-3 (]: Writing injected SQL for node "model.olist_pipeline.mart_ml_results"
[0m13:49:35.175150 [debug] [Thread-5 (]: Began executing node model.olist_pipeline.fact_reviews
[0m13:49:35.176310 [debug] [Thread-3 (]: Began executing node model.olist_pipeline.mart_ml_results
[0m13:49:35.180800 [debug] [Thread-5 (]: Writing runtime sql for node "model.olist_pipeline.fact_reviews"
[0m13:49:35.181386 [debug] [Thread-2 (]: Began executing node model.olist_pipeline.mart_delivery_kpis
[0m13:49:35.184579 [debug] [Thread-3 (]: Writing runtime sql for node "model.olist_pipeline.mart_ml_results"
[0m13:49:35.190274 [debug] [Thread-2 (]: Writing runtime sql for node "model.olist_pipeline.mart_delivery_kpis"
[0m13:49:35.198470 [debug] [Thread-5 (]: Using snowflake connection "model.olist_pipeline.fact_reviews"
[0m13:49:35.199966 [debug] [Thread-5 (]: On model.olist_pipeline.fact_reviews: create or replace transient table PROJETO_OLIST_DB.ANALYTICS.fact_reviews
    
    
    
    
    

    as (with reviews as (
    select * from PROJETO_OLIST_DB.ANALYTICS.stg_order_reviews
),

orders as (
    select order_id, order_key from PROJETO_OLIST_DB.ANALYTICS.fact_orders
)

select
    md5(cast(coalesce(cast(reviews.review_id as TEXT), '_dbt_utils_surrogate_key_null_') as TEXT)) as review_key,
    reviews.review_id,
    reviews.order_id,
    orders.order_key,
    reviews.review_score,
    reviews.review_comment_title,
    reviews.review_comment_message,
    reviews.sentiment_label,
    reviews.review_creation_date,
    reviews.review_answer_timestamp
from reviews
left join orders on reviews.order_id = orders.order_id
    )

/* {"app": "dbt", "dbt_version": "1.12.0", "profile_name": "olist_pipeline", "target_name": "dev", "node_id": "model.olist_pipeline.fact_reviews"} */;
[0m13:49:35.206232 [debug] [Thread-3 (]: Using snowflake connection "model.olist_pipeline.mart_ml_results"
[0m13:49:35.209757 [debug] [Thread-3 (]: On model.olist_pipeline.mart_ml_results: create or replace transient table PROJETO_OLIST_DB.ANALYTICS.mart_ml_results
    
    
    
    
    

    as (-- Predições do conjunto de teste (hard-code vs. sklearn) prontas para o dashboard e para a
-- análise de acertos/erros pedida na avaliação qualitativa (docs/avaliacao.md).

with predictions as (
    select * from PROJETO_OLIST_DB.ANALYTICS.stg_ml_predictions
),

orders as (
    select * from PROJETO_OLIST_DB.ANALYTICS.fact_orders
),

customers as (
    select * from PROJETO_OLIST_DB.ANALYTICS.dim_customers
)

select
    predictions.order_id,
    predictions.true_label,
    predictions.predicted_label_hardcode,
    predictions.predicted_label_sklearn,
    predictions.model_version,
    predictions.predicted_at,
    (predictions.true_label = predictions.predicted_label_hardcode) as hardcode_correct,
    (predictions.true_label = predictions.predicted_label_sklearn) as sklearn_correct,
    customers.state as customer_state
from predictions
left join orders on predictions.order_id = orders.order_id
left join customers on orders.customer_key = customers.customer_key
    )

/* {"app": "dbt", "dbt_version": "1.12.0", "profile_name": "olist_pipeline", "target_name": "dev", "node_id": "model.olist_pipeline.mart_ml_results"} */;
[0m13:49:35.212114 [debug] [Thread-2 (]: Using snowflake connection "model.olist_pipeline.mart_delivery_kpis"
[0m13:49:35.216498 [debug] [Thread-2 (]: On model.olist_pipeline.mart_delivery_kpis: create or replace transient table PROJETO_OLIST_DB.ANALYTICS.mart_delivery_kpis
    
    
    
    
    

    as (-- Fatos agregados para o dashboard Metabase: % de pedidos atrasados e tempo médio de entrega
-- por estado do cliente - a mesma pergunta de negócio que orienta mart_late_delivery_features,
-- em formato pronto para visualização (ex.: priorizar intervenção logística por região).

with orders as (
    select * from PROJETO_OLIST_DB.ANALYTICS.fact_orders
),

customers as (
    select * from PROJETO_OLIST_DB.ANALYTICS.dim_customers
)

select
    customers.state as customer_state,
    count(*) as order_count,
    sum(case when orders.is_late then 1 else 0 end) as late_count,
    sum(case when orders.is_late then 1 else 0 end) / nullif(count(*), 0)::float as pct_late,
    avg(orders.delivery_days) as avg_delivery_days,
    avg(orders.estimated_delivery_days) as avg_estimated_delivery_days
from orders
left join customers on orders.customer_key = customers.customer_key
where orders.order_status = 'delivered'
    and orders.order_delivered_customer_date is not null
    and orders.order_estimated_delivery_date is not null
group by customers.state
    )

/* {"app": "dbt", "dbt_version": "1.12.0", "profile_name": "olist_pipeline", "target_name": "dev", "node_id": "model.olist_pipeline.mart_delivery_kpis"} */;
[0m13:49:36.131464 [debug] [Thread-3 (]: SQL status: SUCCESS 1 in 0.918 seconds
[0m13:49:36.139334 [debug] [Thread-3 (]: Sending event: {'category': 'dbt', 'action': 'run_model', 'label': 'b535fa75-b311-40aa-ba87-6824035361c2', 'context': [<snowplow_tracker.self_describing_json.SelfDescribingJson object at 0x73714da86ed0>]}
[0m13:49:36.142431 [info ] [Thread-3 (]: 21 of 23 OK created sql table model ANALYTICS.mart_ml_results .................. [[32mSUCCESS 1[0m in 1.00s]
[0m13:49:36.145056 [debug] [Thread-3 (]: Finished running node model.olist_pipeline.mart_ml_results
[0m13:49:36.358378 [debug] [Thread-2 (]: SQL status: SUCCESS 27 in 1.140 seconds
[0m13:49:36.363255 [debug] [Thread-2 (]: Sending event: {'category': 'dbt', 'action': 'run_model', 'label': 'b535fa75-b311-40aa-ba87-6824035361c2', 'context': [<snowplow_tracker.self_describing_json.SelfDescribingJson object at 0x73714c146cd0>]}
[0m13:49:36.365329 [info ] [Thread-2 (]: 20 of 23 OK created sql table model ANALYTICS.mart_delivery_kpis ............... [[32mSUCCESS 27[0m in 1.23s]
[0m13:49:36.368230 [debug] [Thread-2 (]: Finished running node model.olist_pipeline.mart_delivery_kpis
[0m13:49:36.440925 [debug] [Thread-4 (]: SQL status: SUCCESS 112650 in 3.290 seconds
[0m13:49:36.446551 [debug] [Thread-4 (]: Sending event: {'category': 'dbt', 'action': 'run_model', 'label': 'b535fa75-b311-40aa-ba87-6824035361c2', 'context': [<snowplow_tracker.self_describing_json.SelfDescribingJson object at 0x73714da85690>]}
[0m13:49:36.449085 [info ] [Thread-4 (]: 18 of 23 OK created sql table model ANALYTICS.fact_order_items ................. [[32mSUCCESS 112650[0m in 3.36s]
[0m13:49:36.451829 [debug] [Thread-4 (]: Finished running node model.olist_pipeline.fact_order_items
[0m13:49:36.455256 [debug] [Thread-3 (]: Began running node model.olist_pipeline.mart_late_delivery_features
[0m13:49:36.457166 [info ] [Thread-3 (]: 22 of 23 START sql table model ANALYTICS.mart_late_delivery_features ........... [RUN]
[0m13:49:36.459515 [debug] [Thread-3 (]: Re-using an available connection from the pool (formerly model.olist_pipeline.mart_ml_results, now model.olist_pipeline.mart_late_delivery_features)
[0m13:49:36.461652 [debug] [Thread-3 (]: Began compiling node model.olist_pipeline.mart_late_delivery_features
[0m13:49:36.468487 [debug] [Thread-3 (]: Writing injected SQL for node "model.olist_pipeline.mart_late_delivery_features"
[0m13:49:36.501471 [debug] [Thread-3 (]: Began executing node model.olist_pipeline.mart_late_delivery_features
[0m13:49:36.513462 [debug] [Thread-3 (]: Writing runtime sql for node "model.olist_pipeline.mart_late_delivery_features"
[0m13:49:36.560125 [debug] [Thread-3 (]: Using snowflake connection "model.olist_pipeline.mart_late_delivery_features"
[0m13:49:36.562208 [debug] [Thread-3 (]: On model.olist_pipeline.mart_late_delivery_features: create or replace transient table PROJETO_OLIST_DB.ANALYTICS.mart_late_delivery_features
    
    
    
    
    

    as (-- Tabela final para consumo pelo módulo de Machine Learning (machine-learning/data_prep.py):
-- uma linha por pedido entregue, com features estruturadas + o alvo is_late (atraso na entrega).
--
-- distance_km usa a função nativa HAVERSINE() do Snowflake entre o centróide de CEP do cliente
-- e do vendedor "primário" do pedido (o do primeiro item - simplificação documentada: pedidos
-- com vários vendedores/itens usam só a localização do primeiro item).

with orders as (
    select * from PROJETO_OLIST_DB.ANALYTICS.fact_orders
),

customers as (
    select * from PROJETO_OLIST_DB.ANALYTICS.dim_customers
),

items as (
    select * from PROJETO_OLIST_DB.ANALYTICS.fact_order_items
),

sellers as (
    select * from PROJETO_OLIST_DB.ANALYTICS.dim_sellers
),

products as (
    select * from PROJETO_OLIST_DB.ANALYTICS.dim_products
),

payments as (
    select * from PROJETO_OLIST_DB.ANALYTICS.fact_payments
),

geolocation as (
    select * from PROJETO_OLIST_DB.ANALYTICS.dim_geolocation
),

item_agg as (
    select
        items.order_id,
        count(*) as item_count,
        sum(items.price) as total_price,
        sum(items.freight_value) as total_freight,
        avg(products.product_weight_g) as avg_product_weight_g,
        avg(products.product_volume_cm3) as avg_product_volume_cm3
    from items
    left join products on items.product_key = products.product_key
    group by items.order_id
),

primary_seller as (
    select order_id, seller_key
    from items
    qualify row_number() over (partition by order_id order by order_item_id) = 1
),

payment_agg as (
    select
        order_id,
        max(payment_installments) as payment_installments_max,
        sum(payment_value) as payment_value_total
    from payments
    group by order_id
),

customer_geo as (
    select
        customers.customer_key,
        customers.state,
        geolocation.lat,
        geolocation.lng
    from customers
    left join geolocation on customers.zip_code_prefix = geolocation.zip_code_prefix
),

seller_geo as (
    select
        sellers.seller_key,
        sellers.state,
        geolocation.lat,
        geolocation.lng
    from sellers
    left join geolocation on sellers.zip_code_prefix = geolocation.zip_code_prefix
)

select
    orders.order_id,
    orders.is_late,
    item_agg.total_price,
    item_agg.total_freight,
    item_agg.item_count,
    item_agg.avg_product_weight_g,
    item_agg.avg_product_volume_cm3,
    payment_agg.payment_installments_max,
    payment_agg.payment_value_total,
    orders.approval_delay_hours,
    orders.estimated_delivery_days,
    dayofweek(orders.order_purchase_timestamp) as purchase_dow,
    month(orders.order_purchase_timestamp) as purchase_month,
    haversine(customer_geo.lat, customer_geo.lng, seller_geo.lat, seller_geo.lng) as distance_km,
    iff(customer_geo.state = seller_geo.state, 1, 0) as same_state_flag,
    customer_geo.state as customer_state,
    seller_geo.state as seller_state
from orders
inner join item_agg on orders.order_id = item_agg.order_id
left join payment_agg on orders.order_id = payment_agg.order_id
left join primary_seller on orders.order_id = primary_seller.order_id
left join seller_geo on primary_seller.seller_key = seller_geo.seller_key
left join customer_geo on orders.customer_key = customer_geo.customer_key
where orders.order_status = 'delivered'
    and orders.order_delivered_customer_date is not null
    and orders.order_estimated_delivery_date is not null
    )

/* {"app": "dbt", "dbt_version": "1.12.0", "profile_name": "olist_pipeline", "target_name": "dev", "node_id": "model.olist_pipeline.mart_late_delivery_features"} */;
[0m13:49:38.108013 [debug] [Thread-5 (]: SQL status: SUCCESS 99224 in 2.906 seconds
[0m13:49:38.114282 [debug] [Thread-5 (]: Sending event: {'category': 'dbt', 'action': 'run_model', 'label': 'b535fa75-b311-40aa-ba87-6824035361c2', 'context': [<snowplow_tracker.self_describing_json.SelfDescribingJson object at 0x73714c14f590>]}
[0m13:49:38.116594 [info ] [Thread-5 (]: 19 of 23 OK created sql table model ANALYTICS.fact_reviews ..................... [[32mSUCCESS 99224[0m in 2.98s]
[0m13:49:38.118850 [debug] [Thread-5 (]: Finished running node model.olist_pipeline.fact_reviews
[0m13:49:38.120364 [debug] [Thread-4 (]: Began running node model.olist_pipeline.mart_sentiment_kpis
[0m13:49:38.121689 [info ] [Thread-4 (]: 23 of 23 START sql table model ANALYTICS.mart_sentiment_kpis ................... [RUN]
[0m13:49:38.123185 [debug] [Thread-4 (]: Re-using an available connection from the pool (formerly model.olist_pipeline.fact_order_items, now model.olist_pipeline.mart_sentiment_kpis)
[0m13:49:38.124597 [debug] [Thread-4 (]: Began compiling node model.olist_pipeline.mart_sentiment_kpis
[0m13:49:38.129414 [debug] [Thread-4 (]: Writing injected SQL for node "model.olist_pipeline.mart_sentiment_kpis"
[0m13:49:38.145047 [debug] [Thread-4 (]: Began executing node model.olist_pipeline.mart_sentiment_kpis
[0m13:49:38.150186 [debug] [Thread-4 (]: Writing runtime sql for node "model.olist_pipeline.mart_sentiment_kpis"
[0m13:49:38.166896 [debug] [Thread-4 (]: Using snowflake connection "model.olist_pipeline.mart_sentiment_kpis"
[0m13:49:38.168425 [debug] [Thread-4 (]: On model.olist_pipeline.mart_sentiment_kpis: create or replace transient table PROJETO_OLIST_DB.ANALYTICS.mart_sentiment_kpis
    
    
    
    
    

    as (-- Fatos agregados para o dashboard Metabase: indicadores de sentimento por categoria de
-- produto. Cada review está ligada a um pedido (não diretamente a um produto); usa-se o
-- produto do primeiro item do pedido para evitar duplicar a review entre categorias em
-- pedidos com vários itens de categorias diferentes (mesma simplificação documentada em
-- mart_late_delivery_features para o vendedor "primário").

with reviews as (
    select * from PROJETO_OLIST_DB.ANALYTICS.fact_reviews
),

primary_item as (
    select order_id, product_key
    from PROJETO_OLIST_DB.ANALYTICS.fact_order_items
    qualify row_number() over (partition by order_id order by order_item_id) = 1
),

products as (
    select * from PROJETO_OLIST_DB.ANALYTICS.dim_products
)

select
    products.category_name_english,
    count(reviews.review_key) as review_count,
    avg(reviews.review_score) as avg_review_score,
    sum(case when reviews.sentiment_label = 'positive' then 1 else 0 end)
        / nullif(count(reviews.review_key), 0)::float as pct_positive,
    sum(case when reviews.sentiment_label = 'neutral' then 1 else 0 end)
        / nullif(count(reviews.review_key), 0)::float as pct_neutral,
    sum(case when reviews.sentiment_label = 'negative' then 1 else 0 end)
        / nullif(count(reviews.review_key), 0)::float as pct_negative
from reviews
left join primary_item on reviews.order_id = primary_item.order_id
left join products on primary_item.product_key = products.product_key
group by products.category_name_english
    )

/* {"app": "dbt", "dbt_version": "1.12.0", "profile_name": "olist_pipeline", "target_name": "dev", "node_id": "model.olist_pipeline.mart_sentiment_kpis"} */;
[0m13:49:38.892350 [debug] [Thread-3 (]: SQL status: SUCCESS 96470 in 2.329 seconds
[0m13:49:38.896265 [debug] [Thread-3 (]: Sending event: {'category': 'dbt', 'action': 'run_model', 'label': 'b535fa75-b311-40aa-ba87-6824035361c2', 'context': [<snowplow_tracker.self_describing_json.SelfDescribingJson object at 0x73714da97850>]}
[0m13:49:39.589211 [debug] [Thread-4 (]: SQL status: SUCCESS 74 in 1.419 seconds
[0m13:49:39.597458 [debug] [Thread-4 (]: Sending event: {'category': 'dbt', 'action': 'run_model', 'label': 'b535fa75-b311-40aa-ba87-6824035361c2', 'context': [<snowplow_tracker.self_describing_json.SelfDescribingJson object at 0x73714c14e110>]}
[0m13:49:39.756953 [debug] [Thread-3 (]: An error was encountered while trying to send an event
[0m13:49:39.758253 [info ] [Thread-4 (]: 23 of 23 OK created sql table model ANALYTICS.mart_sentiment_kpis .............. [[32mSUCCESS 74[0m in 1.47s]
[0m13:49:39.762407 [info ] [Thread-3 (]: 22 of 23 OK created sql table model ANALYTICS.mart_late_delivery_features ...... [[32mSUCCESS 96470[0m in 2.44s]
[0m13:49:39.764318 [debug] [Thread-4 (]: Finished running node model.olist_pipeline.mart_sentiment_kpis
[0m13:49:39.768645 [debug] [Thread-3 (]: Finished running node model.olist_pipeline.mart_late_delivery_features
[0m13:49:39.774960 [debug] [MainThread]: Connection 'master' was properly closed.
[0m13:49:39.776404 [debug] [MainThread]: Connection 'model.olist_pipeline.mart_delivery_kpis' was left open.
[0m13:49:39.777519 [debug] [MainThread]: On model.olist_pipeline.mart_delivery_kpis: Close
[0m13:49:40.265100 [debug] [MainThread]: Connection 'model.olist_pipeline.mart_late_delivery_features' was left open.
[0m13:49:40.266867 [debug] [MainThread]: On model.olist_pipeline.mart_late_delivery_features: Close
[0m13:49:40.770100 [debug] [MainThread]: Connection 'model.olist_pipeline.mart_sentiment_kpis' was left open.
[0m13:49:40.771591 [debug] [MainThread]: On model.olist_pipeline.mart_sentiment_kpis: Close
[0m13:49:41.283486 [debug] [MainThread]: Connection 'model.olist_pipeline.fact_reviews' was left open.
[0m13:49:41.285178 [debug] [MainThread]: On model.olist_pipeline.fact_reviews: Close
[0m13:49:41.807905 [info ] [MainThread]: 
[0m13:49:41.810080 [info ] [MainThread]: Finished running 13 table models, 10 view models in 0 hours 0 minutes and 18.51 seconds (18.51s).
[0m13:49:41.815565 [debug] [MainThread]: Command end result
[0m13:49:42.086926 [debug] [MainThread]: Wrote artifact WritableManifest to /work/dbt/olist_pipeline/target/manifest.json
[0m13:49:42.123283 [debug] [MainThread]: Wrote artifact SemanticManifest to /work/dbt/olist_pipeline/target/semantic_manifest.json
[0m13:49:42.137948 [debug] [MainThread]: Wrote artifact OsiDocument to /work/dbt/olist_pipeline/target/osi_document.json
[0m13:49:42.158743 [debug] [MainThread]: Wrote artifact RunExecutionResult to /work/dbt/olist_pipeline/target/run_results.json
[0m13:49:42.160603 [info ] [MainThread]: 
[0m13:49:42.162463 [info ] [MainThread]: [32mCompleted successfully[0m
[0m13:49:42.164595 [info ] [MainThread]: 
[0m13:49:42.167066 [info ] [MainThread]: Done. PASS=23 WARN=0 ERROR=0 SKIP=0 NO-OP=0 REUSED=0 TOTAL=23
[0m13:49:42.170706 [debug] [MainThread]: Resource report: {"command_name": "run", "command_success": true, "command_wall_clock_time": 27.400635, "process_in_blocks": "1576", "process_kernel_time": 1.976064, "process_mem_max_rss": "186964", "process_out_blocks": "8488", "process_user_time": 11.629624}
[0m13:49:42.172034 [debug] [MainThread]: Command `dbt run` succeeded at 13:49:42.171898 after 27.40 seconds
[0m13:49:42.173080 [debug] [MainThread]: Sending event: {'category': 'dbt', 'action': 'invocation', 'label': 'end', 'context': [<snowplow_tracker.self_describing_json.SelfDescribingJson object at 0x73715690b750>, <snowplow_tracker.self_describing_json.SelfDescribingJson object at 0x737156909090>, <snowplow_tracker.self_describing_json.SelfDescribingJson object at 0x737156917b10>]}
[0m13:49:42.174289 [debug] [MainThread]: Flushing usage events
[0m13:49:42.924070 [debug] [MainThread]: An error was encountered while trying to flush usage events
[0m13:51:24.104051 [debug] [MainThread]: Sending event: {'category': 'dbt', 'action': 'invocation', 'label': 'start', 'context': [<snowplow_tracker.self_describing_json.SelfDescribingJson object at 0x713e0f2ef210>, <snowplow_tracker.self_describing_json.SelfDescribingJson object at 0x713e0f490fd0>, <snowplow_tracker.self_describing_json.SelfDescribingJson object at 0x713e0f21d290>]}


============================== 13:51:24.116410 | c3676bbf-7bf4-45bf-8820-d868e6059724 ==============================
[0m13:51:24.116410 [info ] [MainThread]: Running with dbt=1.12.0
[0m13:51:24.119299 [debug] [MainThread]: running dbt with arguments {'static_parser': 'True', 'use_experimental_parser': 'False', 'write_json': 'True', 'debug': 'False', 'partial_parse': 'True', 'log_cache_events': 'False', 'hints_enabled': 'True', 'indirect_selection': 'eager', 'log_path': '/work/dbt/olist_pipeline/logs', 'log_format': 'default', 'no_print': 'None', 'quiet': 'False', 'version_check': 'True', 'use_colors': 'True', 'introspect': 'True', 'cache_selected_only': 'False', 'warn_error_options': 'WarnErrorOptionsV2(error=[], warn=[], silence=[])', 'fail_fast': 'False', 'maximum_seed_size_mib': '1', 'send_anonymous_usage_stats': 'True', 'printer_width': '80', 'warn_error': 'None', 'empty': 'None', 'profiles_dir': '.', 'invocation_command': 'dbt test --profiles-dir .', 'target_path': 'None'}
[0m13:51:24.644328 [debug] [MainThread]: Snowflake adapter: Setting snowflake.connector to ERROR (file logging only)
[0m13:51:24.647113 [debug] [MainThread]: Snowflake adapter: Setting botocore to ERROR (file logging only)
[0m13:51:24.649375 [debug] [MainThread]: Snowflake adapter: Setting boto3 to ERROR (file logging only)
[0m13:51:24.943965 [debug] [MainThread]: Sending event: {'category': 'dbt', 'action': 'project_id', 'label': 'c3676bbf-7bf4-45bf-8820-d868e6059724', 'context': [<snowplow_tracker.self_describing_json.SelfDescribingJson object at 0x713e0c518790>]}
[0m13:51:25.046939 [debug] [MainThread]: Sending event: {'category': 'dbt', 'action': 'adapter_info', 'label': 'c3676bbf-7bf4-45bf-8820-d868e6059724', 'context': [<snowplow_tracker.self_describing_json.SelfDescribingJson object at 0x713e0f239f10>]}
[0m13:51:25.049683 [info ] [MainThread]: Registered adapter: snowflake=1.12.0
[0m13:51:25.233749 [debug] [MainThread]: checksum: 5029ac201ca95621a3c13f11212ebb88f023f43e83ad2fd6641dd4f215921ae1, vars: {}, profile: olist_pipeline, target: dev, version: 1.12.0
[0m13:51:27.352377 [debug] [MainThread]: Partial parsing enabled: 0 files deleted, 0 files added, 0 files changed.
[0m13:51:27.356015 [debug] [MainThread]: Nothing changed, skipping partial parsing.
[0m13:51:27.359233 [debug] [MainThread]: Partial parsing enabled, no changes found, skipping parsing
[0m13:51:27.395242 [debug] [MainThread]: Sending event: {'category': 'dbt', 'action': 'load_project', 'label': 'c3676bbf-7bf4-45bf-8820-d868e6059724', 'context': [<snowplow_tracker.self_describing_json.SelfDescribingJson object at 0x713e0f492750>]}
[0m13:51:28.215617 [debug] [MainThread]: Wrote artifact WritableManifest to /work/dbt/olist_pipeline/target/manifest.json
[0m13:51:28.230656 [debug] [MainThread]: Wrote artifact SemanticManifest to /work/dbt/olist_pipeline/target/semantic_manifest.json
[0m13:51:28.260784 [debug] [MainThread]: Wrote artifact OsiDocument to /work/dbt/olist_pipeline/target/osi_document.json
[0m13:51:28.317458 [debug] [MainThread]: Sending event: {'category': 'dbt', 'action': 'resource_counts', 'label': 'c3676bbf-7bf4-45bf-8820-d868e6059724', 'context': [<snowplow_tracker.self_describing_json.SelfDescribingJson object at 0x713e0c1a7950>]}
[0m13:51:28.320896 [info ] [MainThread]: Found 23 models, 51 data tests, 10 sources, 661 macros
[0m13:51:28.323904 [debug] [MainThread]: Sending event: {'category': 'dbt', 'action': 'runnable_timing', 'label': 'c3676bbf-7bf4-45bf-8820-d868e6059724', 'context': [<snowplow_tracker.self_describing_json.SelfDescribingJson object at 0x713e0c29fa90>]}
[0m13:51:28.333752 [info ] [MainThread]: 
[0m13:51:28.337547 [info ] [MainThread]: Concurrency: 4 threads (target='dev')
[0m13:51:28.340692 [info ] [MainThread]: 
[0m13:51:28.344572 [debug] [MainThread]: Acquiring new snowflake connection 'master'
[0m13:51:28.362858 [debug] [ThreadPool]: Acquiring new snowflake connection 'list_PROJETO_OLIST_DB_ANALYTICS'
[0m13:51:28.421903 [debug] [ThreadPool]: Using snowflake connection "list_PROJETO_OLIST_DB_ANALYTICS"
[0m13:51:28.424185 [debug] [ThreadPool]: On list_PROJETO_OLIST_DB_ANALYTICS: show objects in PROJETO_OLIST_DB.ANALYTICS
    limit 10000
    

/* {"app": "dbt", "dbt_version": "1.12.0", "profile_name": "olist_pipeline", "target_name": "dev", "connection_name": "list_PROJETO_OLIST_DB_ANALYTICS"} */;
[0m13:51:28.426057 [debug] [ThreadPool]: Opening a new connection, currently in state init
[0m13:51:32.004770 [debug] [ThreadPool]: SQL status: SUCCESS 23 in 3.579 seconds
[0m13:51:32.012812 [debug] [ThreadPool]: Using snowflake connection "list_PROJETO_OLIST_DB_ANALYTICS"
[0m13:51:32.014531 [debug] [ThreadPool]: On list_PROJETO_OLIST_DB_ANALYTICS: show user functions in PROJETO_OLIST_DB.ANALYTICS
/* {"app": "dbt", "dbt_version": "1.12.0", "profile_name": "olist_pipeline", "target_name": "dev", "connection_name": "list_PROJETO_OLIST_DB_ANALYTICS"} */
[0m13:51:32.318196 [debug] [ThreadPool]: SQL status: SUCCESS 0 in 0.302 seconds
[0m13:51:32.325383 [debug] [MainThread]: Sending event: {'category': 'dbt', 'action': 'runnable_timing', 'label': 'c3676bbf-7bf4-45bf-8820-d868e6059724', 'context': [<snowplow_tracker.self_describing_json.SelfDescribingJson object at 0x713e1096cc90>]}
[0m13:51:32.333654 [debug] [Thread-2 (]: Began running node test.olist_pipeline.accepted_values_fact_orders_order_status__delivered__shipped__canceled__unavailable__invoiced__processing__created__approved.cc059b4a00
[0m13:51:32.334411 [debug] [Thread-3 (]: Began running node test.olist_pipeline.accepted_values_fact_reviews_sentiment_label__positive__neutral__negative.acc96503d0
[0m13:51:32.335265 [debug] [Thread-4 (]: Began running node test.olist_pipeline.accepted_values_mart_ml_results_true_label__on_time__late.7772cee9b4
[0m13:51:32.336058 [debug] [Thread-5 (]: Began running node test.olist_pipeline.accepted_values_stg_order_reviews_sentiment_label__positive__neutral__negative.bbfbf3cbff
[0m13:51:32.337079 [info ] [Thread-2 (]: 1 of 51 START test accepted_values_fact_orders_order_status__delivered__shipped__canceled__unavailable__invoiced__processing__created__approved  [RUN]
[0m13:51:32.338688 [info ] [Thread-3 (]: 2 of 51 START test accepted_values_fact_reviews_sentiment_label__positive__neutral__negative  [RUN]
[0m13:51:32.340335 [info ] [Thread-4 (]: 3 of 51 START test accepted_values_mart_ml_results_true_label__on_time__late ... [RUN]
[0m13:51:32.341702 [info ] [Thread-5 (]: 4 of 51 START test accepted_values_stg_order_reviews_sentiment_label__positive__neutral__negative  [RUN]
[0m13:51:32.343199 [debug] [Thread-2 (]: Re-using an available connection from the pool (formerly list_PROJETO_OLIST_DB_ANALYTICS, now test.olist_pipeline.accepted_values_fact_orders_order_status__delivered__shipped__canceled__unavailable__invoiced__processing__created__approved.cc059b4a00)
[0m13:51:32.344491 [debug] [Thread-3 (]: Acquiring new snowflake connection 'test.olist_pipeline.accepted_values_fact_reviews_sentiment_label__positive__neutral__negative.acc96503d0'
[0m13:51:32.345801 [debug] [Thread-4 (]: Acquiring new snowflake connection 'test.olist_pipeline.accepted_values_mart_ml_results_true_label__on_time__late.7772cee9b4'
[0m13:51:32.347190 [debug] [Thread-5 (]: Acquiring new snowflake connection 'test.olist_pipeline.accepted_values_stg_order_reviews_sentiment_label__positive__neutral__negative.bbfbf3cbff'
[0m13:51:32.348565 [debug] [Thread-2 (]: Began compiling node test.olist_pipeline.accepted_values_fact_orders_order_status__delivered__shipped__canceled__unavailable__invoiced__processing__created__approved.cc059b4a00
[0m13:51:32.350208 [debug] [Thread-3 (]: Began compiling node test.olist_pipeline.accepted_values_fact_reviews_sentiment_label__positive__neutral__negative.acc96503d0
[0m13:51:32.351549 [debug] [Thread-4 (]: Began compiling node test.olist_pipeline.accepted_values_mart_ml_results_true_label__on_time__late.7772cee9b4
[0m13:51:32.352616 [debug] [Thread-5 (]: Began compiling node test.olist_pipeline.accepted_values_stg_order_reviews_sentiment_label__positive__neutral__negative.bbfbf3cbff
[0m13:51:32.432281 [debug] [Thread-2 (]: Writing injected SQL for node "test.olist_pipeline.accepted_values_fact_orders_order_status__delivered__shipped__canceled__unavailable__invoiced__processing__created__approved.cc059b4a00"
[0m13:51:32.436623 [debug] [Thread-3 (]: Writing injected SQL for node "test.olist_pipeline.accepted_values_fact_reviews_sentiment_label__positive__neutral__negative.acc96503d0"
[0m13:51:32.447826 [debug] [Thread-4 (]: Writing injected SQL for node "test.olist_pipeline.accepted_values_mart_ml_results_true_label__on_time__late.7772cee9b4"
[0m13:51:32.455843 [debug] [Thread-5 (]: Writing injected SQL for node "test.olist_pipeline.accepted_values_stg_order_reviews_sentiment_label__positive__neutral__negative.bbfbf3cbff"
[0m13:51:32.468406 [debug] [Thread-5 (]: Began executing node test.olist_pipeline.accepted_values_stg_order_reviews_sentiment_label__positive__neutral__negative.bbfbf3cbff
[0m13:51:32.469653 [debug] [Thread-4 (]: Began executing node test.olist_pipeline.accepted_values_mart_ml_results_true_label__on_time__late.7772cee9b4
[0m13:51:32.480937 [debug] [Thread-2 (]: Began executing node test.olist_pipeline.accepted_values_fact_orders_order_status__delivered__shipped__canceled__unavailable__invoiced__processing__created__approved.cc059b4a00
[0m13:51:32.499265 [debug] [Thread-5 (]: Writing runtime sql for node "test.olist_pipeline.accepted_values_stg_order_reviews_sentiment_label__positive__neutral__negative.bbfbf3cbff"
[0m13:51:32.502763 [debug] [Thread-4 (]: Writing runtime sql for node "test.olist_pipeline.accepted_values_mart_ml_results_true_label__on_time__late.7772cee9b4"
[0m13:51:32.507291 [debug] [Thread-2 (]: Writing runtime sql for node "test.olist_pipeline.accepted_values_fact_orders_order_status__delivered__shipped__canceled__unavailable__invoiced__processing__created__approved.cc059b4a00"
[0m13:51:32.508140 [debug] [Thread-3 (]: Began executing node test.olist_pipeline.accepted_values_fact_reviews_sentiment_label__positive__neutral__negative.acc96503d0
[0m13:51:32.516664 [debug] [Thread-3 (]: Writing runtime sql for node "test.olist_pipeline.accepted_values_fact_reviews_sentiment_label__positive__neutral__negative.acc96503d0"
[0m13:51:32.525978 [debug] [Thread-5 (]: Using snowflake connection "test.olist_pipeline.accepted_values_stg_order_reviews_sentiment_label__positive__neutral__negative.bbfbf3cbff"
[0m13:51:32.528084 [debug] [Thread-2 (]: Using snowflake connection "test.olist_pipeline.accepted_values_fact_orders_order_status__delivered__shipped__canceled__unavailable__invoiced__processing__created__approved.cc059b4a00"
[0m13:51:32.528655 [debug] [Thread-5 (]: On test.olist_pipeline.accepted_values_stg_order_reviews_sentiment_label__positive__neutral__negative.bbfbf3cbff: select
      count(*) as failures,
      count(*) != 0 as should_warn,
      count(*) != 0 as should_error
    from (
      
    
  
    
    

with all_values as (

    select
        sentiment_label as value_field,
        count(*) as n_records

    from PROJETO_OLIST_DB.ANALYTICS.stg_order_reviews
    group by sentiment_label

)

select *
from all_values
where value_field not in (
    'positive','neutral','negative'
)



  
  
      
    ) dbt_internal_test
/* {"app": "dbt", "dbt_version": "1.12.0", "profile_name": "olist_pipeline", "target_name": "dev", "node_id": "test.olist_pipeline.accepted_values_stg_order_reviews_sentiment_label__positive__neutral__negative.bbfbf3cbff"} */
[0m13:51:32.529681 [debug] [Thread-4 (]: Using snowflake connection "test.olist_pipeline.accepted_values_mart_ml_results_true_label__on_time__late.7772cee9b4"
[0m13:51:32.530714 [debug] [Thread-3 (]: Using snowflake connection "test.olist_pipeline.accepted_values_fact_reviews_sentiment_label__positive__neutral__negative.acc96503d0"
[0m13:51:32.531963 [debug] [Thread-2 (]: On test.olist_pipeline.accepted_values_fact_orders_order_status__delivered__shipped__canceled__unavailable__invoiced__processing__created__approved.cc059b4a00: select
      count(*) as failures,
      count(*) != 0 as should_warn,
      count(*) != 0 as should_error
    from (
      
    
  
    
    

with all_values as (

    select
        order_status as value_field,
        count(*) as n_records

    from PROJETO_OLIST_DB.ANALYTICS.fact_orders
    group by order_status

)

select *
from all_values
where value_field not in (
    'delivered','shipped','canceled','unavailable','invoiced','processing','created','approved'
)



  
  
      
    ) dbt_internal_test
/* {"app": "dbt", "dbt_version": "1.12.0", "profile_name": "olist_pipeline", "target_name": "dev", "node_id": "test.olist_pipeline.accepted_values_fact_orders_order_status__delivered__shipped__canceled__unavailable__invoiced__processing__created__approved.cc059b4a00"} */
[0m13:51:32.533666 [debug] [Thread-5 (]: Opening a new connection, currently in state init
[0m13:51:32.535103 [debug] [Thread-4 (]: On test.olist_pipeline.accepted_values_mart_ml_results_true_label__on_time__late.7772cee9b4: select
      count(*) as failures,
      count(*) != 0 as should_warn,
      count(*) != 0 as should_error
    from (
      
    
  
    
    

with all_values as (

    select
        true_label as value_field,
        count(*) as n_records

    from PROJETO_OLIST_DB.ANALYTICS.mart_ml_results
    group by true_label

)

select *
from all_values
where value_field not in (
    'on_time','late'
)



  
  
      
    ) dbt_internal_test
/* {"app": "dbt", "dbt_version": "1.12.0", "profile_name": "olist_pipeline", "target_name": "dev", "node_id": "test.olist_pipeline.accepted_values_mart_ml_results_true_label__on_time__late.7772cee9b4"} */
[0m13:51:32.536430 [debug] [Thread-3 (]: On test.olist_pipeline.accepted_values_fact_reviews_sentiment_label__positive__neutral__negative.acc96503d0: select
      count(*) as failures,
      count(*) != 0 as should_warn,
      count(*) != 0 as should_error
    from (
      
    
  
    
    

with all_values as (

    select
        sentiment_label as value_field,
        count(*) as n_records

    from PROJETO_OLIST_DB.ANALYTICS.fact_reviews
    group by sentiment_label

)

select *
from all_values
where value_field not in (
    'positive','neutral','negative'
)



  
  
      
    ) dbt_internal_test
/* {"app": "dbt", "dbt_version": "1.12.0", "profile_name": "olist_pipeline", "target_name": "dev", "node_id": "test.olist_pipeline.accepted_values_fact_reviews_sentiment_label__positive__neutral__negative.acc96503d0"} */
[0m13:51:32.544153 [debug] [Thread-4 (]: Opening a new connection, currently in state init
[0m13:51:32.547324 [debug] [Thread-3 (]: Opening a new connection, currently in state init
[0m13:51:32.880815 [debug] [Thread-2 (]: SQL status: SUCCESS 1 in 0.343 seconds
[0m13:51:32.901354 [info ] [Thread-2 (]: 1 of 51 PASS accepted_values_fact_orders_order_status__delivered__shipped__canceled__unavailable__invoiced__processing__created__approved  [[32mPASS[0m in 0.56s]
[0m13:51:32.904593 [debug] [Thread-2 (]: Finished running node test.olist_pipeline.accepted_values_fact_orders_order_status__delivered__shipped__canceled__unavailable__invoiced__processing__created__approved.cc059b4a00
[0m13:51:32.906944 [debug] [Thread-2 (]: Began running node test.olist_pipeline.accepted_values_stg_orders_order_status__delivered__shipped__canceled__unavailable__invoiced__processing__created__approved.a06d34fe4c
[0m13:51:32.909176 [info ] [Thread-2 (]: 5 of 51 START test accepted_values_stg_orders_order_status__delivered__shipped__canceled__unavailable__invoiced__processing__created__approved  [RUN]
[0m13:51:32.911435 [debug] [Thread-2 (]: Re-using an available connection from the pool (formerly test.olist_pipeline.accepted_values_fact_orders_order_status__delivered__shipped__canceled__unavailable__invoiced__processing__created__approved.cc059b4a00, now test.olist_pipeline.accepted_values_stg_orders_order_status__delivered__shipped__canceled__unavailable__invoiced__processing__created__approved.a06d34fe4c)
[0m13:51:32.913027 [debug] [Thread-2 (]: Began compiling node test.olist_pipeline.accepted_values_stg_orders_order_status__delivered__shipped__canceled__unavailable__invoiced__processing__created__approved.a06d34fe4c
[0m13:51:32.921691 [debug] [Thread-2 (]: Writing injected SQL for node "test.olist_pipeline.accepted_values_stg_orders_order_status__delivered__shipped__canceled__unavailable__invoiced__processing__created__approved.a06d34fe4c"
[0m13:51:32.940796 [debug] [Thread-2 (]: Began executing node test.olist_pipeline.accepted_values_stg_orders_order_status__delivered__shipped__canceled__unavailable__invoiced__processing__created__approved.a06d34fe4c
[0m13:51:32.944395 [debug] [Thread-2 (]: Writing runtime sql for node "test.olist_pipeline.accepted_values_stg_orders_order_status__delivered__shipped__canceled__unavailable__invoiced__processing__created__approved.a06d34fe4c"
[0m13:51:32.961455 [debug] [Thread-2 (]: Using snowflake connection "test.olist_pipeline.accepted_values_stg_orders_order_status__delivered__shipped__canceled__unavailable__invoiced__processing__created__approved.a06d34fe4c"
[0m13:51:32.963408 [debug] [Thread-2 (]: On test.olist_pipeline.accepted_values_stg_orders_order_status__delivered__shipped__canceled__unavailable__invoiced__processing__created__approved.a06d34fe4c: select
      count(*) as failures,
      count(*) != 0 as should_warn,
      count(*) != 0 as should_error
    from (
      
    
  
    
    

with all_values as (

    select
        order_status as value_field,
        count(*) as n_records

    from PROJETO_OLIST_DB.ANALYTICS.stg_orders
    group by order_status

)

select *
from all_values
where value_field not in (
    'delivered','shipped','canceled','unavailable','invoiced','processing','created','approved'
)



  
  
      
    ) dbt_internal_test
/* {"app": "dbt", "dbt_version": "1.12.0", "profile_name": "olist_pipeline", "target_name": "dev", "node_id": "test.olist_pipeline.accepted_values_stg_orders_order_status__delivered__shipped__canceled__unavailable__invoiced__processing__created__approved.a06d34fe4c"} */
[0m13:51:33.445030 [debug] [Thread-2 (]: SQL status: SUCCESS 1 in 0.480 seconds
[0m13:51:33.449452 [info ] [Thread-2 (]: 5 of 51 PASS accepted_values_stg_orders_order_status__delivered__shipped__canceled__unavailable__invoiced__processing__created__approved  [[32mPASS[0m in 0.54s]
[0m13:51:33.452228 [debug] [Thread-2 (]: Finished running node test.olist_pipeline.accepted_values_stg_orders_order_status__delivered__shipped__canceled__unavailable__invoiced__processing__created__approved.a06d34fe4c
[0m13:51:33.454223 [debug] [Thread-2 (]: Began running node test.olist_pipeline.not_null_dim_customers_customer_id.dd91cd1c8d
[0m13:51:33.456180 [info ] [Thread-2 (]: 6 of 51 START test not_null_dim_customers_customer_id .......................... [RUN]
[0m13:51:33.458706 [debug] [Thread-2 (]: Re-using an available connection from the pool (formerly test.olist_pipeline.accepted_values_stg_orders_order_status__delivered__shipped__canceled__unavailable__invoiced__processing__created__approved.a06d34fe4c, now test.olist_pipeline.not_null_dim_customers_customer_id.dd91cd1c8d)
[0m13:51:33.460582 [debug] [Thread-2 (]: Began compiling node test.olist_pipeline.not_null_dim_customers_customer_id.dd91cd1c8d
[0m13:51:33.476964 [debug] [Thread-2 (]: Writing injected SQL for node "test.olist_pipeline.not_null_dim_customers_customer_id.dd91cd1c8d"
[0m13:51:33.507756 [debug] [Thread-2 (]: Began executing node test.olist_pipeline.not_null_dim_customers_customer_id.dd91cd1c8d
[0m13:51:33.513046 [debug] [Thread-2 (]: Writing runtime sql for node "test.olist_pipeline.not_null_dim_customers_customer_id.dd91cd1c8d"
[0m13:51:33.536516 [debug] [Thread-2 (]: Using snowflake connection "test.olist_pipeline.not_null_dim_customers_customer_id.dd91cd1c8d"
[0m13:51:33.538282 [debug] [Thread-2 (]: On test.olist_pipeline.not_null_dim_customers_customer_id.dd91cd1c8d: select
      count(*) as failures,
      count(*) != 0 as should_warn,
      count(*) != 0 as should_error
    from (
      
    
  
    
    



select customer_id
from PROJETO_OLIST_DB.ANALYTICS.dim_customers
where customer_id is null



  
  
      
    ) dbt_internal_test
/* {"app": "dbt", "dbt_version": "1.12.0", "profile_name": "olist_pipeline", "target_name": "dev", "node_id": "test.olist_pipeline.not_null_dim_customers_customer_id.dd91cd1c8d"} */
[0m13:51:33.867572 [debug] [Thread-3 (]: SQL status: SUCCESS 1 in 1.320 seconds
[0m13:51:33.874292 [info ] [Thread-3 (]: 2 of 51 PASS accepted_values_fact_reviews_sentiment_label__positive__neutral__negative  [[32mPASS[0m in 1.53s]
[0m13:51:33.876385 [debug] [Thread-3 (]: Finished running node test.olist_pipeline.accepted_values_fact_reviews_sentiment_label__positive__neutral__negative.acc96503d0
[0m13:51:33.877961 [debug] [Thread-3 (]: Began running node test.olist_pipeline.not_null_dim_customers_customer_key.4bebfb3411
[0m13:51:33.879399 [info ] [Thread-3 (]: 7 of 51 START test not_null_dim_customers_customer_key ......................... [RUN]
[0m13:51:33.882198 [debug] [Thread-3 (]: Re-using an available connection from the pool (formerly test.olist_pipeline.accepted_values_fact_reviews_sentiment_label__positive__neutral__negative.acc96503d0, now test.olist_pipeline.not_null_dim_customers_customer_key.4bebfb3411)
[0m13:51:33.884006 [debug] [Thread-3 (]: Began compiling node test.olist_pipeline.not_null_dim_customers_customer_key.4bebfb3411
[0m13:51:33.894254 [debug] [Thread-3 (]: Writing injected SQL for node "test.olist_pipeline.not_null_dim_customers_customer_key.4bebfb3411"
[0m13:51:33.901195 [debug] [Thread-4 (]: SQL status: SUCCESS 1 in 1.357 seconds
[0m13:51:33.904448 [info ] [Thread-4 (]: 3 of 51 PASS accepted_values_mart_ml_results_true_label__on_time__late ......... [[32mPASS[0m in 1.56s]
[0m13:51:33.906398 [debug] [Thread-4 (]: Finished running node test.olist_pipeline.accepted_values_mart_ml_results_true_label__on_time__late.7772cee9b4
[0m13:51:33.907816 [debug] [Thread-4 (]: Began running node test.olist_pipeline.not_null_dim_date_date_day.e3f312efb2
[0m13:51:33.909115 [info ] [Thread-4 (]: 8 of 51 START test not_null_dim_date_date_day .................................. [RUN]
[0m13:51:33.911043 [debug] [Thread-4 (]: Re-using an available connection from the pool (formerly test.olist_pipeline.accepted_values_mart_ml_results_true_label__on_time__late.7772cee9b4, now test.olist_pipeline.not_null_dim_date_date_day.e3f312efb2)
[0m13:51:33.912370 [debug] [Thread-4 (]: Began compiling node test.olist_pipeline.not_null_dim_date_date_day.e3f312efb2
[0m13:51:33.912943 [debug] [Thread-3 (]: Began executing node test.olist_pipeline.not_null_dim_customers_customer_key.4bebfb3411
[0m13:51:33.925754 [debug] [Thread-4 (]: Writing injected SQL for node "test.olist_pipeline.not_null_dim_date_date_day.e3f312efb2"
[0m13:51:33.928251 [debug] [Thread-3 (]: Writing runtime sql for node "test.olist_pipeline.not_null_dim_customers_customer_key.4bebfb3411"
[0m13:51:33.940757 [debug] [Thread-4 (]: Began executing node test.olist_pipeline.not_null_dim_date_date_day.e3f312efb2
[0m13:51:33.941732 [debug] [Thread-3 (]: Using snowflake connection "test.olist_pipeline.not_null_dim_customers_customer_key.4bebfb3411"
[0m13:51:33.944596 [debug] [Thread-4 (]: Writing runtime sql for node "test.olist_pipeline.not_null_dim_date_date_day.e3f312efb2"
[0m13:51:33.946034 [debug] [Thread-3 (]: On test.olist_pipeline.not_null_dim_customers_customer_key.4bebfb3411: select
      count(*) as failures,
      count(*) != 0 as should_warn,
      count(*) != 0 as should_error
    from (
      
    
  
    
    



select customer_key
from PROJETO_OLIST_DB.ANALYTICS.dim_customers
where customer_key is null



  
  
      
    ) dbt_internal_test
/* {"app": "dbt", "dbt_version": "1.12.0", "profile_name": "olist_pipeline", "target_name": "dev", "node_id": "test.olist_pipeline.not_null_dim_customers_customer_key.4bebfb3411"} */
[0m13:51:33.961264 [debug] [Thread-4 (]: Using snowflake connection "test.olist_pipeline.not_null_dim_date_date_day.e3f312efb2"
[0m13:51:33.962842 [debug] [Thread-4 (]: On test.olist_pipeline.not_null_dim_date_date_day.e3f312efb2: select
      count(*) as failures,
      count(*) != 0 as should_warn,
      count(*) != 0 as should_error
    from (
      
    
  
    
    



select date_day
from PROJETO_OLIST_DB.ANALYTICS.dim_date
where date_day is null



  
  
      
    ) dbt_internal_test
/* {"app": "dbt", "dbt_version": "1.12.0", "profile_name": "olist_pipeline", "target_name": "dev", "node_id": "test.olist_pipeline.not_null_dim_date_date_day.e3f312efb2"} */
[0m13:51:34.065012 [debug] [Thread-5 (]: SQL status: SUCCESS 1 in 1.531 seconds
[0m13:51:34.069174 [info ] [Thread-5 (]: 4 of 51 PASS accepted_values_stg_order_reviews_sentiment_label__positive__neutral__negative  [[32mPASS[0m in 1.72s]
[0m13:51:34.071312 [debug] [Thread-5 (]: Finished running node test.olist_pipeline.accepted_values_stg_order_reviews_sentiment_label__positive__neutral__negative.bbfbf3cbff
[0m13:51:34.072880 [debug] [Thread-5 (]: Began running node test.olist_pipeline.not_null_dim_geolocation_zip_code_prefix.f4eab5c4e6
[0m13:51:34.074297 [info ] [Thread-5 (]: 9 of 51 START test not_null_dim_geolocation_zip_code_prefix .................... [RUN]
[0m13:51:34.076234 [debug] [Thread-5 (]: Re-using an available connection from the pool (formerly test.olist_pipeline.accepted_values_stg_order_reviews_sentiment_label__positive__neutral__negative.bbfbf3cbff, now test.olist_pipeline.not_null_dim_geolocation_zip_code_prefix.f4eab5c4e6)
[0m13:51:34.077949 [debug] [Thread-5 (]: Began compiling node test.olist_pipeline.not_null_dim_geolocation_zip_code_prefix.f4eab5c4e6
[0m13:51:34.085833 [debug] [Thread-5 (]: Writing injected SQL for node "test.olist_pipeline.not_null_dim_geolocation_zip_code_prefix.f4eab5c4e6"
[0m13:51:34.101240 [debug] [Thread-5 (]: Began executing node test.olist_pipeline.not_null_dim_geolocation_zip_code_prefix.f4eab5c4e6
[0m13:51:34.105233 [debug] [Thread-5 (]: Writing runtime sql for node "test.olist_pipeline.not_null_dim_geolocation_zip_code_prefix.f4eab5c4e6"
[0m13:51:34.122747 [debug] [Thread-5 (]: Using snowflake connection "test.olist_pipeline.not_null_dim_geolocation_zip_code_prefix.f4eab5c4e6"
[0m13:51:34.123909 [debug] [Thread-5 (]: On test.olist_pipeline.not_null_dim_geolocation_zip_code_prefix.f4eab5c4e6: select
      count(*) as failures,
      count(*) != 0 as should_warn,
      count(*) != 0 as should_error
    from (
      
    
  
    
    



select zip_code_prefix
from PROJETO_OLIST_DB.ANALYTICS.dim_geolocation
where zip_code_prefix is null



  
  
      
    ) dbt_internal_test
/* {"app": "dbt", "dbt_version": "1.12.0", "profile_name": "olist_pipeline", "target_name": "dev", "node_id": "test.olist_pipeline.not_null_dim_geolocation_zip_code_prefix.f4eab5c4e6"} */
[0m13:51:34.231572 [debug] [Thread-3 (]: SQL status: SUCCESS 1 in 0.283 seconds
[0m13:51:34.235892 [info ] [Thread-3 (]: 7 of 51 PASS not_null_dim_customers_customer_key ............................... [[32mPASS[0m in 0.35s]
[0m13:51:34.238271 [debug] [Thread-3 (]: Finished running node test.olist_pipeline.not_null_dim_customers_customer_key.4bebfb3411
[0m13:51:34.240022 [debug] [Thread-3 (]: Began running node test.olist_pipeline.not_null_dim_products_product_id.c8aba288d1
[0m13:51:34.242685 [info ] [Thread-3 (]: 10 of 51 START test not_null_dim_products_product_id ........................... [RUN]
[0m13:51:34.245996 [debug] [Thread-3 (]: Re-using an available connection from the pool (formerly test.olist_pipeline.not_null_dim_customers_customer_key.4bebfb3411, now test.olist_pipeline.not_null_dim_products_product_id.c8aba288d1)
[0m13:51:34.248465 [debug] [Thread-3 (]: Began compiling node test.olist_pipeline.not_null_dim_products_product_id.c8aba288d1
[0m13:51:34.264116 [debug] [Thread-3 (]: Writing injected SQL for node "test.olist_pipeline.not_null_dim_products_product_id.c8aba288d1"
[0m13:51:34.265235 [debug] [Thread-2 (]: SQL status: SUCCESS 1 in 0.726 seconds
[0m13:51:34.269389 [info ] [Thread-2 (]: 6 of 51 PASS not_null_dim_customers_customer_id ................................ [[32mPASS[0m in 0.81s]
[0m13:51:34.271728 [debug] [Thread-2 (]: Finished running node test.olist_pipeline.not_null_dim_customers_customer_id.dd91cd1c8d
[0m13:51:34.274034 [debug] [Thread-2 (]: Began running node test.olist_pipeline.not_null_dim_products_product_key.a98dfddb9a
[0m13:51:34.275606 [info ] [Thread-2 (]: 11 of 51 START test not_null_dim_products_product_key .......................... [RUN]
[0m13:51:34.277883 [debug] [Thread-2 (]: Re-using an available connection from the pool (formerly test.olist_pipeline.not_null_dim_customers_customer_id.dd91cd1c8d, now test.olist_pipeline.not_null_dim_products_product_key.a98dfddb9a)
[0m13:51:34.279501 [debug] [Thread-2 (]: Began compiling node test.olist_pipeline.not_null_dim_products_product_key.a98dfddb9a
[0m13:51:34.286422 [debug] [Thread-3 (]: Began executing node test.olist_pipeline.not_null_dim_products_product_id.c8aba288d1
[0m13:51:34.289293 [debug] [Thread-2 (]: Writing injected SQL for node "test.olist_pipeline.not_null_dim_products_product_key.a98dfddb9a"
[0m13:51:34.292424 [debug] [Thread-3 (]: Writing runtime sql for node "test.olist_pipeline.not_null_dim_products_product_id.c8aba288d1"
[0m13:51:34.305994 [debug] [Thread-2 (]: Began executing node test.olist_pipeline.not_null_dim_products_product_key.a98dfddb9a
[0m13:51:34.307435 [debug] [Thread-3 (]: Using snowflake connection "test.olist_pipeline.not_null_dim_products_product_id.c8aba288d1"
[0m13:51:34.311853 [debug] [Thread-2 (]: Writing runtime sql for node "test.olist_pipeline.not_null_dim_products_product_key.a98dfddb9a"
[0m13:51:34.313463 [debug] [Thread-3 (]: On test.olist_pipeline.not_null_dim_products_product_id.c8aba288d1: select
      count(*) as failures,
      count(*) != 0 as should_warn,
      count(*) != 0 as should_error
    from (
      
    
  
    
    



select product_id
from PROJETO_OLIST_DB.ANALYTICS.dim_products
where product_id is null



  
  
      
    ) dbt_internal_test
/* {"app": "dbt", "dbt_version": "1.12.0", "profile_name": "olist_pipeline", "target_name": "dev", "node_id": "test.olist_pipeline.not_null_dim_products_product_id.c8aba288d1"} */
[0m13:51:34.329256 [debug] [Thread-2 (]: Using snowflake connection "test.olist_pipeline.not_null_dim_products_product_key.a98dfddb9a"
[0m13:51:34.330838 [debug] [Thread-2 (]: On test.olist_pipeline.not_null_dim_products_product_key.a98dfddb9a: select
      count(*) as failures,
      count(*) != 0 as should_warn,
      count(*) != 0 as should_error
    from (
      
    
  
    
    



select product_key
from PROJETO_OLIST_DB.ANALYTICS.dim_products
where product_key is null



  
  
      
    ) dbt_internal_test
/* {"app": "dbt", "dbt_version": "1.12.0", "profile_name": "olist_pipeline", "target_name": "dev", "node_id": "test.olist_pipeline.not_null_dim_products_product_key.a98dfddb9a"} */
[0m13:51:34.421019 [debug] [Thread-4 (]: SQL status: SUCCESS 1 in 0.457 seconds
[0m13:51:34.427230 [info ] [Thread-4 (]: 8 of 51 PASS not_null_dim_date_date_day ........................................ [[32mPASS[0m in 0.52s]
[0m13:51:34.431107 [debug] [Thread-4 (]: Finished running node test.olist_pipeline.not_null_dim_date_date_day.e3f312efb2
[0m13:51:34.434102 [debug] [Thread-4 (]: Began running node test.olist_pipeline.not_null_dim_sellers_seller_id.2e68260d7c
[0m13:51:34.436796 [info ] [Thread-4 (]: 12 of 51 START test not_null_dim_sellers_seller_id ............................. [RUN]
[0m13:51:34.440160 [debug] [Thread-4 (]: Re-using an available connection from the pool (formerly test.olist_pipeline.not_null_dim_date_date_day.e3f312efb2, now test.olist_pipeline.not_null_dim_sellers_seller_id.2e68260d7c)
[0m13:51:34.448323 [debug] [Thread-4 (]: Began compiling node test.olist_pipeline.not_null_dim_sellers_seller_id.2e68260d7c
[0m13:51:34.457250 [debug] [Thread-4 (]: Writing injected SQL for node "test.olist_pipeline.not_null_dim_sellers_seller_id.2e68260d7c"
[0m13:51:34.470735 [debug] [Thread-4 (]: Began executing node test.olist_pipeline.not_null_dim_sellers_seller_id.2e68260d7c
[0m13:51:34.474890 [debug] [Thread-4 (]: Writing runtime sql for node "test.olist_pipeline.not_null_dim_sellers_seller_id.2e68260d7c"
[0m13:51:34.495237 [debug] [Thread-4 (]: Using snowflake connection "test.olist_pipeline.not_null_dim_sellers_seller_id.2e68260d7c"
[0m13:51:34.497886 [debug] [Thread-4 (]: On test.olist_pipeline.not_null_dim_sellers_seller_id.2e68260d7c: select
      count(*) as failures,
      count(*) != 0 as should_warn,
      count(*) != 0 as should_error
    from (
      
    
  
    
    



select seller_id
from PROJETO_OLIST_DB.ANALYTICS.dim_sellers
where seller_id is null



  
  
      
    ) dbt_internal_test
/* {"app": "dbt", "dbt_version": "1.12.0", "profile_name": "olist_pipeline", "target_name": "dev", "node_id": "test.olist_pipeline.not_null_dim_sellers_seller_id.2e68260d7c"} */
[0m13:51:34.559672 [debug] [Thread-5 (]: SQL status: SUCCESS 1 in 0.435 seconds
[0m13:51:34.563388 [info ] [Thread-5 (]: 9 of 51 PASS not_null_dim_geolocation_zip_code_prefix .......................... [[32mPASS[0m in 0.49s]
[0m13:51:34.565688 [debug] [Thread-5 (]: Finished running node test.olist_pipeline.not_null_dim_geolocation_zip_code_prefix.f4eab5c4e6
[0m13:51:34.567497 [debug] [Thread-5 (]: Began running node test.olist_pipeline.not_null_dim_sellers_seller_key.760876479e
[0m13:51:34.569614 [info ] [Thread-5 (]: 13 of 51 START test not_null_dim_sellers_seller_key ............................ [RUN]
[0m13:51:34.572011 [debug] [Thread-5 (]: Re-using an available connection from the pool (formerly test.olist_pipeline.not_null_dim_geolocation_zip_code_prefix.f4eab5c4e6, now test.olist_pipeline.not_null_dim_sellers_seller_key.760876479e)
[0m13:51:34.574153 [debug] [Thread-5 (]: Began compiling node test.olist_pipeline.not_null_dim_sellers_seller_key.760876479e
[0m13:51:34.584478 [debug] [Thread-5 (]: Writing injected SQL for node "test.olist_pipeline.not_null_dim_sellers_seller_key.760876479e"
[0m13:51:34.601805 [debug] [Thread-5 (]: Began executing node test.olist_pipeline.not_null_dim_sellers_seller_key.760876479e
[0m13:51:34.604705 [debug] [Thread-5 (]: Writing runtime sql for node "test.olist_pipeline.not_null_dim_sellers_seller_key.760876479e"
[0m13:51:34.618347 [debug] [Thread-5 (]: Using snowflake connection "test.olist_pipeline.not_null_dim_sellers_seller_key.760876479e"
[0m13:51:34.620355 [debug] [Thread-5 (]: On test.olist_pipeline.not_null_dim_sellers_seller_key.760876479e: select
      count(*) as failures,
      count(*) != 0 as should_warn,
      count(*) != 0 as should_error
    from (
      
    
  
    
    



select seller_key
from PROJETO_OLIST_DB.ANALYTICS.dim_sellers
where seller_key is null



  
  
      
    ) dbt_internal_test
/* {"app": "dbt", "dbt_version": "1.12.0", "profile_name": "olist_pipeline", "target_name": "dev", "node_id": "test.olist_pipeline.not_null_dim_sellers_seller_key.760876479e"} */
[0m13:51:34.768563 [debug] [Thread-3 (]: SQL status: SUCCESS 1 in 0.452 seconds
[0m13:51:34.773378 [info ] [Thread-3 (]: 10 of 51 PASS not_null_dim_products_product_id ................................. [[32mPASS[0m in 0.53s]
[0m13:51:34.775546 [debug] [Thread-3 (]: Finished running node test.olist_pipeline.not_null_dim_products_product_id.c8aba288d1
[0m13:51:34.776943 [debug] [Thread-3 (]: Began running node test.olist_pipeline.not_null_fact_order_items_order_item_key.6970b9b088
[0m13:51:34.778138 [info ] [Thread-3 (]: 14 of 51 START test not_null_fact_order_items_order_item_key ................... [RUN]
[0m13:51:34.779666 [debug] [Thread-3 (]: Re-using an available connection from the pool (formerly test.olist_pipeline.not_null_dim_products_product_id.c8aba288d1, now test.olist_pipeline.not_null_fact_order_items_order_item_key.6970b9b088)
[0m13:51:34.781207 [debug] [Thread-3 (]: Began compiling node test.olist_pipeline.not_null_fact_order_items_order_item_key.6970b9b088
[0m13:51:34.792420 [debug] [Thread-3 (]: Writing injected SQL for node "test.olist_pipeline.not_null_fact_order_items_order_item_key.6970b9b088"
[0m13:51:34.807199 [debug] [Thread-3 (]: Began executing node test.olist_pipeline.not_null_fact_order_items_order_item_key.6970b9b088
[0m13:51:34.810444 [debug] [Thread-3 (]: Writing runtime sql for node "test.olist_pipeline.not_null_fact_order_items_order_item_key.6970b9b088"
[0m13:51:34.823560 [debug] [Thread-3 (]: Using snowflake connection "test.olist_pipeline.not_null_fact_order_items_order_item_key.6970b9b088"
[0m13:51:34.825138 [debug] [Thread-3 (]: On test.olist_pipeline.not_null_fact_order_items_order_item_key.6970b9b088: select
      count(*) as failures,
      count(*) != 0 as should_warn,
      count(*) != 0 as should_error
    from (
      
    
  
    
    



select order_item_key
from PROJETO_OLIST_DB.ANALYTICS.fact_order_items
where order_item_key is null



  
  
      
    ) dbt_internal_test
/* {"app": "dbt", "dbt_version": "1.12.0", "profile_name": "olist_pipeline", "target_name": "dev", "node_id": "test.olist_pipeline.not_null_fact_order_items_order_item_key.6970b9b088"} */
[0m13:51:34.856266 [debug] [Thread-2 (]: SQL status: SUCCESS 1 in 0.524 seconds
[0m13:51:34.859561 [info ] [Thread-2 (]: 11 of 51 PASS not_null_dim_products_product_key ................................ [[32mPASS[0m in 0.58s]
[0m13:51:34.861481 [debug] [Thread-2 (]: Finished running node test.olist_pipeline.not_null_dim_products_product_key.a98dfddb9a
[0m13:51:34.863233 [debug] [Thread-2 (]: Began running node test.olist_pipeline.not_null_fact_orders_order_id.6ba6d3f0a0
[0m13:51:34.865137 [info ] [Thread-2 (]: 15 of 51 START test not_null_fact_orders_order_id .............................. [RUN]
[0m13:51:34.867232 [debug] [Thread-2 (]: Re-using an available connection from the pool (formerly test.olist_pipeline.not_null_dim_products_product_key.a98dfddb9a, now test.olist_pipeline.not_null_fact_orders_order_id.6ba6d3f0a0)
[0m13:51:34.869208 [debug] [Thread-2 (]: Began compiling node test.olist_pipeline.not_null_fact_orders_order_id.6ba6d3f0a0
[0m13:51:34.878107 [debug] [Thread-2 (]: Writing injected SQL for node "test.olist_pipeline.not_null_fact_orders_order_id.6ba6d3f0a0"
[0m13:51:34.896855 [debug] [Thread-2 (]: Began executing node test.olist_pipeline.not_null_fact_orders_order_id.6ba6d3f0a0
[0m13:51:34.901832 [debug] [Thread-2 (]: Writing runtime sql for node "test.olist_pipeline.not_null_fact_orders_order_id.6ba6d3f0a0"
[0m13:51:34.909128 [debug] [Thread-4 (]: SQL status: SUCCESS 1 in 0.409 seconds
[0m13:51:34.914163 [info ] [Thread-4 (]: 12 of 51 PASS not_null_dim_sellers_seller_id ................................... [[32mPASS[0m in 0.47s]
[0m13:51:34.916619 [debug] [Thread-4 (]: Finished running node test.olist_pipeline.not_null_dim_sellers_seller_id.2e68260d7c
[0m13:51:34.918111 [debug] [Thread-2 (]: Using snowflake connection "test.olist_pipeline.not_null_fact_orders_order_id.6ba6d3f0a0"
[0m13:51:34.918894 [debug] [Thread-4 (]: Began running node test.olist_pipeline.not_null_fact_orders_order_key.e893eb60e4
[0m13:51:34.920482 [debug] [Thread-2 (]: On test.olist_pipeline.not_null_fact_orders_order_id.6ba6d3f0a0: select
      count(*) as failures,
      count(*) != 0 as should_warn,
      count(*) != 0 as should_error
    from (
      
    
  
    
    



select order_id
from PROJETO_OLIST_DB.ANALYTICS.fact_orders
where order_id is null



  
  
      
    ) dbt_internal_test
/* {"app": "dbt", "dbt_version": "1.12.0", "profile_name": "olist_pipeline", "target_name": "dev", "node_id": "test.olist_pipeline.not_null_fact_orders_order_id.6ba6d3f0a0"} */
[0m13:51:34.922114 [info ] [Thread-4 (]: 16 of 51 START test not_null_fact_orders_order_key ............................. [RUN]
[0m13:51:34.929019 [debug] [Thread-4 (]: Re-using an available connection from the pool (formerly test.olist_pipeline.not_null_dim_sellers_seller_id.2e68260d7c, now test.olist_pipeline.not_null_fact_orders_order_key.e893eb60e4)
[0m13:51:34.931044 [debug] [Thread-4 (]: Began compiling node test.olist_pipeline.not_null_fact_orders_order_key.e893eb60e4
[0m13:51:34.938911 [debug] [Thread-4 (]: Writing injected SQL for node "test.olist_pipeline.not_null_fact_orders_order_key.e893eb60e4"
[0m13:51:34.950971 [debug] [Thread-4 (]: Began executing node test.olist_pipeline.not_null_fact_orders_order_key.e893eb60e4
[0m13:51:34.954358 [debug] [Thread-4 (]: Writing runtime sql for node "test.olist_pipeline.not_null_fact_orders_order_key.e893eb60e4"
[0m13:51:34.971440 [debug] [Thread-4 (]: Using snowflake connection "test.olist_pipeline.not_null_fact_orders_order_key.e893eb60e4"
[0m13:51:34.973433 [debug] [Thread-4 (]: On test.olist_pipeline.not_null_fact_orders_order_key.e893eb60e4: select
      count(*) as failures,
      count(*) != 0 as should_warn,
      count(*) != 0 as should_error
    from (
      
    
  
    
    



select order_key
from PROJETO_OLIST_DB.ANALYTICS.fact_orders
where order_key is null



  
  
      
    ) dbt_internal_test
/* {"app": "dbt", "dbt_version": "1.12.0", "profile_name": "olist_pipeline", "target_name": "dev", "node_id": "test.olist_pipeline.not_null_fact_orders_order_key.e893eb60e4"} */
[0m13:51:34.993232 [debug] [Thread-5 (]: SQL status: SUCCESS 1 in 0.371 seconds
[0m13:51:34.996396 [info ] [Thread-5 (]: 13 of 51 PASS not_null_dim_sellers_seller_key .................................. [[32mPASS[0m in 0.42s]
[0m13:51:34.998289 [debug] [Thread-5 (]: Finished running node test.olist_pipeline.not_null_dim_sellers_seller_key.760876479e
[0m13:51:34.999764 [debug] [Thread-5 (]: Began running node test.olist_pipeline.not_null_fact_payments_payment_key.6556c112a5
[0m13:51:35.001085 [info ] [Thread-5 (]: 17 of 51 START test not_null_fact_payments_payment_key ......................... [RUN]
[0m13:51:35.002981 [debug] [Thread-5 (]: Re-using an available connection from the pool (formerly test.olist_pipeline.not_null_dim_sellers_seller_key.760876479e, now test.olist_pipeline.not_null_fact_payments_payment_key.6556c112a5)
[0m13:51:35.004396 [debug] [Thread-5 (]: Began compiling node test.olist_pipeline.not_null_fact_payments_payment_key.6556c112a5
[0m13:51:35.013332 [debug] [Thread-5 (]: Writing injected SQL for node "test.olist_pipeline.not_null_fact_payments_payment_key.6556c112a5"
[0m13:51:35.031915 [debug] [Thread-5 (]: Began executing node test.olist_pipeline.not_null_fact_payments_payment_key.6556c112a5
[0m13:51:35.036621 [debug] [Thread-5 (]: Writing runtime sql for node "test.olist_pipeline.not_null_fact_payments_payment_key.6556c112a5"
[0m13:51:35.051233 [debug] [Thread-5 (]: Using snowflake connection "test.olist_pipeline.not_null_fact_payments_payment_key.6556c112a5"
[0m13:51:35.052678 [debug] [Thread-5 (]: On test.olist_pipeline.not_null_fact_payments_payment_key.6556c112a5: select
      count(*) as failures,
      count(*) != 0 as should_warn,
      count(*) != 0 as should_error
    from (
      
    
  
    
    



select payment_key
from PROJETO_OLIST_DB.ANALYTICS.fact_payments
where payment_key is null



  
  
      
    ) dbt_internal_test
/* {"app": "dbt", "dbt_version": "1.12.0", "profile_name": "olist_pipeline", "target_name": "dev", "node_id": "test.olist_pipeline.not_null_fact_payments_payment_key.6556c112a5"} */
[0m13:51:35.197150 [debug] [Thread-3 (]: SQL status: SUCCESS 1 in 0.370 seconds
[0m13:51:35.200401 [info ] [Thread-3 (]: 14 of 51 PASS not_null_fact_order_items_order_item_key ......................... [[32mPASS[0m in 0.42s]
[0m13:51:35.202368 [debug] [Thread-3 (]: Finished running node test.olist_pipeline.not_null_fact_order_items_order_item_key.6970b9b088
[0m13:51:35.203649 [debug] [Thread-3 (]: Began running node test.olist_pipeline.not_null_fact_reviews_review_key.5f7b22bd20
[0m13:51:35.206237 [info ] [Thread-3 (]: 18 of 51 START test not_null_fact_reviews_review_key ........................... [RUN]
[0m13:51:35.208117 [debug] [Thread-3 (]: Re-using an available connection from the pool (formerly test.olist_pipeline.not_null_fact_order_items_order_item_key.6970b9b088, now test.olist_pipeline.not_null_fact_reviews_review_key.5f7b22bd20)
[0m13:51:35.209744 [debug] [Thread-3 (]: Began compiling node test.olist_pipeline.not_null_fact_reviews_review_key.5f7b22bd20
[0m13:51:35.218262 [debug] [Thread-3 (]: Writing injected SQL for node "test.olist_pipeline.not_null_fact_reviews_review_key.5f7b22bd20"
[0m13:51:35.229341 [debug] [Thread-3 (]: Began executing node test.olist_pipeline.not_null_fact_reviews_review_key.5f7b22bd20
[0m13:51:35.232360 [debug] [Thread-3 (]: Writing runtime sql for node "test.olist_pipeline.not_null_fact_reviews_review_key.5f7b22bd20"
[0m13:51:35.244705 [debug] [Thread-3 (]: Using snowflake connection "test.olist_pipeline.not_null_fact_reviews_review_key.5f7b22bd20"
[0m13:51:35.246460 [debug] [Thread-3 (]: On test.olist_pipeline.not_null_fact_reviews_review_key.5f7b22bd20: select
      count(*) as failures,
      count(*) != 0 as should_warn,
      count(*) != 0 as should_error
    from (
      
    
  
    
    



select review_key
from PROJETO_OLIST_DB.ANALYTICS.fact_reviews
where review_key is null



  
  
      
    ) dbt_internal_test
/* {"app": "dbt", "dbt_version": "1.12.0", "profile_name": "olist_pipeline", "target_name": "dev", "node_id": "test.olist_pipeline.not_null_fact_reviews_review_key.5f7b22bd20"} */
[0m13:51:35.267571 [debug] [Thread-2 (]: SQL status: SUCCESS 1 in 0.343 seconds
[0m13:51:35.274851 [info ] [Thread-2 (]: 15 of 51 PASS not_null_fact_orders_order_id .................................... [[32mPASS[0m in 0.41s]
[0m13:51:35.278377 [debug] [Thread-2 (]: Finished running node test.olist_pipeline.not_null_fact_orders_order_id.6ba6d3f0a0
[0m13:51:35.282366 [debug] [Thread-2 (]: Began running node test.olist_pipeline.not_null_mart_late_delivery_features_is_late.a0ceafc613
[0m13:51:35.284155 [info ] [Thread-2 (]: 19 of 51 START test not_null_mart_late_delivery_features_is_late ............... [RUN]
[0m13:51:35.285771 [debug] [Thread-2 (]: Re-using an available connection from the pool (formerly test.olist_pipeline.not_null_fact_orders_order_id.6ba6d3f0a0, now test.olist_pipeline.not_null_mart_late_delivery_features_is_late.a0ceafc613)
[0m13:51:35.287395 [debug] [Thread-2 (]: Began compiling node test.olist_pipeline.not_null_mart_late_delivery_features_is_late.a0ceafc613
[0m13:51:35.299478 [debug] [Thread-2 (]: Writing injected SQL for node "test.olist_pipeline.not_null_mart_late_delivery_features_is_late.a0ceafc613"
[0m13:51:35.327379 [debug] [Thread-2 (]: Began executing node test.olist_pipeline.not_null_mart_late_delivery_features_is_late.a0ceafc613
[0m13:51:35.331512 [debug] [Thread-2 (]: Writing runtime sql for node "test.olist_pipeline.not_null_mart_late_delivery_features_is_late.a0ceafc613"
[0m13:51:35.333385 [debug] [Thread-4 (]: SQL status: SUCCESS 1 in 0.358 seconds
[0m13:51:35.337207 [info ] [Thread-4 (]: 16 of 51 PASS not_null_fact_orders_order_key ................................... [[32mPASS[0m in 0.41s]
[0m13:51:35.338961 [debug] [Thread-4 (]: Finished running node test.olist_pipeline.not_null_fact_orders_order_key.e893eb60e4
[0m13:51:35.340121 [debug] [Thread-4 (]: Began running node test.olist_pipeline.not_null_mart_late_delivery_features_order_id.7058526522
[0m13:51:35.341924 [info ] [Thread-4 (]: 20 of 51 START test not_null_mart_late_delivery_features_order_id .............. [RUN]
[0m13:51:35.345441 [debug] [Thread-4 (]: Re-using an available connection from the pool (formerly test.olist_pipeline.not_null_fact_orders_order_key.e893eb60e4, now test.olist_pipeline.not_null_mart_late_delivery_features_order_id.7058526522)
[0m13:51:35.347548 [debug] [Thread-4 (]: Began compiling node test.olist_pipeline.not_null_mart_late_delivery_features_order_id.7058526522
[0m13:51:35.360236 [debug] [Thread-4 (]: Writing injected SQL for node "test.olist_pipeline.not_null_mart_late_delivery_features_order_id.7058526522"
[0m13:51:35.367214 [debug] [Thread-2 (]: Using snowflake connection "test.olist_pipeline.not_null_mart_late_delivery_features_is_late.a0ceafc613"
[0m13:51:35.368742 [debug] [Thread-2 (]: On test.olist_pipeline.not_null_mart_late_delivery_features_is_late.a0ceafc613: select
      count(*) as failures,
      count(*) != 0 as should_warn,
      count(*) != 0 as should_error
    from (
      
    
  
    
    



select is_late
from PROJETO_OLIST_DB.ANALYTICS.mart_late_delivery_features
where is_late is null



  
  
      
    ) dbt_internal_test
/* {"app": "dbt", "dbt_version": "1.12.0", "profile_name": "olist_pipeline", "target_name": "dev", "node_id": "test.olist_pipeline.not_null_mart_late_delivery_features_is_late.a0ceafc613"} */
[0m13:51:35.377797 [debug] [Thread-4 (]: Began executing node test.olist_pipeline.not_null_mart_late_delivery_features_order_id.7058526522
[0m13:51:35.382036 [debug] [Thread-4 (]: Writing runtime sql for node "test.olist_pipeline.not_null_mart_late_delivery_features_order_id.7058526522"
[0m13:51:35.398007 [debug] [Thread-4 (]: Using snowflake connection "test.olist_pipeline.not_null_mart_late_delivery_features_order_id.7058526522"
[0m13:51:35.399853 [debug] [Thread-4 (]: On test.olist_pipeline.not_null_mart_late_delivery_features_order_id.7058526522: select
      count(*) as failures,
      count(*) != 0 as should_warn,
      count(*) != 0 as should_error
    from (
      
    
  
    
    



select order_id
from PROJETO_OLIST_DB.ANALYTICS.mart_late_delivery_features
where order_id is null



  
  
      
    ) dbt_internal_test
/* {"app": "dbt", "dbt_version": "1.12.0", "profile_name": "olist_pipeline", "target_name": "dev", "node_id": "test.olist_pipeline.not_null_mart_late_delivery_features_order_id.7058526522"} */
[0m13:51:35.432879 [debug] [Thread-5 (]: SQL status: SUCCESS 1 in 0.379 seconds
[0m13:51:35.436927 [info ] [Thread-5 (]: 17 of 51 PASS not_null_fact_payments_payment_key ............................... [[32mPASS[0m in 0.43s]
[0m13:51:35.439155 [debug] [Thread-5 (]: Finished running node test.olist_pipeline.not_null_fact_payments_payment_key.6556c112a5
[0m13:51:35.441320 [debug] [Thread-5 (]: Began running node test.olist_pipeline.not_null_mart_ml_results_order_id.e439aebedd
[0m13:51:35.443305 [info ] [Thread-5 (]: 21 of 51 START test not_null_mart_ml_results_order_id .......................... [RUN]
[0m13:51:35.445081 [debug] [Thread-5 (]: Re-using an available connection from the pool (formerly test.olist_pipeline.not_null_fact_payments_payment_key.6556c112a5, now test.olist_pipeline.not_null_mart_ml_results_order_id.e439aebedd)
[0m13:51:35.446841 [debug] [Thread-5 (]: Began compiling node test.olist_pipeline.not_null_mart_ml_results_order_id.e439aebedd
[0m13:51:35.456885 [debug] [Thread-5 (]: Writing injected SQL for node "test.olist_pipeline.not_null_mart_ml_results_order_id.e439aebedd"
[0m13:51:35.470097 [debug] [Thread-5 (]: Began executing node test.olist_pipeline.not_null_mart_ml_results_order_id.e439aebedd
[0m13:51:35.473153 [debug] [Thread-5 (]: Writing runtime sql for node "test.olist_pipeline.not_null_mart_ml_results_order_id.e439aebedd"
[0m13:51:35.487507 [debug] [Thread-5 (]: Using snowflake connection "test.olist_pipeline.not_null_mart_ml_results_order_id.e439aebedd"
[0m13:51:35.488839 [debug] [Thread-5 (]: On test.olist_pipeline.not_null_mart_ml_results_order_id.e439aebedd: select
      count(*) as failures,
      count(*) != 0 as should_warn,
      count(*) != 0 as should_error
    from (
      
    
  
    
    



select order_id
from PROJETO_OLIST_DB.ANALYTICS.mart_ml_results
where order_id is null



  
  
      
    ) dbt_internal_test
/* {"app": "dbt", "dbt_version": "1.12.0", "profile_name": "olist_pipeline", "target_name": "dev", "node_id": "test.olist_pipeline.not_null_mart_ml_results_order_id.e439aebedd"} */
[0m13:51:35.628450 [debug] [Thread-3 (]: SQL status: SUCCESS 1 in 0.380 seconds
[0m13:51:35.633067 [info ] [Thread-3 (]: 18 of 51 PASS not_null_fact_reviews_review_key ................................. [[32mPASS[0m in 0.42s]
[0m13:51:35.636049 [debug] [Thread-3 (]: Finished running node test.olist_pipeline.not_null_fact_reviews_review_key.5f7b22bd20
[0m13:51:35.638079 [debug] [Thread-3 (]: Began running node test.olist_pipeline.not_null_stg_customers_customer_id.e2cfb1f9aa
[0m13:51:35.640072 [info ] [Thread-3 (]: 22 of 51 START test not_null_stg_customers_customer_id ......................... [RUN]
[0m13:51:35.642124 [debug] [Thread-3 (]: Re-using an available connection from the pool (formerly test.olist_pipeline.not_null_fact_reviews_review_key.5f7b22bd20, now test.olist_pipeline.not_null_stg_customers_customer_id.e2cfb1f9aa)
[0m13:51:35.643856 [debug] [Thread-3 (]: Began compiling node test.olist_pipeline.not_null_stg_customers_customer_id.e2cfb1f9aa
[0m13:51:35.652498 [debug] [Thread-3 (]: Writing injected SQL for node "test.olist_pipeline.not_null_stg_customers_customer_id.e2cfb1f9aa"
[0m13:51:35.665444 [debug] [Thread-3 (]: Began executing node test.olist_pipeline.not_null_stg_customers_customer_id.e2cfb1f9aa
[0m13:51:35.668894 [debug] [Thread-3 (]: Writing runtime sql for node "test.olist_pipeline.not_null_stg_customers_customer_id.e2cfb1f9aa"
[0m13:51:35.684443 [debug] [Thread-3 (]: Using snowflake connection "test.olist_pipeline.not_null_stg_customers_customer_id.e2cfb1f9aa"
[0m13:51:35.686175 [debug] [Thread-3 (]: On test.olist_pipeline.not_null_stg_customers_customer_id.e2cfb1f9aa: select
      count(*) as failures,
      count(*) != 0 as should_warn,
      count(*) != 0 as should_error
    from (
      
    
  
    
    



select customer_id
from PROJETO_OLIST_DB.ANALYTICS.stg_customers
where customer_id is null



  
  
      
    ) dbt_internal_test
/* {"app": "dbt", "dbt_version": "1.12.0", "profile_name": "olist_pipeline", "target_name": "dev", "node_id": "test.olist_pipeline.not_null_stg_customers_customer_id.e2cfb1f9aa"} */
[0m13:51:35.714879 [debug] [Thread-2 (]: SQL status: SUCCESS 1 in 0.345 seconds
[0m13:51:35.718955 [info ] [Thread-2 (]: 19 of 51 PASS not_null_mart_late_delivery_features_is_late ..................... [[32mPASS[0m in 0.43s]
[0m13:51:35.721648 [debug] [Thread-2 (]: Finished running node test.olist_pipeline.not_null_mart_late_delivery_features_is_late.a0ceafc613
[0m13:51:35.723629 [debug] [Thread-2 (]: Began running node test.olist_pipeline.not_null_stg_ml_predictions_order_id.27fe487bc9
[0m13:51:35.725969 [info ] [Thread-2 (]: 23 of 51 START test not_null_stg_ml_predictions_order_id ....................... [RUN]
[0m13:51:35.730315 [debug] [Thread-2 (]: Re-using an available connection from the pool (formerly test.olist_pipeline.not_null_mart_late_delivery_features_is_late.a0ceafc613, now test.olist_pipeline.not_null_stg_ml_predictions_order_id.27fe487bc9)
[0m13:51:35.732363 [debug] [Thread-2 (]: Began compiling node test.olist_pipeline.not_null_stg_ml_predictions_order_id.27fe487bc9
[0m13:51:35.741796 [debug] [Thread-2 (]: Writing injected SQL for node "test.olist_pipeline.not_null_stg_ml_predictions_order_id.27fe487bc9"
[0m13:51:35.758396 [debug] [Thread-2 (]: Began executing node test.olist_pipeline.not_null_stg_ml_predictions_order_id.27fe487bc9
[0m13:51:35.762915 [debug] [Thread-2 (]: Writing runtime sql for node "test.olist_pipeline.not_null_stg_ml_predictions_order_id.27fe487bc9"
[0m13:51:35.764326 [debug] [Thread-4 (]: SQL status: SUCCESS 1 in 0.363 seconds
[0m13:51:35.768301 [info ] [Thread-4 (]: 20 of 51 PASS not_null_mart_late_delivery_features_order_id .................... [[32mPASS[0m in 0.42s]
[0m13:51:35.770291 [debug] [Thread-4 (]: Finished running node test.olist_pipeline.not_null_mart_late_delivery_features_order_id.7058526522
[0m13:51:35.771931 [debug] [Thread-4 (]: Began running node test.olist_pipeline.not_null_stg_order_reviews_review_id.9ed4569df1
[0m13:51:35.773280 [info ] [Thread-4 (]: 24 of 51 START test not_null_stg_order_reviews_review_id ....................... [RUN]
[0m13:51:35.775783 [debug] [Thread-4 (]: Re-using an available connection from the pool (formerly test.olist_pipeline.not_null_mart_late_delivery_features_order_id.7058526522, now test.olist_pipeline.not_null_stg_order_reviews_review_id.9ed4569df1)
[0m13:51:35.777841 [debug] [Thread-4 (]: Began compiling node test.olist_pipeline.not_null_stg_order_reviews_review_id.9ed4569df1
[0m13:51:35.786293 [debug] [Thread-2 (]: Using snowflake connection "test.olist_pipeline.not_null_stg_ml_predictions_order_id.27fe487bc9"
[0m13:51:35.787446 [debug] [Thread-4 (]: Writing injected SQL for node "test.olist_pipeline.not_null_stg_order_reviews_review_id.9ed4569df1"
[0m13:51:35.788524 [debug] [Thread-2 (]: On test.olist_pipeline.not_null_stg_ml_predictions_order_id.27fe487bc9: select
      count(*) as failures,
      count(*) != 0 as should_warn,
      count(*) != 0 as should_error
    from (
      
    
  
    
    



select order_id
from PROJETO_OLIST_DB.ANALYTICS.stg_ml_predictions
where order_id is null



  
  
      
    ) dbt_internal_test
/* {"app": "dbt", "dbt_version": "1.12.0", "profile_name": "olist_pipeline", "target_name": "dev", "node_id": "test.olist_pipeline.not_null_stg_ml_predictions_order_id.27fe487bc9"} */
[0m13:51:35.803044 [debug] [Thread-4 (]: Began executing node test.olist_pipeline.not_null_stg_order_reviews_review_id.9ed4569df1
[0m13:51:35.807445 [debug] [Thread-4 (]: Writing runtime sql for node "test.olist_pipeline.not_null_stg_order_reviews_review_id.9ed4569df1"
[0m13:51:35.816861 [debug] [Thread-5 (]: SQL status: SUCCESS 1 in 0.327 seconds
[0m13:51:35.819918 [info ] [Thread-5 (]: 21 of 51 PASS not_null_mart_ml_results_order_id ................................ [[32mPASS[0m in 0.38s]
[0m13:51:35.823071 [debug] [Thread-5 (]: Finished running node test.olist_pipeline.not_null_mart_ml_results_order_id.e439aebedd
[0m13:51:35.824083 [debug] [Thread-4 (]: Using snowflake connection "test.olist_pipeline.not_null_stg_order_reviews_review_id.9ed4569df1"
[0m13:51:35.825345 [debug] [Thread-5 (]: Began running node test.olist_pipeline.not_null_stg_order_reviews_sentiment_label.fd546b7a9f
[0m13:51:35.826717 [debug] [Thread-4 (]: On test.olist_pipeline.not_null_stg_order_reviews_review_id.9ed4569df1: select
      count(*) as failures,
      count(*) != 0 as should_warn,
      count(*) != 0 as should_error
    from (
      
    
  
    
    



select review_id
from PROJETO_OLIST_DB.ANALYTICS.stg_order_reviews
where review_id is null



  
  
      
    ) dbt_internal_test
/* {"app": "dbt", "dbt_version": "1.12.0", "profile_name": "olist_pipeline", "target_name": "dev", "node_id": "test.olist_pipeline.not_null_stg_order_reviews_review_id.9ed4569df1"} */
[0m13:51:35.828280 [info ] [Thread-5 (]: 25 of 51 START test not_null_stg_order_reviews_sentiment_label ................. [RUN]
[0m13:51:35.831481 [debug] [Thread-5 (]: Re-using an available connection from the pool (formerly test.olist_pipeline.not_null_mart_ml_results_order_id.e439aebedd, now test.olist_pipeline.not_null_stg_order_reviews_sentiment_label.fd546b7a9f)
[0m13:51:35.832910 [debug] [Thread-5 (]: Began compiling node test.olist_pipeline.not_null_stg_order_reviews_sentiment_label.fd546b7a9f
[0m13:51:35.840988 [debug] [Thread-5 (]: Writing injected SQL for node "test.olist_pipeline.not_null_stg_order_reviews_sentiment_label.fd546b7a9f"
[0m13:51:35.855776 [debug] [Thread-5 (]: Began executing node test.olist_pipeline.not_null_stg_order_reviews_sentiment_label.fd546b7a9f
[0m13:51:35.859124 [debug] [Thread-5 (]: Writing runtime sql for node "test.olist_pipeline.not_null_stg_order_reviews_sentiment_label.fd546b7a9f"
[0m13:51:35.873080 [debug] [Thread-5 (]: Using snowflake connection "test.olist_pipeline.not_null_stg_order_reviews_sentiment_label.fd546b7a9f"
[0m13:51:35.875410 [debug] [Thread-5 (]: On test.olist_pipeline.not_null_stg_order_reviews_sentiment_label.fd546b7a9f: select
      count(*) as failures,
      count(*) != 0 as should_warn,
      count(*) != 0 as should_error
    from (
      
    
  
    
    



select sentiment_label
from PROJETO_OLIST_DB.ANALYTICS.stg_order_reviews
where sentiment_label is null



  
  
      
    ) dbt_internal_test
/* {"app": "dbt", "dbt_version": "1.12.0", "profile_name": "olist_pipeline", "target_name": "dev", "node_id": "test.olist_pipeline.not_null_stg_order_reviews_sentiment_label.fd546b7a9f"} */
[0m13:51:36.246594 [debug] [Thread-4 (]: SQL status: SUCCESS 1 in 0.417 seconds
[0m13:51:36.250239 [info ] [Thread-4 (]: 24 of 51 PASS not_null_stg_order_reviews_review_id ............................. [[32mPASS[0m in 0.47s]
[0m13:51:36.252506 [debug] [Thread-4 (]: Finished running node test.olist_pipeline.not_null_stg_order_reviews_review_id.9ed4569df1
[0m13:51:36.254020 [debug] [Thread-4 (]: Began running node test.olist_pipeline.not_null_stg_orders_order_id.81cfe2fe64
[0m13:51:36.255936 [info ] [Thread-4 (]: 26 of 51 START test not_null_stg_orders_order_id ............................... [RUN]
[0m13:51:36.258259 [debug] [Thread-4 (]: Re-using an available connection from the pool (formerly test.olist_pipeline.not_null_stg_order_reviews_review_id.9ed4569df1, now test.olist_pipeline.not_null_stg_orders_order_id.81cfe2fe64)
[0m13:51:36.259625 [debug] [Thread-4 (]: Began compiling node test.olist_pipeline.not_null_stg_orders_order_id.81cfe2fe64
[0m13:51:36.269051 [debug] [Thread-4 (]: Writing injected SQL for node "test.olist_pipeline.not_null_stg_orders_order_id.81cfe2fe64"
[0m13:51:36.280059 [debug] [Thread-4 (]: Began executing node test.olist_pipeline.not_null_stg_orders_order_id.81cfe2fe64
[0m13:51:36.283199 [debug] [Thread-4 (]: Writing runtime sql for node "test.olist_pipeline.not_null_stg_orders_order_id.81cfe2fe64"
[0m13:51:36.286930 [debug] [Thread-2 (]: SQL status: SUCCESS 1 in 0.495 seconds
[0m13:51:36.290876 [info ] [Thread-2 (]: 23 of 51 PASS not_null_stg_ml_predictions_order_id ............................. [[32mPASS[0m in 0.56s]
[0m13:51:36.292809 [debug] [Thread-2 (]: Finished running node test.olist_pipeline.not_null_stg_ml_predictions_order_id.27fe487bc9
[0m13:51:36.294151 [debug] [Thread-2 (]: Began running node test.olist_pipeline.not_null_stg_products_product_id.6373b0acf3
[0m13:51:36.295413 [info ] [Thread-2 (]: 27 of 51 START test not_null_stg_products_product_id ........................... [RUN]
[0m13:51:36.297088 [debug] [Thread-2 (]: Re-using an available connection from the pool (formerly test.olist_pipeline.not_null_stg_ml_predictions_order_id.27fe487bc9, now test.olist_pipeline.not_null_stg_products_product_id.6373b0acf3)
[0m13:51:36.298446 [debug] [Thread-4 (]: Using snowflake connection "test.olist_pipeline.not_null_stg_orders_order_id.81cfe2fe64"
[0m13:51:36.299344 [debug] [Thread-2 (]: Began compiling node test.olist_pipeline.not_null_stg_products_product_id.6373b0acf3
[0m13:51:36.300567 [debug] [Thread-4 (]: On test.olist_pipeline.not_null_stg_orders_order_id.81cfe2fe64: select
      count(*) as failures,
      count(*) != 0 as should_warn,
      count(*) != 0 as should_error
    from (
      
    
  
    
    



select order_id
from PROJETO_OLIST_DB.ANALYTICS.stg_orders
where order_id is null



  
  
      
    ) dbt_internal_test
/* {"app": "dbt", "dbt_version": "1.12.0", "profile_name": "olist_pipeline", "target_name": "dev", "node_id": "test.olist_pipeline.not_null_stg_orders_order_id.81cfe2fe64"} */
[0m13:51:36.310878 [debug] [Thread-2 (]: Writing injected SQL for node "test.olist_pipeline.not_null_stg_products_product_id.6373b0acf3"
[0m13:51:36.312626 [debug] [Thread-5 (]: SQL status: SUCCESS 1 in 0.436 seconds
[0m13:51:36.320416 [info ] [Thread-5 (]: 25 of 51 PASS not_null_stg_order_reviews_sentiment_label ....................... [[32mPASS[0m in 0.49s]
[0m13:51:36.322496 [debug] [Thread-5 (]: Finished running node test.olist_pipeline.not_null_stg_order_reviews_sentiment_label.fd546b7a9f
[0m13:51:36.323905 [debug] [Thread-5 (]: Began running node test.olist_pipeline.not_null_stg_sellers_seller_id.35d0bce315
[0m13:51:36.325256 [info ] [Thread-5 (]: 28 of 51 START test not_null_stg_sellers_seller_id ............................. [RUN]
[0m13:51:36.327143 [debug] [Thread-5 (]: Re-using an available connection from the pool (formerly test.olist_pipeline.not_null_stg_order_reviews_sentiment_label.fd546b7a9f, now test.olist_pipeline.not_null_stg_sellers_seller_id.35d0bce315)
[0m13:51:36.327838 [debug] [Thread-2 (]: Began executing node test.olist_pipeline.not_null_stg_products_product_id.6373b0acf3
[0m13:51:36.328875 [debug] [Thread-5 (]: Began compiling node test.olist_pipeline.not_null_stg_sellers_seller_id.35d0bce315
[0m13:51:36.331889 [debug] [Thread-2 (]: Writing runtime sql for node "test.olist_pipeline.not_null_stg_products_product_id.6373b0acf3"
[0m13:51:36.340908 [debug] [Thread-5 (]: Writing injected SQL for node "test.olist_pipeline.not_null_stg_sellers_seller_id.35d0bce315"
[0m13:51:36.352828 [debug] [Thread-2 (]: Using snowflake connection "test.olist_pipeline.not_null_stg_products_product_id.6373b0acf3"
[0m13:51:36.354224 [debug] [Thread-5 (]: Began executing node test.olist_pipeline.not_null_stg_sellers_seller_id.35d0bce315
[0m13:51:36.355905 [debug] [Thread-2 (]: On test.olist_pipeline.not_null_stg_products_product_id.6373b0acf3: select
      count(*) as failures,
      count(*) != 0 as should_warn,
      count(*) != 0 as should_error
    from (
      
    
  
    
    



select product_id
from PROJETO_OLIST_DB.ANALYTICS.stg_products
where product_id is null



  
  
      
    ) dbt_internal_test
/* {"app": "dbt", "dbt_version": "1.12.0", "profile_name": "olist_pipeline", "target_name": "dev", "node_id": "test.olist_pipeline.not_null_stg_products_product_id.6373b0acf3"} */
[0m13:51:36.359021 [debug] [Thread-5 (]: Writing runtime sql for node "test.olist_pipeline.not_null_stg_sellers_seller_id.35d0bce315"
[0m13:51:36.373248 [debug] [Thread-5 (]: Using snowflake connection "test.olist_pipeline.not_null_stg_sellers_seller_id.35d0bce315"
[0m13:51:36.375049 [debug] [Thread-5 (]: On test.olist_pipeline.not_null_stg_sellers_seller_id.35d0bce315: select
      count(*) as failures,
      count(*) != 0 as should_warn,
      count(*) != 0 as should_error
    from (
      
    
  
    
    



select seller_id
from PROJETO_OLIST_DB.ANALYTICS.stg_sellers
where seller_id is null



  
  
      
    ) dbt_internal_test
/* {"app": "dbt", "dbt_version": "1.12.0", "profile_name": "olist_pipeline", "target_name": "dev", "node_id": "test.olist_pipeline.not_null_stg_sellers_seller_id.35d0bce315"} */
[0m13:51:36.400812 [debug] [Thread-3 (]: SQL status: SUCCESS 1 in 0.713 seconds
[0m13:51:36.404857 [info ] [Thread-3 (]: 22 of 51 PASS not_null_stg_customers_customer_id ............................... [[32mPASS[0m in 0.76s]
[0m13:51:36.406887 [debug] [Thread-3 (]: Finished running node test.olist_pipeline.not_null_stg_customers_customer_id.e2cfb1f9aa
[0m13:51:36.408652 [debug] [Thread-3 (]: Began running node test.olist_pipeline.relationships_fact_order_items_product_key__product_key__ref_dim_products_.63f012c217
[0m13:51:36.410226 [info ] [Thread-3 (]: 29 of 51 START test relationships_fact_order_items_product_key__product_key__ref_dim_products_  [RUN]
[0m13:51:36.411844 [debug] [Thread-3 (]: Re-using an available connection from the pool (formerly test.olist_pipeline.not_null_stg_customers_customer_id.e2cfb1f9aa, now test.olist_pipeline.relationships_fact_order_items_product_key__product_key__ref_dim_products_.63f012c217)
[0m13:51:36.413402 [debug] [Thread-3 (]: Began compiling node test.olist_pipeline.relationships_fact_order_items_product_key__product_key__ref_dim_products_.63f012c217
[0m13:51:36.431993 [debug] [Thread-3 (]: Writing injected SQL for node "test.olist_pipeline.relationships_fact_order_items_product_key__product_key__ref_dim_products_.63f012c217"
[0m13:51:36.446439 [debug] [Thread-3 (]: Began executing node test.olist_pipeline.relationships_fact_order_items_product_key__product_key__ref_dim_products_.63f012c217
[0m13:51:36.449789 [debug] [Thread-3 (]: Writing runtime sql for node "test.olist_pipeline.relationships_fact_order_items_product_key__product_key__ref_dim_products_.63f012c217"
[0m13:51:36.463647 [debug] [Thread-3 (]: Using snowflake connection "test.olist_pipeline.relationships_fact_order_items_product_key__product_key__ref_dim_products_.63f012c217"
[0m13:51:36.465000 [debug] [Thread-3 (]: On test.olist_pipeline.relationships_fact_order_items_product_key__product_key__ref_dim_products_.63f012c217: select
      count(*) as failures,
      count(*) != 0 as should_warn,
      count(*) != 0 as should_error
    from (
      
    
  
    
    

with child as (
    select product_key as from_field
    from PROJETO_OLIST_DB.ANALYTICS.fact_order_items
    where product_key is not null
),

parent as (
    select product_key as to_field
    from PROJETO_OLIST_DB.ANALYTICS.dim_products
)

select
    from_field

from child
left join parent
    on child.from_field = parent.to_field

where parent.to_field is null



  
  
      
    ) dbt_internal_test
/* {"app": "dbt", "dbt_version": "1.12.0", "profile_name": "olist_pipeline", "target_name": "dev", "node_id": "test.olist_pipeline.relationships_fact_order_items_product_key__product_key__ref_dim_products_.63f012c217"} */
[0m13:51:36.667614 [debug] [Thread-4 (]: SQL status: SUCCESS 1 in 0.354 seconds
[0m13:51:36.672687 [info ] [Thread-4 (]: 26 of 51 PASS not_null_stg_orders_order_id ..................................... [[32mPASS[0m in 0.41s]
[0m13:51:36.675877 [debug] [Thread-4 (]: Finished running node test.olist_pipeline.not_null_stg_orders_order_id.81cfe2fe64
[0m13:51:36.677984 [debug] [Thread-4 (]: Began running node test.olist_pipeline.relationships_fact_order_items_seller_key__seller_key__ref_dim_sellers_.1849cb17da
[0m13:51:36.680065 [info ] [Thread-4 (]: 30 of 51 START test relationships_fact_order_items_seller_key__seller_key__ref_dim_sellers_  [RUN]
[0m13:51:36.683028 [debug] [Thread-4 (]: Re-using an available connection from the pool (formerly test.olist_pipeline.not_null_stg_orders_order_id.81cfe2fe64, now test.olist_pipeline.relationships_fact_order_items_seller_key__seller_key__ref_dim_sellers_.1849cb17da)
[0m13:51:36.685068 [debug] [Thread-4 (]: Began compiling node test.olist_pipeline.relationships_fact_order_items_seller_key__seller_key__ref_dim_sellers_.1849cb17da
[0m13:51:36.701928 [debug] [Thread-4 (]: Writing injected SQL for node "test.olist_pipeline.relationships_fact_order_items_seller_key__seller_key__ref_dim_sellers_.1849cb17da"
[0m13:51:36.720028 [debug] [Thread-4 (]: Began executing node test.olist_pipeline.relationships_fact_order_items_seller_key__seller_key__ref_dim_sellers_.1849cb17da
[0m13:51:36.722972 [debug] [Thread-4 (]: Writing runtime sql for node "test.olist_pipeline.relationships_fact_order_items_seller_key__seller_key__ref_dim_sellers_.1849cb17da"
[0m13:51:36.736603 [debug] [Thread-4 (]: Using snowflake connection "test.olist_pipeline.relationships_fact_order_items_seller_key__seller_key__ref_dim_sellers_.1849cb17da"
[0m13:51:36.738257 [debug] [Thread-4 (]: On test.olist_pipeline.relationships_fact_order_items_seller_key__seller_key__ref_dim_sellers_.1849cb17da: select
      count(*) as failures,
      count(*) != 0 as should_warn,
      count(*) != 0 as should_error
    from (
      
    
  
    
    

with child as (
    select seller_key as from_field
    from PROJETO_OLIST_DB.ANALYTICS.fact_order_items
    where seller_key is not null
),

parent as (
    select seller_key as to_field
    from PROJETO_OLIST_DB.ANALYTICS.dim_sellers
)

select
    from_field

from child
left join parent
    on child.from_field = parent.to_field

where parent.to_field is null



  
  
      
    ) dbt_internal_test
/* {"app": "dbt", "dbt_version": "1.12.0", "profile_name": "olist_pipeline", "target_name": "dev", "node_id": "test.olist_pipeline.relationships_fact_order_items_seller_key__seller_key__ref_dim_sellers_.1849cb17da"} */
[0m13:51:36.754150 [debug] [Thread-2 (]: SQL status: SUCCESS 1 in 0.393 seconds
[0m13:51:36.758097 [info ] [Thread-2 (]: 27 of 51 PASS not_null_stg_products_product_id ................................. [[32mPASS[0m in 0.46s]
[0m13:51:36.759852 [debug] [Thread-2 (]: Finished running node test.olist_pipeline.not_null_stg_products_product_id.6373b0acf3
[0m13:51:36.761218 [debug] [Thread-2 (]: Began running node test.olist_pipeline.relationships_fact_orders_customer_key__customer_key__ref_dim_customers_.27f3f75b94
[0m13:51:36.762866 [info ] [Thread-2 (]: 31 of 51 START test relationships_fact_orders_customer_key__customer_key__ref_dim_customers_  [RUN]
[0m13:51:36.764649 [debug] [Thread-2 (]: Re-using an available connection from the pool (formerly test.olist_pipeline.not_null_stg_products_product_id.6373b0acf3, now test.olist_pipeline.relationships_fact_orders_customer_key__customer_key__ref_dim_customers_.27f3f75b94)
[0m13:51:36.766101 [debug] [Thread-2 (]: Began compiling node test.olist_pipeline.relationships_fact_orders_customer_key__customer_key__ref_dim_customers_.27f3f75b94
[0m13:51:36.783931 [debug] [Thread-2 (]: Writing injected SQL for node "test.olist_pipeline.relationships_fact_orders_customer_key__customer_key__ref_dim_customers_.27f3f75b94"
[0m13:51:36.797270 [debug] [Thread-2 (]: Began executing node test.olist_pipeline.relationships_fact_orders_customer_key__customer_key__ref_dim_customers_.27f3f75b94
[0m13:51:36.801422 [debug] [Thread-2 (]: Writing runtime sql for node "test.olist_pipeline.relationships_fact_orders_customer_key__customer_key__ref_dim_customers_.27f3f75b94"
[0m13:51:36.815868 [debug] [Thread-2 (]: Using snowflake connection "test.olist_pipeline.relationships_fact_orders_customer_key__customer_key__ref_dim_customers_.27f3f75b94"
[0m13:51:36.817588 [debug] [Thread-2 (]: On test.olist_pipeline.relationships_fact_orders_customer_key__customer_key__ref_dim_customers_.27f3f75b94: select
      count(*) as failures,
      count(*) != 0 as should_warn,
      count(*) != 0 as should_error
    from (
      
    
  
    
    

with child as (
    select customer_key as from_field
    from PROJETO_OLIST_DB.ANALYTICS.fact_orders
    where customer_key is not null
),

parent as (
    select customer_key as to_field
    from PROJETO_OLIST_DB.ANALYTICS.dim_customers
)

select
    from_field

from child
left join parent
    on child.from_field = parent.to_field

where parent.to_field is null



  
  
      
    ) dbt_internal_test
/* {"app": "dbt", "dbt_version": "1.12.0", "profile_name": "olist_pipeline", "target_name": "dev", "node_id": "test.olist_pipeline.relationships_fact_orders_customer_key__customer_key__ref_dim_customers_.27f3f75b94"} */
[0m13:51:36.872569 [debug] [Thread-3 (]: SQL status: SUCCESS 1 in 0.406 seconds
[0m13:51:36.878063 [info ] [Thread-3 (]: 29 of 51 PASS relationships_fact_order_items_product_key__product_key__ref_dim_products_  [[32mPASS[0m in 0.47s]
[0m13:51:36.880103 [debug] [Thread-5 (]: SQL status: SUCCESS 1 in 0.503 seconds
[0m13:51:36.881190 [debug] [Thread-3 (]: Finished running node test.olist_pipeline.relationships_fact_order_items_product_key__product_key__ref_dim_products_.63f012c217
[0m13:51:36.884359 [info ] [Thread-5 (]: 28 of 51 PASS not_null_stg_sellers_seller_id ................................... [[32mPASS[0m in 0.56s]
[0m13:51:36.887552 [debug] [Thread-3 (]: Began running node test.olist_pipeline.relationships_fact_reviews_order_key__order_key__ref_fact_orders_.c4ec6dfaf7
[0m13:51:36.889520 [debug] [Thread-5 (]: Finished running node test.olist_pipeline.not_null_stg_sellers_seller_id.35d0bce315
[0m13:51:36.890901 [info ] [Thread-3 (]: 32 of 51 START test relationships_fact_reviews_order_key__order_key__ref_fact_orders_  [RUN]
[0m13:51:36.892699 [debug] [Thread-5 (]: Began running node test.olist_pipeline.unique_dim_customers_customer_id.15c9f1e2fd
[0m13:51:36.894204 [debug] [Thread-3 (]: Re-using an available connection from the pool (formerly test.olist_pipeline.relationships_fact_order_items_product_key__product_key__ref_dim_products_.63f012c217, now test.olist_pipeline.relationships_fact_reviews_order_key__order_key__ref_fact_orders_.c4ec6dfaf7)
[0m13:51:36.895471 [info ] [Thread-5 (]: 33 of 51 START test unique_dim_customers_customer_id ........................... [RUN]
[0m13:51:36.897002 [debug] [Thread-3 (]: Began compiling node test.olist_pipeline.relationships_fact_reviews_order_key__order_key__ref_fact_orders_.c4ec6dfaf7
[0m13:51:36.898424 [debug] [Thread-5 (]: Re-using an available connection from the pool (formerly test.olist_pipeline.not_null_stg_sellers_seller_id.35d0bce315, now test.olist_pipeline.unique_dim_customers_customer_id.15c9f1e2fd)
[0m13:51:36.918065 [debug] [Thread-3 (]: Writing injected SQL for node "test.olist_pipeline.relationships_fact_reviews_order_key__order_key__ref_fact_orders_.c4ec6dfaf7"
[0m13:51:36.918606 [debug] [Thread-5 (]: Began compiling node test.olist_pipeline.unique_dim_customers_customer_id.15c9f1e2fd
[0m13:51:36.929639 [debug] [Thread-5 (]: Writing injected SQL for node "test.olist_pipeline.unique_dim_customers_customer_id.15c9f1e2fd"
[0m13:51:36.937551 [debug] [Thread-3 (]: Began executing node test.olist_pipeline.relationships_fact_reviews_order_key__order_key__ref_fact_orders_.c4ec6dfaf7
[0m13:51:36.941233 [debug] [Thread-3 (]: Writing runtime sql for node "test.olist_pipeline.relationships_fact_reviews_order_key__order_key__ref_fact_orders_.c4ec6dfaf7"
[0m13:51:36.941766 [debug] [Thread-5 (]: Began executing node test.olist_pipeline.unique_dim_customers_customer_id.15c9f1e2fd
[0m13:51:36.946043 [debug] [Thread-5 (]: Writing runtime sql for node "test.olist_pipeline.unique_dim_customers_customer_id.15c9f1e2fd"
[0m13:51:36.954747 [debug] [Thread-3 (]: Using snowflake connection "test.olist_pipeline.relationships_fact_reviews_order_key__order_key__ref_fact_orders_.c4ec6dfaf7"
[0m13:51:36.956783 [debug] [Thread-3 (]: On test.olist_pipeline.relationships_fact_reviews_order_key__order_key__ref_fact_orders_.c4ec6dfaf7: select
      count(*) as failures,
      count(*) != 0 as should_warn,
      count(*) != 0 as should_error
    from (
      
    
  
    
    

with child as (
    select order_key as from_field
    from PROJETO_OLIST_DB.ANALYTICS.fact_reviews
    where order_key is not null
),

parent as (
    select order_key as to_field
    from PROJETO_OLIST_DB.ANALYTICS.fact_orders
)

select
    from_field

from child
left join parent
    on child.from_field = parent.to_field

where parent.to_field is null



  
  
      
    ) dbt_internal_test
/* {"app": "dbt", "dbt_version": "1.12.0", "profile_name": "olist_pipeline", "target_name": "dev", "node_id": "test.olist_pipeline.relationships_fact_reviews_order_key__order_key__ref_fact_orders_.c4ec6dfaf7"} */
[0m13:51:36.958958 [debug] [Thread-5 (]: Using snowflake connection "test.olist_pipeline.unique_dim_customers_customer_id.15c9f1e2fd"
[0m13:51:36.962096 [debug] [Thread-5 (]: On test.olist_pipeline.unique_dim_customers_customer_id.15c9f1e2fd: select
      count(*) as failures,
      count(*) != 0 as should_warn,
      count(*) != 0 as should_error
    from (
      
    
  
    
    

select
    customer_id as unique_field,
    count(*) as n_records

from PROJETO_OLIST_DB.ANALYTICS.dim_customers
where customer_id is not null
group by customer_id
having count(*) > 1



  
  
      
    ) dbt_internal_test
/* {"app": "dbt", "dbt_version": "1.12.0", "profile_name": "olist_pipeline", "target_name": "dev", "node_id": "test.olist_pipeline.unique_dim_customers_customer_id.15c9f1e2fd"} */
[0m13:51:37.294245 [debug] [Thread-5 (]: SQL status: SUCCESS 1 in 0.330 seconds
[0m13:51:37.299412 [info ] [Thread-5 (]: 33 of 51 PASS unique_dim_customers_customer_id ................................. [[32mPASS[0m in 0.40s]
[0m13:51:37.301925 [debug] [Thread-5 (]: Finished running node test.olist_pipeline.unique_dim_customers_customer_id.15c9f1e2fd
[0m13:51:37.303939 [debug] [Thread-5 (]: Began running node test.olist_pipeline.unique_dim_customers_customer_key.ad8156656e
[0m13:51:37.305659 [info ] [Thread-5 (]: 34 of 51 START test unique_dim_customers_customer_key .......................... [RUN]
[0m13:51:37.307495 [debug] [Thread-5 (]: Re-using an available connection from the pool (formerly test.olist_pipeline.unique_dim_customers_customer_id.15c9f1e2fd, now test.olist_pipeline.unique_dim_customers_customer_key.ad8156656e)
[0m13:51:37.308747 [debug] [Thread-5 (]: Began compiling node test.olist_pipeline.unique_dim_customers_customer_key.ad8156656e
[0m13:51:37.317006 [debug] [Thread-5 (]: Writing injected SQL for node "test.olist_pipeline.unique_dim_customers_customer_key.ad8156656e"
[0m13:51:37.329485 [debug] [Thread-5 (]: Began executing node test.olist_pipeline.unique_dim_customers_customer_key.ad8156656e
[0m13:51:37.332223 [debug] [Thread-5 (]: Writing runtime sql for node "test.olist_pipeline.unique_dim_customers_customer_key.ad8156656e"
[0m13:51:37.344647 [debug] [Thread-5 (]: Using snowflake connection "test.olist_pipeline.unique_dim_customers_customer_key.ad8156656e"
[0m13:51:37.346077 [debug] [Thread-5 (]: On test.olist_pipeline.unique_dim_customers_customer_key.ad8156656e: select
      count(*) as failures,
      count(*) != 0 as should_warn,
      count(*) != 0 as should_error
    from (
      
    
  
    
    

select
    customer_key as unique_field,
    count(*) as n_records

from PROJETO_OLIST_DB.ANALYTICS.dim_customers
where customer_key is not null
group by customer_key
having count(*) > 1



  
  
      
    ) dbt_internal_test
/* {"app": "dbt", "dbt_version": "1.12.0", "profile_name": "olist_pipeline", "target_name": "dev", "node_id": "test.olist_pipeline.unique_dim_customers_customer_key.ad8156656e"} */
[0m13:51:37.423924 [debug] [Thread-2 (]: SQL status: SUCCESS 1 in 0.605 seconds
[0m13:51:37.429352 [info ] [Thread-2 (]: 31 of 51 PASS relationships_fact_orders_customer_key__customer_key__ref_dim_customers_  [[32mPASS[0m in 0.66s]
[0m13:51:37.433887 [debug] [Thread-2 (]: Finished running node test.olist_pipeline.relationships_fact_orders_customer_key__customer_key__ref_dim_customers_.27f3f75b94
[0m13:51:37.436686 [debug] [Thread-2 (]: Began running node test.olist_pipeline.unique_dim_date_date_day.d56fd19199
[0m13:51:37.443780 [info ] [Thread-2 (]: 35 of 51 START test unique_dim_date_date_day ................................... [RUN]
[0m13:51:37.447634 [debug] [Thread-2 (]: Re-using an available connection from the pool (formerly test.olist_pipeline.relationships_fact_orders_customer_key__customer_key__ref_dim_customers_.27f3f75b94, now test.olist_pipeline.unique_dim_date_date_day.d56fd19199)
[0m13:51:37.458004 [debug] [Thread-2 (]: Began compiling node test.olist_pipeline.unique_dim_date_date_day.d56fd19199
[0m13:51:37.525920 [debug] [Thread-2 (]: Writing injected SQL for node "test.olist_pipeline.unique_dim_date_date_day.d56fd19199"
[0m13:51:37.583940 [debug] [Thread-3 (]: SQL status: SUCCESS 1 in 0.624 seconds
[0m13:51:37.590562 [debug] [Thread-4 (]: SQL status: SUCCESS 1 in 0.851 seconds
[0m13:51:37.595945 [info ] [Thread-3 (]: 32 of 51 PASS relationships_fact_reviews_order_key__order_key__ref_fact_orders_  [[32mPASS[0m in 0.70s]
[0m13:51:37.606363 [debug] [Thread-2 (]: Began executing node test.olist_pipeline.unique_dim_date_date_day.d56fd19199
[0m13:51:37.609145 [info ] [Thread-4 (]: 30 of 51 PASS relationships_fact_order_items_seller_key__seller_key__ref_dim_sellers_  [[32mPASS[0m in 0.93s]
[0m13:51:37.614243 [debug] [Thread-3 (]: Finished running node test.olist_pipeline.relationships_fact_reviews_order_key__order_key__ref_fact_orders_.c4ec6dfaf7
[0m13:51:37.626949 [debug] [Thread-2 (]: Writing runtime sql for node "test.olist_pipeline.unique_dim_date_date_day.d56fd19199"
[0m13:51:37.629770 [debug] [Thread-4 (]: Finished running node test.olist_pipeline.relationships_fact_order_items_seller_key__seller_key__ref_dim_sellers_.1849cb17da
[0m13:51:37.632484 [debug] [Thread-3 (]: Began running node test.olist_pipeline.unique_dim_geolocation_zip_code_prefix.22b30f49e0
[0m13:51:37.639645 [debug] [Thread-4 (]: Began running node test.olist_pipeline.unique_dim_products_product_id.ef7b2a9985
[0m13:51:37.643802 [info ] [Thread-3 (]: 36 of 51 START test unique_dim_geolocation_zip_code_prefix ..................... [RUN]
[0m13:51:37.646702 [info ] [Thread-4 (]: 37 of 51 START test unique_dim_products_product_id ............................. [RUN]
[0m13:51:37.649729 [debug] [Thread-3 (]: Re-using an available connection from the pool (formerly test.olist_pipeline.relationships_fact_reviews_order_key__order_key__ref_fact_orders_.c4ec6dfaf7, now test.olist_pipeline.unique_dim_geolocation_zip_code_prefix.22b30f49e0)
[0m13:51:37.652463 [debug] [Thread-4 (]: Re-using an available connection from the pool (formerly test.olist_pipeline.relationships_fact_order_items_seller_key__seller_key__ref_dim_sellers_.1849cb17da, now test.olist_pipeline.unique_dim_products_product_id.ef7b2a9985)
[0m13:51:37.655812 [debug] [Thread-3 (]: Began compiling node test.olist_pipeline.unique_dim_geolocation_zip_code_prefix.22b30f49e0
[0m13:51:37.659160 [debug] [Thread-4 (]: Began compiling node test.olist_pipeline.unique_dim_products_product_id.ef7b2a9985
[0m13:51:37.662728 [debug] [Thread-2 (]: Using snowflake connection "test.olist_pipeline.unique_dim_date_date_day.d56fd19199"
[0m13:51:37.707086 [debug] [Thread-4 (]: Writing injected SQL for node "test.olist_pipeline.unique_dim_products_product_id.ef7b2a9985"
[0m13:51:37.709398 [debug] [Thread-3 (]: Writing injected SQL for node "test.olist_pipeline.unique_dim_geolocation_zip_code_prefix.22b30f49e0"
[0m13:51:37.711539 [debug] [Thread-5 (]: SQL status: SUCCESS 1 in 0.364 seconds
[0m13:51:37.713111 [debug] [Thread-2 (]: On test.olist_pipeline.unique_dim_date_date_day.d56fd19199: select
      count(*) as failures,
      count(*) != 0 as should_warn,
      count(*) != 0 as should_error
    from (
      
    
  
    
    

select
    date_day as unique_field,
    count(*) as n_records

from PROJETO_OLIST_DB.ANALYTICS.dim_date
where date_day is not null
group by date_day
having count(*) > 1



  
  
      
    ) dbt_internal_test
/* {"app": "dbt", "dbt_version": "1.12.0", "profile_name": "olist_pipeline", "target_name": "dev", "node_id": "test.olist_pipeline.unique_dim_date_date_day.d56fd19199"} */
[0m13:51:37.728498 [info ] [Thread-5 (]: 34 of 51 PASS unique_dim_customers_customer_key ................................ [[32mPASS[0m in 0.42s]
[0m13:51:37.740066 [debug] [Thread-5 (]: Finished running node test.olist_pipeline.unique_dim_customers_customer_key.ad8156656e
[0m13:51:37.746917 [debug] [Thread-5 (]: Began running node test.olist_pipeline.unique_dim_products_product_key.5837b56652
[0m13:51:37.756343 [debug] [Thread-4 (]: Began executing node test.olist_pipeline.unique_dim_products_product_id.ef7b2a9985
[0m13:51:37.758316 [info ] [Thread-5 (]: 38 of 51 START test unique_dim_products_product_key ............................ [RUN]
[0m13:51:37.768534 [debug] [Thread-4 (]: Writing runtime sql for node "test.olist_pipeline.unique_dim_products_product_id.ef7b2a9985"
[0m13:51:37.774221 [debug] [Thread-3 (]: Began executing node test.olist_pipeline.unique_dim_geolocation_zip_code_prefix.22b30f49e0
[0m13:51:37.777842 [debug] [Thread-5 (]: Re-using an available connection from the pool (formerly test.olist_pipeline.unique_dim_customers_customer_key.ad8156656e, now test.olist_pipeline.unique_dim_products_product_key.5837b56652)
[0m13:51:37.801089 [debug] [Thread-3 (]: Writing runtime sql for node "test.olist_pipeline.unique_dim_geolocation_zip_code_prefix.22b30f49e0"
[0m13:51:37.806177 [debug] [Thread-5 (]: Began compiling node test.olist_pipeline.unique_dim_products_product_key.5837b56652
[0m13:51:37.838198 [debug] [Thread-5 (]: Writing injected SQL for node "test.olist_pipeline.unique_dim_products_product_key.5837b56652"
[0m13:51:37.840626 [debug] [Thread-4 (]: Using snowflake connection "test.olist_pipeline.unique_dim_products_product_id.ef7b2a9985"
[0m13:51:37.842381 [debug] [Thread-3 (]: Using snowflake connection "test.olist_pipeline.unique_dim_geolocation_zip_code_prefix.22b30f49e0"
[0m13:51:37.847037 [debug] [Thread-4 (]: On test.olist_pipeline.unique_dim_products_product_id.ef7b2a9985: select
      count(*) as failures,
      count(*) != 0 as should_warn,
      count(*) != 0 as should_error
    from (
      
    
  
    
    

select
    product_id as unique_field,
    count(*) as n_records

from PROJETO_OLIST_DB.ANALYTICS.dim_products
where product_id is not null
group by product_id
having count(*) > 1



  
  
      
    ) dbt_internal_test
/* {"app": "dbt", "dbt_version": "1.12.0", "profile_name": "olist_pipeline", "target_name": "dev", "node_id": "test.olist_pipeline.unique_dim_products_product_id.ef7b2a9985"} */
[0m13:51:37.850510 [debug] [Thread-3 (]: On test.olist_pipeline.unique_dim_geolocation_zip_code_prefix.22b30f49e0: select
      count(*) as failures,
      count(*) != 0 as should_warn,
      count(*) != 0 as should_error
    from (
      
    
  
    
    

select
    zip_code_prefix as unique_field,
    count(*) as n_records

from PROJETO_OLIST_DB.ANALYTICS.dim_geolocation
where zip_code_prefix is not null
group by zip_code_prefix
having count(*) > 1



  
  
      
    ) dbt_internal_test
/* {"app": "dbt", "dbt_version": "1.12.0", "profile_name": "olist_pipeline", "target_name": "dev", "node_id": "test.olist_pipeline.unique_dim_geolocation_zip_code_prefix.22b30f49e0"} */
[0m13:51:37.868312 [debug] [Thread-5 (]: Began executing node test.olist_pipeline.unique_dim_products_product_key.5837b56652
[0m13:51:37.875434 [debug] [Thread-5 (]: Writing runtime sql for node "test.olist_pipeline.unique_dim_products_product_key.5837b56652"
[0m13:51:37.914705 [debug] [Thread-5 (]: Using snowflake connection "test.olist_pipeline.unique_dim_products_product_key.5837b56652"
[0m13:51:37.920251 [debug] [Thread-5 (]: On test.olist_pipeline.unique_dim_products_product_key.5837b56652: select
      count(*) as failures,
      count(*) != 0 as should_warn,
      count(*) != 0 as should_error
    from (
      
    
  
    
    

select
    product_key as unique_field,
    count(*) as n_records

from PROJETO_OLIST_DB.ANALYTICS.dim_products
where product_key is not null
group by product_key
having count(*) > 1



  
  
      
    ) dbt_internal_test
/* {"app": "dbt", "dbt_version": "1.12.0", "profile_name": "olist_pipeline", "target_name": "dev", "node_id": "test.olist_pipeline.unique_dim_products_product_key.5837b56652"} */
[0m13:51:38.156901 [debug] [Thread-2 (]: SQL status: SUCCESS 1 in 0.426 seconds
[0m13:51:38.171534 [info ] [Thread-2 (]: 35 of 51 PASS unique_dim_date_date_day ......................................... [[32mPASS[0m in 0.72s]
[0m13:51:38.176013 [debug] [Thread-2 (]: Finished running node test.olist_pipeline.unique_dim_date_date_day.d56fd19199
[0m13:51:38.179276 [debug] [Thread-2 (]: Began running node test.olist_pipeline.unique_dim_sellers_seller_id.b55e677f09
[0m13:51:38.183981 [info ] [Thread-2 (]: 39 of 51 START test unique_dim_sellers_seller_id ............................... [RUN]
[0m13:51:38.188332 [debug] [Thread-2 (]: Re-using an available connection from the pool (formerly test.olist_pipeline.unique_dim_date_date_day.d56fd19199, now test.olist_pipeline.unique_dim_sellers_seller_id.b55e677f09)
[0m13:51:38.191761 [debug] [Thread-2 (]: Began compiling node test.olist_pipeline.unique_dim_sellers_seller_id.b55e677f09
[0m13:51:38.221154 [debug] [Thread-2 (]: Writing injected SQL for node "test.olist_pipeline.unique_dim_sellers_seller_id.b55e677f09"
[0m13:51:38.230968 [debug] [Thread-5 (]: SQL status: SUCCESS 1 in 0.307 seconds
[0m13:51:38.239049 [info ] [Thread-5 (]: 38 of 51 PASS unique_dim_products_product_key .................................. [[32mPASS[0m in 0.46s]
[0m13:51:38.248456 [debug] [Thread-5 (]: Finished running node test.olist_pipeline.unique_dim_products_product_key.5837b56652
[0m13:51:38.252627 [debug] [Thread-5 (]: Began running node test.olist_pipeline.unique_dim_sellers_seller_key.6297349530
[0m13:51:38.256249 [info ] [Thread-5 (]: 40 of 51 START test unique_dim_sellers_seller_key .............................. [RUN]
[0m13:51:38.262273 [debug] [Thread-5 (]: Re-using an available connection from the pool (formerly test.olist_pipeline.unique_dim_products_product_key.5837b56652, now test.olist_pipeline.unique_dim_sellers_seller_key.6297349530)
[0m13:51:38.267407 [debug] [Thread-4 (]: SQL status: SUCCESS 1 in 0.413 seconds
[0m13:51:38.271814 [debug] [Thread-5 (]: Began compiling node test.olist_pipeline.unique_dim_sellers_seller_key.6297349530
[0m13:51:38.274304 [debug] [Thread-2 (]: Began executing node test.olist_pipeline.unique_dim_sellers_seller_id.b55e677f09
[0m13:51:38.291587 [info ] [Thread-4 (]: 37 of 51 PASS unique_dim_products_product_id ................................... [[32mPASS[0m in 0.64s]
[0m13:51:38.295547 [debug] [Thread-3 (]: SQL status: SUCCESS 1 in 0.437 seconds
[0m13:51:38.337948 [debug] [Thread-5 (]: Writing injected SQL for node "test.olist_pipeline.unique_dim_sellers_seller_key.6297349530"
[0m13:51:38.337128 [debug] [Thread-2 (]: Writing runtime sql for node "test.olist_pipeline.unique_dim_sellers_seller_id.b55e677f09"
[0m13:51:38.342158 [debug] [Thread-4 (]: Finished running node test.olist_pipeline.unique_dim_products_product_id.ef7b2a9985
[0m13:51:38.351463 [info ] [Thread-3 (]: 36 of 51 PASS unique_dim_geolocation_zip_code_prefix ........................... [[32mPASS[0m in 0.70s]
[0m13:51:38.360304 [debug] [Thread-4 (]: Began running node test.olist_pipeline.unique_fact_order_items_order_item_key.5d58d5ebdc
[0m13:51:38.367353 [debug] [Thread-3 (]: Finished running node test.olist_pipeline.unique_dim_geolocation_zip_code_prefix.22b30f49e0
[0m13:51:38.371648 [info ] [Thread-4 (]: 41 of 51 START test unique_fact_order_items_order_item_key ..................... [RUN]
[0m13:51:38.378803 [debug] [Thread-3 (]: Began running node test.olist_pipeline.unique_fact_orders_order_id.93a68b4064
[0m13:51:38.391736 [debug] [Thread-4 (]: Re-using an available connection from the pool (formerly test.olist_pipeline.unique_dim_products_product_id.ef7b2a9985, now test.olist_pipeline.unique_fact_order_items_order_item_key.5d58d5ebdc)
[0m13:51:38.395858 [info ] [Thread-3 (]: 42 of 51 START test unique_fact_orders_order_id ................................ [RUN]
[0m13:51:38.402078 [debug] [Thread-4 (]: Began compiling node test.olist_pipeline.unique_fact_order_items_order_item_key.5d58d5ebdc
[0m13:51:38.407252 [debug] [Thread-5 (]: Began executing node test.olist_pipeline.unique_dim_sellers_seller_key.6297349530
[0m13:51:38.408762 [debug] [Thread-3 (]: Re-using an available connection from the pool (formerly test.olist_pipeline.unique_dim_geolocation_zip_code_prefix.22b30f49e0, now test.olist_pipeline.unique_fact_orders_order_id.93a68b4064)
[0m13:51:38.427048 [debug] [Thread-2 (]: Using snowflake connection "test.olist_pipeline.unique_dim_sellers_seller_id.b55e677f09"
[0m13:51:38.440150 [debug] [Thread-4 (]: Writing injected SQL for node "test.olist_pipeline.unique_fact_order_items_order_item_key.5d58d5ebdc"
[0m13:51:38.445994 [debug] [Thread-5 (]: Writing runtime sql for node "test.olist_pipeline.unique_dim_sellers_seller_key.6297349530"
[0m13:51:38.451362 [debug] [Thread-3 (]: Began compiling node test.olist_pipeline.unique_fact_orders_order_id.93a68b4064
[0m13:51:38.457168 [debug] [Thread-2 (]: On test.olist_pipeline.unique_dim_sellers_seller_id.b55e677f09: select
      count(*) as failures,
      count(*) != 0 as should_warn,
      count(*) != 0 as should_error
    from (
      
    
  
    
    

select
    seller_id as unique_field,
    count(*) as n_records

from PROJETO_OLIST_DB.ANALYTICS.dim_sellers
where seller_id is not null
group by seller_id
having count(*) > 1



  
  
      
    ) dbt_internal_test
/* {"app": "dbt", "dbt_version": "1.12.0", "profile_name": "olist_pipeline", "target_name": "dev", "node_id": "test.olist_pipeline.unique_dim_sellers_seller_id.b55e677f09"} */
[0m13:51:38.491739 [debug] [Thread-3 (]: Writing injected SQL for node "test.olist_pipeline.unique_fact_orders_order_id.93a68b4064"
[0m13:51:38.503663 [debug] [Thread-5 (]: Using snowflake connection "test.olist_pipeline.unique_dim_sellers_seller_key.6297349530"
[0m13:51:38.504819 [debug] [Thread-4 (]: Began executing node test.olist_pipeline.unique_fact_order_items_order_item_key.5d58d5ebdc
[0m13:51:38.507183 [debug] [Thread-5 (]: On test.olist_pipeline.unique_dim_sellers_seller_key.6297349530: select
      count(*) as failures,
      count(*) != 0 as should_warn,
      count(*) != 0 as should_error
    from (
      
    
  
    
    

select
    seller_key as unique_field,
    count(*) as n_records

from PROJETO_OLIST_DB.ANALYTICS.dim_sellers
where seller_key is not null
group by seller_key
having count(*) > 1



  
  
      
    ) dbt_internal_test
/* {"app": "dbt", "dbt_version": "1.12.0", "profile_name": "olist_pipeline", "target_name": "dev", "node_id": "test.olist_pipeline.unique_dim_sellers_seller_key.6297349530"} */
[0m13:51:38.514042 [debug] [Thread-4 (]: Writing runtime sql for node "test.olist_pipeline.unique_fact_order_items_order_item_key.5d58d5ebdc"
[0m13:51:38.520308 [debug] [Thread-3 (]: Began executing node test.olist_pipeline.unique_fact_orders_order_id.93a68b4064
[0m13:51:38.538324 [debug] [Thread-3 (]: Writing runtime sql for node "test.olist_pipeline.unique_fact_orders_order_id.93a68b4064"
[0m13:51:38.555344 [debug] [Thread-4 (]: Using snowflake connection "test.olist_pipeline.unique_fact_order_items_order_item_key.5d58d5ebdc"
[0m13:51:38.558499 [debug] [Thread-4 (]: On test.olist_pipeline.unique_fact_order_items_order_item_key.5d58d5ebdc: select
      count(*) as failures,
      count(*) != 0 as should_warn,
      count(*) != 0 as should_error
    from (
      
    
  
    
    

select
    order_item_key as unique_field,
    count(*) as n_records

from PROJETO_OLIST_DB.ANALYTICS.fact_order_items
where order_item_key is not null
group by order_item_key
having count(*) > 1



  
  
      
    ) dbt_internal_test
/* {"app": "dbt", "dbt_version": "1.12.0", "profile_name": "olist_pipeline", "target_name": "dev", "node_id": "test.olist_pipeline.unique_fact_order_items_order_item_key.5d58d5ebdc"} */
[0m13:51:38.567996 [debug] [Thread-3 (]: Using snowflake connection "test.olist_pipeline.unique_fact_orders_order_id.93a68b4064"
[0m13:51:38.572854 [debug] [Thread-3 (]: On test.olist_pipeline.unique_fact_orders_order_id.93a68b4064: select
      count(*) as failures,
      count(*) != 0 as should_warn,
      count(*) != 0 as should_error
    from (
      
    
  
    
    

select
    order_id as unique_field,
    count(*) as n_records

from PROJETO_OLIST_DB.ANALYTICS.fact_orders
where order_id is not null
group by order_id
having count(*) > 1



  
  
      
    ) dbt_internal_test
/* {"app": "dbt", "dbt_version": "1.12.0", "profile_name": "olist_pipeline", "target_name": "dev", "node_id": "test.olist_pipeline.unique_fact_orders_order_id.93a68b4064"} */
[0m13:51:38.896085 [debug] [Thread-4 (]: SQL status: SUCCESS 1 in 0.334 seconds
[0m13:51:38.901279 [info ] [Thread-4 (]: 41 of 51 PASS unique_fact_order_items_order_item_key ........................... [[32mPASS[0m in 0.51s]
[0m13:51:38.904209 [debug] [Thread-4 (]: Finished running node test.olist_pipeline.unique_fact_order_items_order_item_key.5d58d5ebdc
[0m13:51:38.906679 [debug] [Thread-4 (]: Began running node test.olist_pipeline.unique_fact_orders_order_key.1d8f1532d5
[0m13:51:38.908861 [info ] [Thread-4 (]: 43 of 51 START test unique_fact_orders_order_key ............................... [RUN]
[0m13:51:38.911652 [debug] [Thread-4 (]: Re-using an available connection from the pool (formerly test.olist_pipeline.unique_fact_order_items_order_item_key.5d58d5ebdc, now test.olist_pipeline.unique_fact_orders_order_key.1d8f1532d5)
[0m13:51:38.913554 [debug] [Thread-4 (]: Began compiling node test.olist_pipeline.unique_fact_orders_order_key.1d8f1532d5
[0m13:51:38.930854 [debug] [Thread-4 (]: Writing injected SQL for node "test.olist_pipeline.unique_fact_orders_order_key.1d8f1532d5"
[0m13:51:38.940135 [debug] [Thread-3 (]: SQL status: SUCCESS 1 in 0.363 seconds
[0m13:51:38.945823 [info ] [Thread-3 (]: 42 of 51 PASS unique_fact_orders_order_id ...................................... [[32mPASS[0m in 0.54s]
[0m13:51:38.949149 [debug] [Thread-5 (]: SQL status: SUCCESS 1 in 0.432 seconds
[0m13:51:38.950704 [debug] [Thread-3 (]: Finished running node test.olist_pipeline.unique_fact_orders_order_id.93a68b4064
[0m13:51:38.956286 [info ] [Thread-5 (]: 40 of 51 PASS unique_dim_sellers_seller_key .................................... [[32mPASS[0m in 0.69s]
[0m13:51:38.959072 [debug] [Thread-3 (]: Began running node test.olist_pipeline.unique_fact_payments_payment_key.1b952fa59e
[0m13:51:38.963320 [debug] [Thread-5 (]: Finished running node test.olist_pipeline.unique_dim_sellers_seller_key.6297349530
[0m13:51:38.964630 [debug] [Thread-4 (]: Began executing node test.olist_pipeline.unique_fact_orders_order_key.1d8f1532d5
[0m13:51:38.966628 [info ] [Thread-3 (]: 44 of 51 START test unique_fact_payments_payment_key ........................... [RUN]
[0m13:51:38.969212 [debug] [Thread-5 (]: Began running node test.olist_pipeline.unique_fact_reviews_review_key.24e8d8117f
[0m13:51:38.975677 [debug] [Thread-4 (]: Writing runtime sql for node "test.olist_pipeline.unique_fact_orders_order_key.1d8f1532d5"
[0m13:51:38.978973 [debug] [Thread-3 (]: Re-using an available connection from the pool (formerly test.olist_pipeline.unique_fact_orders_order_id.93a68b4064, now test.olist_pipeline.unique_fact_payments_payment_key.1b952fa59e)
[0m13:51:38.981876 [info ] [Thread-5 (]: 45 of 51 START test unique_fact_reviews_review_key ............................. [RUN]
[0m13:51:38.986825 [debug] [Thread-3 (]: Began compiling node test.olist_pipeline.unique_fact_payments_payment_key.1b952fa59e
[0m13:51:38.989741 [debug] [Thread-5 (]: Re-using an available connection from the pool (formerly test.olist_pipeline.unique_dim_sellers_seller_key.6297349530, now test.olist_pipeline.unique_fact_reviews_review_key.24e8d8117f)
[0m13:51:39.007066 [debug] [Thread-3 (]: Writing injected SQL for node "test.olist_pipeline.unique_fact_payments_payment_key.1b952fa59e"
[0m13:51:39.008882 [debug] [Thread-5 (]: Began compiling node test.olist_pipeline.unique_fact_reviews_review_key.24e8d8117f
[0m13:51:39.014249 [debug] [Thread-4 (]: Using snowflake connection "test.olist_pipeline.unique_fact_orders_order_key.1d8f1532d5"
[0m13:51:39.031970 [debug] [Thread-5 (]: Writing injected SQL for node "test.olist_pipeline.unique_fact_reviews_review_key.24e8d8117f"
[0m13:51:39.033451 [debug] [Thread-4 (]: On test.olist_pipeline.unique_fact_orders_order_key.1d8f1532d5: select
      count(*) as failures,
      count(*) != 0 as should_warn,
      count(*) != 0 as should_error
    from (
      
    
  
    
    

select
    order_key as unique_field,
    count(*) as n_records

from PROJETO_OLIST_DB.ANALYTICS.fact_orders
where order_key is not null
group by order_key
having count(*) > 1



  
  
      
    ) dbt_internal_test
/* {"app": "dbt", "dbt_version": "1.12.0", "profile_name": "olist_pipeline", "target_name": "dev", "node_id": "test.olist_pipeline.unique_fact_orders_order_key.1d8f1532d5"} */
[0m13:51:39.036507 [debug] [Thread-3 (]: Began executing node test.olist_pipeline.unique_fact_payments_payment_key.1b952fa59e
[0m13:51:39.042048 [debug] [Thread-2 (]: SQL status: SUCCESS 1 in 0.557 seconds
[0m13:51:39.050725 [debug] [Thread-3 (]: Writing runtime sql for node "test.olist_pipeline.unique_fact_payments_payment_key.1b952fa59e"
[0m13:51:39.059493 [info ] [Thread-2 (]: 39 of 51 PASS unique_dim_sellers_seller_id ..................................... [[32mPASS[0m in 0.87s]
[0m13:51:39.068081 [debug] [Thread-5 (]: Began executing node test.olist_pipeline.unique_fact_reviews_review_key.24e8d8117f
[0m13:51:39.072182 [debug] [Thread-2 (]: Finished running node test.olist_pipeline.unique_dim_sellers_seller_id.b55e677f09
[0m13:51:39.084652 [debug] [Thread-5 (]: Writing runtime sql for node "test.olist_pipeline.unique_fact_reviews_review_key.24e8d8117f"
[0m13:51:39.087831 [debug] [Thread-2 (]: Began running node test.olist_pipeline.unique_mart_late_delivery_features_order_id.7c041bf2c6
[0m13:51:39.092408 [debug] [Thread-3 (]: Using snowflake connection "test.olist_pipeline.unique_fact_payments_payment_key.1b952fa59e"
[0m13:51:39.094765 [info ] [Thread-2 (]: 46 of 51 START test unique_mart_late_delivery_features_order_id ................ [RUN]
[0m13:51:39.099953 [debug] [Thread-3 (]: On test.olist_pipeline.unique_fact_payments_payment_key.1b952fa59e: select
      count(*) as failures,
      count(*) != 0 as should_warn,
      count(*) != 0 as should_error
    from (
      
    
  
    
    

select
    payment_key as unique_field,
    count(*) as n_records

from PROJETO_OLIST_DB.ANALYTICS.fact_payments
where payment_key is not null
group by payment_key
having count(*) > 1



  
  
      
    ) dbt_internal_test
/* {"app": "dbt", "dbt_version": "1.12.0", "profile_name": "olist_pipeline", "target_name": "dev", "node_id": "test.olist_pipeline.unique_fact_payments_payment_key.1b952fa59e"} */
[0m13:51:39.103214 [debug] [Thread-2 (]: Re-using an available connection from the pool (formerly test.olist_pipeline.unique_dim_sellers_seller_id.b55e677f09, now test.olist_pipeline.unique_mart_late_delivery_features_order_id.7c041bf2c6)
[0m13:51:39.109814 [debug] [Thread-2 (]: Began compiling node test.olist_pipeline.unique_mart_late_delivery_features_order_id.7c041bf2c6
[0m13:51:39.125449 [debug] [Thread-5 (]: Using snowflake connection "test.olist_pipeline.unique_fact_reviews_review_key.24e8d8117f"
[0m13:51:39.134228 [debug] [Thread-2 (]: Writing injected SQL for node "test.olist_pipeline.unique_mart_late_delivery_features_order_id.7c041bf2c6"
[0m13:51:39.135818 [debug] [Thread-5 (]: On test.olist_pipeline.unique_fact_reviews_review_key.24e8d8117f: select
      count(*) as failures,
      count(*) != 0 as should_warn,
      count(*) != 0 as should_error
    from (
      
    
  
    
    

select
    review_key as unique_field,
    count(*) as n_records

from PROJETO_OLIST_DB.ANALYTICS.fact_reviews
where review_key is not null
group by review_key
having count(*) > 1



  
  
      
    ) dbt_internal_test
/* {"app": "dbt", "dbt_version": "1.12.0", "profile_name": "olist_pipeline", "target_name": "dev", "node_id": "test.olist_pipeline.unique_fact_reviews_review_key.24e8d8117f"} */
[0m13:51:39.163380 [debug] [Thread-2 (]: Began executing node test.olist_pipeline.unique_mart_late_delivery_features_order_id.7c041bf2c6
[0m13:51:39.171900 [debug] [Thread-2 (]: Writing runtime sql for node "test.olist_pipeline.unique_mart_late_delivery_features_order_id.7c041bf2c6"
[0m13:51:39.209329 [debug] [Thread-2 (]: Using snowflake connection "test.olist_pipeline.unique_mart_late_delivery_features_order_id.7c041bf2c6"
[0m13:51:39.212404 [debug] [Thread-2 (]: On test.olist_pipeline.unique_mart_late_delivery_features_order_id.7c041bf2c6: select
      count(*) as failures,
      count(*) != 0 as should_warn,
      count(*) != 0 as should_error
    from (
      
    
  
    
    

select
    order_id as unique_field,
    count(*) as n_records

from PROJETO_OLIST_DB.ANALYTICS.mart_late_delivery_features
where order_id is not null
group by order_id
having count(*) > 1



  
  
      
    ) dbt_internal_test
/* {"app": "dbt", "dbt_version": "1.12.0", "profile_name": "olist_pipeline", "target_name": "dev", "node_id": "test.olist_pipeline.unique_mart_late_delivery_features_order_id.7c041bf2c6"} */
[0m13:51:39.447637 [debug] [Thread-4 (]: SQL status: SUCCESS 1 in 0.408 seconds
[0m13:51:39.453741 [info ] [Thread-4 (]: 43 of 51 PASS unique_fact_orders_order_key ..................................... [[32mPASS[0m in 0.54s]
[0m13:51:39.457000 [debug] [Thread-4 (]: Finished running node test.olist_pipeline.unique_fact_orders_order_key.1d8f1532d5
[0m13:51:39.459807 [debug] [Thread-4 (]: Began running node test.olist_pipeline.unique_stg_customers_customer_id.c7614daada
[0m13:51:39.462216 [info ] [Thread-4 (]: 47 of 51 START test unique_stg_customers_customer_id ........................... [RUN]
[0m13:51:39.465262 [debug] [Thread-4 (]: Re-using an available connection from the pool (formerly test.olist_pipeline.unique_fact_orders_order_key.1d8f1532d5, now test.olist_pipeline.unique_stg_customers_customer_id.c7614daada)
[0m13:51:39.468573 [debug] [Thread-4 (]: Began compiling node test.olist_pipeline.unique_stg_customers_customer_id.c7614daada
[0m13:51:39.487238 [debug] [Thread-4 (]: Writing injected SQL for node "test.olist_pipeline.unique_stg_customers_customer_id.c7614daada"
[0m13:51:39.490091 [debug] [Thread-5 (]: SQL status: SUCCESS 1 in 0.350 seconds
[0m13:51:39.504712 [error] [Thread-5 (]: 45 of 51 FAIL 789 unique_fact_reviews_review_key ............................... [[31mFAIL 789[0m in 0.51s]
[0m13:51:39.510144 [debug] [Thread-5 (]: Finished running node test.olist_pipeline.unique_fact_reviews_review_key.24e8d8117f
[0m13:51:39.512818 [debug] [Thread-5 (]: Began running node test.olist_pipeline.unique_stg_order_reviews_review_id.c8b7ae444d
[0m13:51:39.515557 [info ] [Thread-5 (]: 48 of 51 START test unique_stg_order_reviews_review_id ......................... [RUN]
[0m13:51:39.519779 [debug] [Thread-5 (]: Re-using an available connection from the pool (formerly test.olist_pipeline.unique_fact_reviews_review_key.24e8d8117f, now test.olist_pipeline.unique_stg_order_reviews_review_id.c8b7ae444d)
[0m13:51:39.522584 [debug] [Thread-5 (]: Began compiling node test.olist_pipeline.unique_stg_order_reviews_review_id.c8b7ae444d
[0m13:51:39.523831 [debug] [Thread-4 (]: Began executing node test.olist_pipeline.unique_stg_customers_customer_id.c7614daada
[0m13:51:39.557320 [debug] [Thread-4 (]: Writing runtime sql for node "test.olist_pipeline.unique_stg_customers_customer_id.c7614daada"
[0m13:51:39.559376 [debug] [Thread-5 (]: Writing injected SQL for node "test.olist_pipeline.unique_stg_order_reviews_review_id.c8b7ae444d"
[0m13:51:39.562412 [debug] [Thread-3 (]: SQL status: SUCCESS 1 in 0.457 seconds
[0m13:51:39.573953 [info ] [Thread-3 (]: 44 of 51 PASS unique_fact_payments_payment_key ................................. [[32mPASS[0m in 0.59s]
[0m13:51:39.586473 [debug] [Thread-3 (]: Finished running node test.olist_pipeline.unique_fact_payments_payment_key.1b952fa59e
[0m13:51:39.591404 [debug] [Thread-5 (]: Began executing node test.olist_pipeline.unique_stg_order_reviews_review_id.c8b7ae444d
[0m13:51:39.593757 [debug] [Thread-4 (]: Using snowflake connection "test.olist_pipeline.unique_stg_customers_customer_id.c7614daada"
[0m13:51:39.595076 [debug] [Thread-3 (]: Began running node test.olist_pipeline.unique_stg_orders_order_id.e3b841c71a
[0m13:51:39.607034 [debug] [Thread-5 (]: Writing runtime sql for node "test.olist_pipeline.unique_stg_order_reviews_review_id.c8b7ae444d"
[0m13:51:39.610100 [debug] [Thread-4 (]: On test.olist_pipeline.unique_stg_customers_customer_id.c7614daada: select
      count(*) as failures,
      count(*) != 0 as should_warn,
      count(*) != 0 as should_error
    from (
      
    
  
    
    

select
    customer_id as unique_field,
    count(*) as n_records

from PROJETO_OLIST_DB.ANALYTICS.stg_customers
where customer_id is not null
group by customer_id
having count(*) > 1



  
  
      
    ) dbt_internal_test
/* {"app": "dbt", "dbt_version": "1.12.0", "profile_name": "olist_pipeline", "target_name": "dev", "node_id": "test.olist_pipeline.unique_stg_customers_customer_id.c7614daada"} */
[0m13:51:39.613412 [info ] [Thread-3 (]: 49 of 51 START test unique_stg_orders_order_id ................................. [RUN]
[0m13:51:39.628504 [debug] [Thread-2 (]: SQL status: SUCCESS 1 in 0.412 seconds
[0m13:51:39.630078 [debug] [Thread-3 (]: Re-using an available connection from the pool (formerly test.olist_pipeline.unique_fact_payments_payment_key.1b952fa59e, now test.olist_pipeline.unique_stg_orders_order_id.e3b841c71a)
[0m13:51:39.638823 [info ] [Thread-2 (]: 46 of 51 PASS unique_mart_late_delivery_features_order_id ...................... [[32mPASS[0m in 0.54s]
[0m13:51:39.640962 [debug] [Thread-3 (]: Began compiling node test.olist_pipeline.unique_stg_orders_order_id.e3b841c71a
[0m13:51:39.648582 [debug] [Thread-5 (]: Using snowflake connection "test.olist_pipeline.unique_stg_order_reviews_review_id.c8b7ae444d"
[0m13:51:39.652865 [debug] [Thread-2 (]: Finished running node test.olist_pipeline.unique_mart_late_delivery_features_order_id.7c041bf2c6
[0m13:51:39.681673 [debug] [Thread-3 (]: Writing injected SQL for node "test.olist_pipeline.unique_stg_orders_order_id.e3b841c71a"
[0m13:51:39.682921 [debug] [Thread-5 (]: On test.olist_pipeline.unique_stg_order_reviews_review_id.c8b7ae444d: select
      count(*) as failures,
      count(*) != 0 as should_warn,
      count(*) != 0 as should_error
    from (
      
    
  
    
    

select
    review_id as unique_field,
    count(*) as n_records

from PROJETO_OLIST_DB.ANALYTICS.stg_order_reviews
where review_id is not null
group by review_id
having count(*) > 1



  
  
      
    ) dbt_internal_test
/* {"app": "dbt", "dbt_version": "1.12.0", "profile_name": "olist_pipeline", "target_name": "dev", "node_id": "test.olist_pipeline.unique_stg_order_reviews_review_id.c8b7ae444d"} */
[0m13:51:39.688569 [debug] [Thread-2 (]: Began running node test.olist_pipeline.unique_stg_products_product_id.7d950a1467
[0m13:51:39.700159 [info ] [Thread-2 (]: 50 of 51 START test unique_stg_products_product_id ............................. [RUN]
[0m13:51:39.704794 [debug] [Thread-2 (]: Re-using an available connection from the pool (formerly test.olist_pipeline.unique_mart_late_delivery_features_order_id.7c041bf2c6, now test.olist_pipeline.unique_stg_products_product_id.7d950a1467)
[0m13:51:39.707288 [debug] [Thread-2 (]: Began compiling node test.olist_pipeline.unique_stg_products_product_id.7d950a1467
[0m13:51:39.740242 [debug] [Thread-2 (]: Writing injected SQL for node "test.olist_pipeline.unique_stg_products_product_id.7d950a1467"
[0m13:51:39.780171 [debug] [Thread-3 (]: Began executing node test.olist_pipeline.unique_stg_orders_order_id.e3b841c71a
[0m13:51:39.786937 [debug] [Thread-3 (]: Writing runtime sql for node "test.olist_pipeline.unique_stg_orders_order_id.e3b841c71a"
[0m13:51:39.811449 [debug] [Thread-2 (]: Began executing node test.olist_pipeline.unique_stg_products_product_id.7d950a1467
[0m13:51:39.821012 [debug] [Thread-2 (]: Writing runtime sql for node "test.olist_pipeline.unique_stg_products_product_id.7d950a1467"
[0m13:51:39.835046 [debug] [Thread-3 (]: Using snowflake connection "test.olist_pipeline.unique_stg_orders_order_id.e3b841c71a"
[0m13:51:39.839693 [debug] [Thread-3 (]: On test.olist_pipeline.unique_stg_orders_order_id.e3b841c71a: select
      count(*) as failures,
      count(*) != 0 as should_warn,
      count(*) != 0 as should_error
    from (
      
    
  
    
    

select
    order_id as unique_field,
    count(*) as n_records

from PROJETO_OLIST_DB.ANALYTICS.stg_orders
where order_id is not null
group by order_id
having count(*) > 1



  
  
      
    ) dbt_internal_test
/* {"app": "dbt", "dbt_version": "1.12.0", "profile_name": "olist_pipeline", "target_name": "dev", "node_id": "test.olist_pipeline.unique_stg_orders_order_id.e3b841c71a"} */
[0m13:51:39.858009 [debug] [Thread-2 (]: Using snowflake connection "test.olist_pipeline.unique_stg_products_product_id.7d950a1467"
[0m13:51:39.861716 [debug] [Thread-2 (]: On test.olist_pipeline.unique_stg_products_product_id.7d950a1467: select
      count(*) as failures,
      count(*) != 0 as should_warn,
      count(*) != 0 as should_error
    from (
      
    
  
    
    

select
    product_id as unique_field,
    count(*) as n_records

from PROJETO_OLIST_DB.ANALYTICS.stg_products
where product_id is not null
group by product_id
having count(*) > 1



  
  
      
    ) dbt_internal_test
/* {"app": "dbt", "dbt_version": "1.12.0", "profile_name": "olist_pipeline", "target_name": "dev", "node_id": "test.olist_pipeline.unique_stg_products_product_id.7d950a1467"} */
[0m13:51:40.059525 [debug] [Thread-5 (]: SQL status: SUCCESS 1 in 0.363 seconds
[0m13:51:40.068230 [error] [Thread-5 (]: 48 of 51 FAIL 789 unique_stg_order_reviews_review_id ........................... [[31mFAIL 789[0m in 0.55s]
[0m13:51:40.077439 [debug] [Thread-5 (]: Finished running node test.olist_pipeline.unique_stg_order_reviews_review_id.c8b7ae444d
[0m13:51:40.079608 [debug] [Thread-4 (]: SQL status: SUCCESS 1 in 0.457 seconds
[0m13:51:40.082550 [debug] [Thread-5 (]: Began running node test.olist_pipeline.unique_stg_sellers_seller_id.cb2e34d4b8
[0m13:51:40.091329 [info ] [Thread-4 (]: 47 of 51 PASS unique_stg_customers_customer_id ................................. [[32mPASS[0m in 0.63s]
[0m13:51:40.094442 [info ] [Thread-5 (]: 51 of 51 START test unique_stg_sellers_seller_id ............................... [RUN]
[0m13:51:40.103017 [debug] [Thread-4 (]: Finished running node test.olist_pipeline.unique_stg_customers_customer_id.c7614daada
[0m13:51:40.106345 [debug] [Thread-5 (]: Re-using an available connection from the pool (formerly test.olist_pipeline.unique_stg_order_reviews_review_id.c8b7ae444d, now test.olist_pipeline.unique_stg_sellers_seller_id.cb2e34d4b8)
[0m13:51:40.111855 [debug] [Thread-5 (]: Began compiling node test.olist_pipeline.unique_stg_sellers_seller_id.cb2e34d4b8
[0m13:51:40.134145 [debug] [Thread-5 (]: Writing injected SQL for node "test.olist_pipeline.unique_stg_sellers_seller_id.cb2e34d4b8"
[0m13:51:40.157088 [debug] [Thread-5 (]: Began executing node test.olist_pipeline.unique_stg_sellers_seller_id.cb2e34d4b8
[0m13:51:40.164872 [debug] [Thread-5 (]: Writing runtime sql for node "test.olist_pipeline.unique_stg_sellers_seller_id.cb2e34d4b8"
[0m13:51:40.193276 [debug] [Thread-5 (]: Using snowflake connection "test.olist_pipeline.unique_stg_sellers_seller_id.cb2e34d4b8"
[0m13:51:40.195557 [debug] [Thread-5 (]: On test.olist_pipeline.unique_stg_sellers_seller_id.cb2e34d4b8: select
      count(*) as failures,
      count(*) != 0 as should_warn,
      count(*) != 0 as should_error
    from (
      
    
  
    
    

select
    seller_id as unique_field,
    count(*) as n_records

from PROJETO_OLIST_DB.ANALYTICS.stg_sellers
where seller_id is not null
group by seller_id
having count(*) > 1



  
  
      
    ) dbt_internal_test
/* {"app": "dbt", "dbt_version": "1.12.0", "profile_name": "olist_pipeline", "target_name": "dev", "node_id": "test.olist_pipeline.unique_stg_sellers_seller_id.cb2e34d4b8"} */
[0m13:51:40.225149 [debug] [Thread-2 (]: SQL status: SUCCESS 1 in 0.355 seconds
[0m13:51:40.232669 [info ] [Thread-2 (]: 50 of 51 PASS unique_stg_products_product_id ................................... [[32mPASS[0m in 0.53s]
[0m13:51:40.240864 [debug] [Thread-2 (]: Finished running node test.olist_pipeline.unique_stg_products_product_id.7d950a1467
[0m13:51:40.496099 [debug] [Thread-3 (]: SQL status: SUCCESS 1 in 0.653 seconds
[0m13:51:40.504312 [info ] [Thread-3 (]: 49 of 51 PASS unique_stg_orders_order_id ....................................... [[32mPASS[0m in 0.87s]
[0m13:51:40.508211 [debug] [Thread-3 (]: Finished running node test.olist_pipeline.unique_stg_orders_order_id.e3b841c71a
[0m13:51:40.624284 [debug] [Thread-5 (]: SQL status: SUCCESS 1 in 0.426 seconds
[0m13:51:40.635956 [info ] [Thread-5 (]: 51 of 51 PASS unique_stg_sellers_seller_id ..................................... [[32mPASS[0m in 0.53s]
[0m13:51:40.644042 [debug] [Thread-5 (]: Finished running node test.olist_pipeline.unique_stg_sellers_seller_id.cb2e34d4b8
[0m13:51:40.652107 [debug] [MainThread]: Connection 'master' was properly closed.
[0m13:51:40.654900 [debug] [MainThread]: Connection 'test.olist_pipeline.unique_stg_products_product_id.7d950a1467' was left open.
[0m13:51:40.657786 [debug] [MainThread]: On test.olist_pipeline.unique_stg_products_product_id.7d950a1467: Close
[0m13:51:41.185080 [debug] [MainThread]: Connection 'test.olist_pipeline.unique_stg_orders_order_id.e3b841c71a' was left open.
[0m13:51:41.188067 [debug] [MainThread]: On test.olist_pipeline.unique_stg_orders_order_id.e3b841c71a: Close
[0m13:51:41.851200 [debug] [MainThread]: Connection 'test.olist_pipeline.unique_stg_customers_customer_id.c7614daada' was left open.
[0m13:51:41.919633 [debug] [MainThread]: On test.olist_pipeline.unique_stg_customers_customer_id.c7614daada: Close
[0m13:51:42.447353 [debug] [MainThread]: Connection 'test.olist_pipeline.unique_stg_sellers_seller_id.cb2e34d4b8' was left open.
[0m13:51:42.582296 [debug] [MainThread]: On test.olist_pipeline.unique_stg_sellers_seller_id.cb2e34d4b8: Close
[0m13:51:43.090929 [info ] [MainThread]: 
[0m13:51:43.093632 [info ] [MainThread]: Finished running 51 data tests in 0 hours 0 minutes and 14.75 seconds (14.75s).
[0m13:51:43.114283 [debug] [MainThread]: Command end result
[0m13:51:43.284749 [debug] [MainThread]: Wrote artifact WritableManifest to /work/dbt/olist_pipeline/target/manifest.json
[0m13:51:43.298595 [debug] [MainThread]: Wrote artifact SemanticManifest to /work/dbt/olist_pipeline/target/semantic_manifest.json
[0m13:51:43.314251 [debug] [MainThread]: Wrote artifact OsiDocument to /work/dbt/olist_pipeline/target/osi_document.json
[0m13:51:43.349658 [debug] [MainThread]: Wrote artifact RunExecutionResult to /work/dbt/olist_pipeline/target/run_results.json
[0m13:51:43.352353 [info ] [MainThread]: 
[0m13:51:43.355894 [info ] [MainThread]: [31mCompleted with 2 errors, 0 partial successes, and 0 warnings:[0m
[0m13:51:43.365172 [info ] [MainThread]: 
[0m13:51:43.370191 [error] [MainThread]: [[31mERROR[0m]: in test unique_fact_reviews_review_key (models/marts/facts/_facts.yml)
[0m13:51:43.373931 [error] [MainThread]:   Got 789 results, configured to fail if != 0
[0m13:51:43.376385 [info ] [MainThread]: 
[0m13:51:43.379860 [info ] [MainThread]:   compiled code at target/compiled/olist_pipeline/models/marts/facts/_facts.yml/unique_fact_reviews_review_key.sql
[0m13:51:43.384485 [info ] [MainThread]: 
[0m13:51:43.391366 [error] [MainThread]: [[31mERROR[0m]: in test unique_stg_order_reviews_review_id (models/staging/_staging.yml)
[0m13:51:43.394347 [error] [MainThread]:   Got 789 results, configured to fail if != 0
[0m13:51:43.397002 [info ] [MainThread]: 
[0m13:51:43.401739 [info ] [MainThread]:   compiled code at target/compiled/olist_pipeline/models/staging/_staging.yml/unique_stg_order_reviews_review_id.sql
[0m13:51:43.406820 [info ] [MainThread]: 
[0m13:51:43.409347 [info ] [MainThread]: Done. PASS=49 WARN=0 ERROR=2 SKIP=0 NO-OP=0 REUSED=0 TOTAL=51
[0m13:51:43.414127 [debug] [MainThread]: Resource report: {"command_name": "test", "command_success": false, "command_wall_clock_time": 19.534498, "process_in_blocks": "0", "process_kernel_time": 1.852163, "process_mem_max_rss": "180432", "process_out_blocks": "8488", "process_user_time": 9.744348}
[0m13:51:43.422181 [debug] [MainThread]: Command `dbt test` failed at 13:51:43.421725 after 19.54 seconds
[0m13:51:43.425050 [debug] [MainThread]: Sending event: {'category': 'dbt', 'action': 'invocation', 'label': 'end', 'context': [<snowplow_tracker.self_describing_json.SelfDescribingJson object at 0x713e0f2e4f10>, <snowplow_tracker.self_describing_json.SelfDescribingJson object at 0x713e0f33b2d0>, <snowplow_tracker.self_describing_json.SelfDescribingJson object at 0x713e0f2f7d10>]}
[0m13:51:43.427389 [debug] [MainThread]: Flushing usage events
[0m13:51:44.229275 [debug] [MainThread]: An error was encountered while trying to flush usage events
[0m14:01:19.944397 [debug] [MainThread]: Sending event: {'category': 'dbt', 'action': 'invocation', 'label': 'start', 'context': [<snowplow_tracker.self_describing_json.SelfDescribingJson object at 0x7d5d3dd83410>, <snowplow_tracker.self_describing_json.SelfDescribingJson object at 0x7d5d3aa14890>, <snowplow_tracker.self_describing_json.SelfDescribingJson object at 0x7d5d3aa17790>]}


============================== 14:01:19.956152 | f3e43522-7685-4a93-a46a-3489703862fb ==============================
[0m14:01:19.956152 [info ] [MainThread]: Running with dbt=1.12.0
[0m14:01:19.958640 [debug] [MainThread]: running dbt with arguments {'introspect': 'True', 'fail_fast': 'False', 'log_path': '/work/dbt/olist_pipeline/logs', 'use_experimental_parser': 'False', 'version_check': 'True', 'partial_parse': 'True', 'write_json': 'True', 'hints_enabled': 'True', 'target_path': 'None', 'warn_error_options': 'WarnErrorOptionsV2(error=[], warn=[], silence=[])', 'warn_error': 'None', 'no_print': 'None', 'profiles_dir': '.', 'printer_width': '80', 'quiet': 'False', 'debug': 'False', 'empty': 'False', 'log_cache_events': 'False', 'send_anonymous_usage_stats': 'True', 'cache_selected_only': 'False', 'log_format': 'default', 'maximum_seed_size_mib': '1', 'indirect_selection': 'eager', 'use_colors': 'True', 'static_parser': 'True', 'invocation_command': 'dbt run --select fact_reviews mart_sentiment_kpis mart_ml_results --profiles-dir .'}
[0m14:01:20.524825 [debug] [MainThread]: Snowflake adapter: Setting snowflake.connector to ERROR (file logging only)
[0m14:01:20.526997 [debug] [MainThread]: Snowflake adapter: Setting botocore to ERROR (file logging only)
[0m14:01:20.528975 [debug] [MainThread]: Snowflake adapter: Setting boto3 to ERROR (file logging only)
[0m14:01:20.872005 [debug] [MainThread]: Sending event: {'category': 'dbt', 'action': 'project_id', 'label': 'f3e43522-7685-4a93-a46a-3489703862fb', 'context': [<snowplow_tracker.self_describing_json.SelfDescribingJson object at 0x7d5d33dccc50>]}
[0m14:01:20.969668 [debug] [MainThread]: Sending event: {'category': 'dbt', 'action': 'adapter_info', 'label': 'f3e43522-7685-4a93-a46a-3489703862fb', 'context': [<snowplow_tracker.self_describing_json.SelfDescribingJson object at 0x7d5d3beb22d0>]}
[0m14:01:20.973701 [info ] [MainThread]: Registered adapter: snowflake=1.12.0
[0m14:01:21.131092 [debug] [MainThread]: checksum: 5029ac201ca95621a3c13f11212ebb88f023f43e83ad2fd6641dd4f215921ae1, vars: {}, profile: olist_pipeline, target: dev, version: 1.12.0
[0m14:01:22.898800 [debug] [MainThread]: Partial parsing enabled: 0 files deleted, 0 files added, 2 files changed.
[0m14:01:22.901743 [debug] [MainThread]: Partial parsing: updated file: olist_pipeline://models/staging/_staging.yml
[0m14:01:22.904182 [debug] [MainThread]: Partial parsing: updated file: olist_pipeline://models/marts/facts/fact_reviews.sql
[0m14:01:23.928028 [debug] [MainThread]: Sending event: {'category': 'dbt', 'action': 'load_project', 'label': 'f3e43522-7685-4a93-a46a-3489703862fb', 'context': [<snowplow_tracker.self_describing_json.SelfDescribingJson object at 0x7d5d33a36f90>]}
[0m14:01:24.317246 [debug] [MainThread]: Wrote artifact WritableManifest to /work/dbt/olist_pipeline/target/manifest.json
[0m14:01:24.333637 [debug] [MainThread]: Wrote artifact SemanticManifest to /work/dbt/olist_pipeline/target/semantic_manifest.json
[0m14:01:24.382060 [debug] [MainThread]: Wrote artifact OsiDocument to /work/dbt/olist_pipeline/target/osi_document.json
[0m14:01:24.425467 [debug] [MainThread]: Sending event: {'category': 'dbt', 'action': 'resource_counts', 'label': 'f3e43522-7685-4a93-a46a-3489703862fb', 'context': [<snowplow_tracker.self_describing_json.SelfDescribingJson object at 0x7d5d33e8c710>]}
[0m14:01:24.428736 [info ] [MainThread]: Found 23 models, 51 data tests, 10 sources, 661 macros
[0m14:01:24.431310 [debug] [MainThread]: Sending event: {'category': 'dbt', 'action': 'runnable_timing', 'label': 'f3e43522-7685-4a93-a46a-3489703862fb', 'context': [<snowplow_tracker.self_describing_json.SelfDescribingJson object at 0x7d5d325c4510>]}
[0m14:01:24.437214 [info ] [MainThread]: 
[0m14:01:24.440345 [info ] [MainThread]: Concurrency: 4 threads (target='dev')
[0m14:01:24.443100 [info ] [MainThread]: 
[0m14:01:24.446887 [debug] [MainThread]: Acquiring new snowflake connection 'master'
[0m14:01:24.466802 [debug] [ThreadPool]: Acquiring new snowflake connection 'list_PROJETO_OLIST_DB'
[0m14:01:24.495560 [debug] [ThreadPool]: Using snowflake connection "list_PROJETO_OLIST_DB"
[0m14:01:24.499169 [debug] [ThreadPool]: On list_PROJETO_OLIST_DB: show terse schemas in database PROJETO_OLIST_DB
    limit 10000
/* {"app": "dbt", "dbt_version": "1.12.0", "profile_name": "olist_pipeline", "target_name": "dev", "connection_name": "list_PROJETO_OLIST_DB"} */
[0m14:01:24.502453 [debug] [ThreadPool]: Opening a new connection, currently in state init
[0m14:01:30.690380 [debug] [ThreadPool]: SQL status: SUCCESS 4 in 6.188 seconds
[0m14:01:30.699922 [debug] [ThreadPool]: Re-using an available connection from the pool (formerly list_PROJETO_OLIST_DB, now list_PROJETO_OLIST_DB_ANALYTICS)
[0m14:01:30.717972 [debug] [ThreadPool]: Using snowflake connection "list_PROJETO_OLIST_DB_ANALYTICS"
[0m14:01:30.719649 [debug] [ThreadPool]: On list_PROJETO_OLIST_DB_ANALYTICS: show objects in PROJETO_OLIST_DB.ANALYTICS
    limit 10000
    

/* {"app": "dbt", "dbt_version": "1.12.0", "profile_name": "olist_pipeline", "target_name": "dev", "connection_name": "list_PROJETO_OLIST_DB_ANALYTICS"} */;
[0m14:01:31.061068 [debug] [ThreadPool]: SQL status: SUCCESS 23 in 0.340 seconds
[0m14:01:31.074142 [debug] [ThreadPool]: Using snowflake connection "list_PROJETO_OLIST_DB_ANALYTICS"
[0m14:01:31.076287 [debug] [ThreadPool]: On list_PROJETO_OLIST_DB_ANALYTICS: show user functions in PROJETO_OLIST_DB.ANALYTICS
/* {"app": "dbt", "dbt_version": "1.12.0", "profile_name": "olist_pipeline", "target_name": "dev", "connection_name": "list_PROJETO_OLIST_DB_ANALYTICS"} */
[0m14:01:31.363770 [debug] [ThreadPool]: SQL status: SUCCESS 0 in 0.285 seconds
[0m14:01:31.371611 [debug] [MainThread]: Sending event: {'category': 'dbt', 'action': 'runnable_timing', 'label': 'f3e43522-7685-4a93-a46a-3489703862fb', 'context': [<snowplow_tracker.self_describing_json.SelfDescribingJson object at 0x7d5d33df56d0>]}
[0m14:01:31.385698 [debug] [Thread-2 (]: Began running node model.olist_pipeline.fact_reviews
[0m14:01:31.386376 [debug] [Thread-3 (]: Began running node model.olist_pipeline.mart_ml_results
[0m14:01:31.387977 [info ] [Thread-2 (]: 1 of 3 START sql table model ANALYTICS.fact_reviews ............................ [RUN]
[0m14:01:31.389817 [info ] [Thread-3 (]: 2 of 3 START sql table model ANALYTICS.mart_ml_results ......................... [RUN]
[0m14:01:31.392336 [debug] [Thread-2 (]: Re-using an available connection from the pool (formerly list_PROJETO_OLIST_DB_ANALYTICS, now model.olist_pipeline.fact_reviews)
[0m14:01:31.399135 [debug] [Thread-3 (]: Acquiring new snowflake connection 'model.olist_pipeline.mart_ml_results'
[0m14:01:31.402009 [debug] [Thread-2 (]: Began compiling node model.olist_pipeline.fact_reviews
[0m14:01:31.403435 [debug] [Thread-3 (]: Began compiling node model.olist_pipeline.mart_ml_results
[0m14:01:31.415316 [debug] [Thread-2 (]: Writing injected SQL for node "model.olist_pipeline.fact_reviews"
[0m14:01:31.421287 [debug] [Thread-3 (]: Writing injected SQL for node "model.olist_pipeline.mart_ml_results"
[0m14:01:31.433607 [debug] [Thread-2 (]: Began executing node model.olist_pipeline.fact_reviews
[0m14:01:31.434681 [debug] [Thread-3 (]: Began executing node model.olist_pipeline.mart_ml_results
[0m14:01:31.492448 [debug] [Thread-2 (]: Writing runtime sql for node "model.olist_pipeline.fact_reviews"
[0m14:01:31.496138 [debug] [Thread-3 (]: Writing runtime sql for node "model.olist_pipeline.mart_ml_results"
[0m14:01:31.509920 [debug] [Thread-3 (]: Using snowflake connection "model.olist_pipeline.mart_ml_results"
[0m14:01:31.511872 [debug] [Thread-2 (]: Using snowflake connection "model.olist_pipeline.fact_reviews"
[0m14:01:31.513479 [debug] [Thread-3 (]: On model.olist_pipeline.mart_ml_results: create or replace transient table PROJETO_OLIST_DB.ANALYTICS.mart_ml_results
    
    
    
    
    

    as (-- Predições do conjunto de teste (hard-code vs. sklearn) prontas para o dashboard e para a
-- análise de acertos/erros pedida na avaliação qualitativa (docs/avaliacao.md).

with predictions as (
    select * from PROJETO_OLIST_DB.ANALYTICS.stg_ml_predictions
),

orders as (
    select * from PROJETO_OLIST_DB.ANALYTICS.fact_orders
),

customers as (
    select * from PROJETO_OLIST_DB.ANALYTICS.dim_customers
)

select
    predictions.order_id,
    predictions.true_label,
    predictions.predicted_label_hardcode,
    predictions.predicted_label_sklearn,
    predictions.model_version,
    predictions.predicted_at,
    (predictions.true_label = predictions.predicted_label_hardcode) as hardcode_correct,
    (predictions.true_label = predictions.predicted_label_sklearn) as sklearn_correct,
    customers.state as customer_state
from predictions
left join orders on predictions.order_id = orders.order_id
left join customers on orders.customer_key = customers.customer_key
    )

/* {"app": "dbt", "dbt_version": "1.12.0", "profile_name": "olist_pipeline", "target_name": "dev", "node_id": "model.olist_pipeline.mart_ml_results"} */;
[0m14:01:31.515610 [debug] [Thread-2 (]: On model.olist_pipeline.fact_reviews: create or replace transient table PROJETO_OLIST_DB.ANALYTICS.fact_reviews
    
    
    
    
    

    as (with reviews as (
    select * from PROJETO_OLIST_DB.ANALYTICS.stg_order_reviews
),

orders as (
    select order_id, order_key from PROJETO_OLIST_DB.ANALYTICS.fact_orders
)

-- Grao: review_id + order_id (nao so review_id) - limitacao real do dataset Olist: ~0,8% dos
-- review_id se repetem em order_id diferentes (ver docs/dicionario_dados.md).
select
    md5(cast(coalesce(cast(reviews.review_id as TEXT), '_dbt_utils_surrogate_key_null_') || '-' || coalesce(cast(reviews.order_id as TEXT), '_dbt_utils_surrogate_key_null_') as TEXT)) as review_key,
    reviews.review_id,
    reviews.order_id,
    orders.order_key,
    reviews.review_score,
    reviews.review_comment_title,
    reviews.review_comment_message,
    reviews.sentiment_label,
    reviews.review_creation_date,
    reviews.review_answer_timestamp
from reviews
left join orders on reviews.order_id = orders.order_id
    )

/* {"app": "dbt", "dbt_version": "1.12.0", "profile_name": "olist_pipeline", "target_name": "dev", "node_id": "model.olist_pipeline.fact_reviews"} */;
[0m14:01:31.517409 [debug] [Thread-3 (]: Opening a new connection, currently in state init
[0m14:01:33.587791 [debug] [Thread-3 (]: SQL status: SUCCESS 1 in 2.070 seconds
[0m14:01:33.647519 [debug] [Thread-3 (]: Sending event: {'category': 'dbt', 'action': 'run_model', 'label': 'f3e43522-7685-4a93-a46a-3489703862fb', 'context': [<snowplow_tracker.self_describing_json.SelfDescribingJson object at 0x7d5d3dd9ea50>]}
[0m14:01:33.650993 [info ] [Thread-3 (]: 2 of 3 OK created sql table model ANALYTICS.mart_ml_results .................... [[32mSUCCESS 1[0m in 2.25s]
[0m14:01:33.654000 [debug] [Thread-3 (]: Finished running node model.olist_pipeline.mart_ml_results
[0m14:01:34.970486 [debug] [Thread-2 (]: SQL status: SUCCESS 99224 in 3.451 seconds
[0m14:01:34.978161 [debug] [Thread-2 (]: Sending event: {'category': 'dbt', 'action': 'run_model', 'label': 'f3e43522-7685-4a93-a46a-3489703862fb', 'context': [<snowplow_tracker.self_describing_json.SelfDescribingJson object at 0x7d5d3394a750>]}
[0m14:01:34.981803 [info ] [Thread-2 (]: 1 of 3 OK created sql table model ANALYTICS.fact_reviews ....................... [[32mSUCCESS 99224[0m in 3.59s]
[0m14:01:34.985521 [debug] [Thread-2 (]: Finished running node model.olist_pipeline.fact_reviews
[0m14:01:34.991152 [debug] [Thread-5 (]: Began running node model.olist_pipeline.mart_sentiment_kpis
[0m14:01:34.993919 [info ] [Thread-5 (]: 3 of 3 START sql table model ANALYTICS.mart_sentiment_kpis ..................... [RUN]
[0m14:01:34.997231 [debug] [Thread-5 (]: Acquiring new snowflake connection 'model.olist_pipeline.mart_sentiment_kpis'
[0m14:01:35.000166 [debug] [Thread-5 (]: Began compiling node model.olist_pipeline.mart_sentiment_kpis
[0m14:01:35.008598 [debug] [Thread-5 (]: Writing injected SQL for node "model.olist_pipeline.mart_sentiment_kpis"
[0m14:01:35.029156 [debug] [Thread-5 (]: Began executing node model.olist_pipeline.mart_sentiment_kpis
[0m14:01:35.035315 [debug] [Thread-5 (]: Writing runtime sql for node "model.olist_pipeline.mart_sentiment_kpis"
[0m14:01:35.058433 [debug] [Thread-5 (]: Using snowflake connection "model.olist_pipeline.mart_sentiment_kpis"
[0m14:01:35.060535 [debug] [Thread-5 (]: On model.olist_pipeline.mart_sentiment_kpis: create or replace transient table PROJETO_OLIST_DB.ANALYTICS.mart_sentiment_kpis
    
    
    
    
    

    as (-- Fatos agregados para o dashboard Metabase: indicadores de sentimento por categoria de
-- produto. Cada review está ligada a um pedido (não diretamente a um produto); usa-se o
-- produto do primeiro item do pedido para evitar duplicar a review entre categorias em
-- pedidos com vários itens de categorias diferentes (mesma simplificação documentada em
-- mart_late_delivery_features para o vendedor "primário").

with reviews as (
    select * from PROJETO_OLIST_DB.ANALYTICS.fact_reviews
),

primary_item as (
    select order_id, product_key
    from PROJETO_OLIST_DB.ANALYTICS.fact_order_items
    qualify row_number() over (partition by order_id order by order_item_id) = 1
),

products as (
    select * from PROJETO_OLIST_DB.ANALYTICS.dim_products
)

select
    products.category_name_english,
    count(reviews.review_key) as review_count,
    avg(reviews.review_score) as avg_review_score,
    sum(case when reviews.sentiment_label = 'positive' then 1 else 0 end)
        / nullif(count(reviews.review_key), 0)::float as pct_positive,
    sum(case when reviews.sentiment_label = 'neutral' then 1 else 0 end)
        / nullif(count(reviews.review_key), 0)::float as pct_neutral,
    sum(case when reviews.sentiment_label = 'negative' then 1 else 0 end)
        / nullif(count(reviews.review_key), 0)::float as pct_negative
from reviews
left join primary_item on reviews.order_id = primary_item.order_id
left join products on primary_item.product_key = products.product_key
group by products.category_name_english
    )

/* {"app": "dbt", "dbt_version": "1.12.0", "profile_name": "olist_pipeline", "target_name": "dev", "node_id": "model.olist_pipeline.mart_sentiment_kpis"} */;
[0m14:01:35.062922 [debug] [Thread-5 (]: Opening a new connection, currently in state init
[0m14:01:37.862606 [debug] [Thread-5 (]: SQL status: SUCCESS 74 in 2.800 seconds
[0m14:01:37.868259 [debug] [Thread-5 (]: Sending event: {'category': 'dbt', 'action': 'run_model', 'label': 'f3e43522-7685-4a93-a46a-3489703862fb', 'context': [<snowplow_tracker.self_describing_json.SelfDescribingJson object at 0x7d5d3243c690>]}
[0m14:01:37.870936 [info ] [Thread-5 (]: 3 of 3 OK created sql table model ANALYTICS.mart_sentiment_kpis ................ [[32mSUCCESS 74[0m in 2.87s]
[0m14:01:37.874093 [debug] [Thread-5 (]: Finished running node model.olist_pipeline.mart_sentiment_kpis
[0m14:01:37.880398 [debug] [MainThread]: Connection 'master' was properly closed.
[0m14:01:37.882917 [debug] [MainThread]: Connection 'model.olist_pipeline.fact_reviews' was left open.
[0m14:01:37.885116 [debug] [MainThread]: On model.olist_pipeline.fact_reviews: Close
[0m14:01:38.410067 [debug] [MainThread]: Connection 'model.olist_pipeline.mart_ml_results' was left open.
[0m14:01:38.411969 [debug] [MainThread]: On model.olist_pipeline.mart_ml_results: Close
[0m14:01:38.920966 [debug] [MainThread]: Connection 'model.olist_pipeline.mart_sentiment_kpis' was left open.
[0m14:01:38.922698 [debug] [MainThread]: On model.olist_pipeline.mart_sentiment_kpis: Close
[0m14:01:39.431043 [info ] [MainThread]: 
[0m14:01:39.434290 [info ] [MainThread]: Finished running 3 table models in 0 hours 0 minutes and 14.98 seconds (14.98s).
[0m14:01:39.438620 [debug] [MainThread]: Command end result
[0m14:01:39.636257 [debug] [MainThread]: Wrote artifact WritableManifest to /work/dbt/olist_pipeline/target/manifest.json
[0m14:01:39.651342 [debug] [MainThread]: Wrote artifact SemanticManifest to /work/dbt/olist_pipeline/target/semantic_manifest.json
[0m14:01:39.663717 [debug] [MainThread]: Wrote artifact OsiDocument to /work/dbt/olist_pipeline/target/osi_document.json
[0m14:01:39.685777 [debug] [MainThread]: Wrote artifact RunExecutionResult to /work/dbt/olist_pipeline/target/run_results.json
[0m14:01:39.688161 [info ] [MainThread]: 
[0m14:01:39.690499 [info ] [MainThread]: [32mCompleted successfully[0m
[0m14:01:39.692617 [info ] [MainThread]: 
[0m14:01:39.694803 [info ] [MainThread]: Done. PASS=3 WARN=0 ERROR=0 SKIP=0 NO-OP=0 REUSED=0 TOTAL=3
[0m14:01:39.699292 [debug] [MainThread]: Resource report: {"command_name": "run", "command_success": true, "command_wall_clock_time": 19.841694, "process_in_blocks": "0", "process_kernel_time": 2.835062, "process_mem_max_rss": "184144", "process_out_blocks": "8488", "process_user_time": 10.046254}
[0m14:01:39.701472 [debug] [MainThread]: Command `dbt run` succeeded at 14:01:39.701304 after 19.84 seconds
[0m14:01:39.703422 [debug] [MainThread]: Sending event: {'category': 'dbt', 'action': 'invocation', 'label': 'end', 'context': [<snowplow_tracker.self_describing_json.SelfDescribingJson object at 0x7d5d3aba7b50>, <snowplow_tracker.self_describing_json.SelfDescribingJson object at 0x7d5d3aa2bad0>, <snowplow_tracker.self_describing_json.SelfDescribingJson object at 0x7d5d33e78f10>]}
[0m14:01:39.705043 [debug] [MainThread]: Flushing usage events
[0m14:01:40.481622 [debug] [MainThread]: An error was encountered while trying to flush usage events
[0m14:01:43.397095 [debug] [MainThread]: Sending event: {'category': 'dbt', 'action': 'invocation', 'label': 'start', 'context': [<snowplow_tracker.self_describing_json.SelfDescribingJson object at 0x74e6e0c227d0>, <snowplow_tracker.self_describing_json.SelfDescribingJson object at 0x74e6e0d55850>, <snowplow_tracker.self_describing_json.SelfDescribingJson object at 0x74e6e0c11310>]}


============================== 14:01:43.403108 | 2a215f79-2fcd-4311-a0bd-bc7e864af3c0 ==============================
[0m14:01:43.403108 [info ] [MainThread]: Running with dbt=1.12.0
[0m14:01:43.405444 [debug] [MainThread]: running dbt with arguments {'quiet': 'False', 'invocation_command': 'dbt test --profiles-dir .', 'cache_selected_only': 'False', 'send_anonymous_usage_stats': 'True', 'use_colors': 'True', 'log_format': 'default', 'warn_error_options': 'WarnErrorOptionsV2(error=[], warn=[], silence=[])', 'log_cache_events': 'False', 'introspect': 'True', 'static_parser': 'True', 'target_path': 'None', 'maximum_seed_size_mib': '1', 'hints_enabled': 'True', 'empty': 'None', 'no_print': 'None', 'partial_parse': 'True', 'profiles_dir': '.', 'debug': 'False', 'log_path': '/work/dbt/olist_pipeline/logs', 'version_check': 'True', 'use_experimental_parser': 'False', 'printer_width': '80', 'indirect_selection': 'eager', 'fail_fast': 'False', 'warn_error': 'None', 'write_json': 'True'}
[0m14:01:43.878580 [debug] [MainThread]: Snowflake adapter: Setting snowflake.connector to ERROR (file logging only)
[0m14:01:43.881856 [debug] [MainThread]: Snowflake adapter: Setting botocore to ERROR (file logging only)
[0m14:01:43.884153 [debug] [MainThread]: Snowflake adapter: Setting boto3 to ERROR (file logging only)
[0m14:01:44.264279 [debug] [MainThread]: Sending event: {'category': 'dbt', 'action': 'project_id', 'label': '2a215f79-2fcd-4311-a0bd-bc7e864af3c0', 'context': [<snowplow_tracker.self_describing_json.SelfDescribingJson object at 0x74e6dfae4110>]}
[0m14:01:44.357768 [debug] [MainThread]: Sending event: {'category': 'dbt', 'action': 'adapter_info', 'label': '2a215f79-2fcd-4311-a0bd-bc7e864af3c0', 'context': [<snowplow_tracker.self_describing_json.SelfDescribingJson object at 0x74e6e201d6d0>]}
[0m14:01:44.364464 [info ] [MainThread]: Registered adapter: snowflake=1.12.0
[0m14:01:44.539627 [debug] [MainThread]: checksum: 5029ac201ca95621a3c13f11212ebb88f023f43e83ad2fd6641dd4f215921ae1, vars: {}, profile: olist_pipeline, target: dev, version: 1.12.0
[0m14:01:46.382627 [debug] [MainThread]: Partial parsing enabled: 0 files deleted, 0 files added, 0 files changed.
[0m14:01:46.384939 [debug] [MainThread]: Nothing changed, skipping partial parsing.
[0m14:01:46.387353 [debug] [MainThread]: Partial parsing enabled, no changes found, skipping parsing
[0m14:01:46.414101 [debug] [MainThread]: Sending event: {'category': 'dbt', 'action': 'load_project', 'label': '2a215f79-2fcd-4311-a0bd-bc7e864af3c0', 'context': [<snowplow_tracker.self_describing_json.SelfDescribingJson object at 0x74e6dda4a3d0>]}
[0m14:01:46.778501 [debug] [MainThread]: Wrote artifact WritableManifest to /work/dbt/olist_pipeline/target/manifest.json
[0m14:01:46.788396 [debug] [MainThread]: Wrote artifact SemanticManifest to /work/dbt/olist_pipeline/target/semantic_manifest.json
[0m14:01:46.814157 [debug] [MainThread]: Wrote artifact OsiDocument to /work/dbt/olist_pipeline/target/osi_document.json
[0m14:01:46.882775 [debug] [MainThread]: Sending event: {'category': 'dbt', 'action': 'resource_counts', 'label': '2a215f79-2fcd-4311-a0bd-bc7e864af3c0', 'context': [<snowplow_tracker.self_describing_json.SelfDescribingJson object at 0x74e6e0d55e10>]}
[0m14:01:46.885563 [info ] [MainThread]: Found 23 models, 51 data tests, 10 sources, 661 macros
[0m14:01:46.887769 [debug] [MainThread]: Sending event: {'category': 'dbt', 'action': 'runnable_timing', 'label': '2a215f79-2fcd-4311-a0bd-bc7e864af3c0', 'context': [<snowplow_tracker.self_describing_json.SelfDescribingJson object at 0x74e6de0840d0>]}
[0m14:01:46.896935 [info ] [MainThread]: 
[0m14:01:46.900367 [info ] [MainThread]: Concurrency: 4 threads (target='dev')
[0m14:01:46.903797 [info ] [MainThread]: 
[0m14:01:46.907657 [debug] [MainThread]: Acquiring new snowflake connection 'master'
[0m14:01:46.922171 [debug] [ThreadPool]: Acquiring new snowflake connection 'list_PROJETO_OLIST_DB_ANALYTICS'
[0m14:01:46.986122 [debug] [ThreadPool]: Using snowflake connection "list_PROJETO_OLIST_DB_ANALYTICS"
[0m14:01:46.989229 [debug] [ThreadPool]: On list_PROJETO_OLIST_DB_ANALYTICS: show objects in PROJETO_OLIST_DB.ANALYTICS
    limit 10000
    

/* {"app": "dbt", "dbt_version": "1.12.0", "profile_name": "olist_pipeline", "target_name": "dev", "connection_name": "list_PROJETO_OLIST_DB_ANALYTICS"} */;
[0m14:01:46.992810 [debug] [ThreadPool]: Opening a new connection, currently in state init
[0m14:01:48.446281 [debug] [ThreadPool]: SQL status: SUCCESS 23 in 1.455 seconds
[0m14:01:48.457224 [debug] [ThreadPool]: Using snowflake connection "list_PROJETO_OLIST_DB_ANALYTICS"
[0m14:01:48.458790 [debug] [ThreadPool]: On list_PROJETO_OLIST_DB_ANALYTICS: show user functions in PROJETO_OLIST_DB.ANALYTICS
/* {"app": "dbt", "dbt_version": "1.12.0", "profile_name": "olist_pipeline", "target_name": "dev", "connection_name": "list_PROJETO_OLIST_DB_ANALYTICS"} */
[0m14:01:48.750063 [debug] [ThreadPool]: SQL status: SUCCESS 0 in 0.290 seconds
[0m14:01:48.756867 [debug] [MainThread]: Sending event: {'category': 'dbt', 'action': 'runnable_timing', 'label': '2a215f79-2fcd-4311-a0bd-bc7e864af3c0', 'context': [<snowplow_tracker.self_describing_json.SelfDescribingJson object at 0x74e6e0c22450>]}
[0m14:01:48.762219 [debug] [Thread-2 (]: Began running node test.olist_pipeline.accepted_values_fact_orders_order_status__delivered__shipped__canceled__unavailable__invoiced__processing__created__approved.cc059b4a00
[0m14:01:48.762837 [debug] [Thread-3 (]: Began running node test.olist_pipeline.accepted_values_fact_reviews_sentiment_label__positive__neutral__negative.acc96503d0
[0m14:01:48.763452 [debug] [Thread-4 (]: Began running node test.olist_pipeline.accepted_values_mart_ml_results_true_label__on_time__late.7772cee9b4
[0m14:01:48.764284 [debug] [Thread-5 (]: Began running node test.olist_pipeline.accepted_values_stg_order_reviews_sentiment_label__positive__neutral__negative.bbfbf3cbff
[0m14:01:48.765357 [info ] [Thread-2 (]: 1 of 51 START test accepted_values_fact_orders_order_status__delivered__shipped__canceled__unavailable__invoiced__processing__created__approved  [RUN]
[0m14:01:48.767135 [info ] [Thread-3 (]: 2 of 51 START test accepted_values_fact_reviews_sentiment_label__positive__neutral__negative  [RUN]
[0m14:01:48.768732 [info ] [Thread-4 (]: 3 of 51 START test accepted_values_mart_ml_results_true_label__on_time__late ... [RUN]
[0m14:01:48.770395 [info ] [Thread-5 (]: 4 of 51 START test accepted_values_stg_order_reviews_sentiment_label__positive__neutral__negative  [RUN]
[0m14:01:48.772260 [debug] [Thread-2 (]: Re-using an available connection from the pool (formerly list_PROJETO_OLIST_DB_ANALYTICS, now test.olist_pipeline.accepted_values_fact_orders_order_status__delivered__shipped__canceled__unavailable__invoiced__processing__created__approved.cc059b4a00)
[0m14:01:48.773597 [debug] [Thread-3 (]: Acquiring new snowflake connection 'test.olist_pipeline.accepted_values_fact_reviews_sentiment_label__positive__neutral__negative.acc96503d0'
[0m14:01:48.774886 [debug] [Thread-4 (]: Acquiring new snowflake connection 'test.olist_pipeline.accepted_values_mart_ml_results_true_label__on_time__late.7772cee9b4'
[0m14:01:48.776374 [debug] [Thread-5 (]: Acquiring new snowflake connection 'test.olist_pipeline.accepted_values_stg_order_reviews_sentiment_label__positive__neutral__negative.bbfbf3cbff'
[0m14:01:48.777949 [debug] [Thread-2 (]: Began compiling node test.olist_pipeline.accepted_values_fact_orders_order_status__delivered__shipped__canceled__unavailable__invoiced__processing__created__approved.cc059b4a00
[0m14:01:48.779229 [debug] [Thread-3 (]: Began compiling node test.olist_pipeline.accepted_values_fact_reviews_sentiment_label__positive__neutral__negative.acc96503d0
[0m14:01:48.780862 [debug] [Thread-4 (]: Began compiling node test.olist_pipeline.accepted_values_mart_ml_results_true_label__on_time__late.7772cee9b4
[0m14:01:48.782405 [debug] [Thread-5 (]: Began compiling node test.olist_pipeline.accepted_values_stg_order_reviews_sentiment_label__positive__neutral__negative.bbfbf3cbff
[0m14:01:48.872436 [debug] [Thread-2 (]: Writing injected SQL for node "test.olist_pipeline.accepted_values_fact_orders_order_status__delivered__shipped__canceled__unavailable__invoiced__processing__created__approved.cc059b4a00"
[0m14:01:48.874101 [debug] [Thread-3 (]: Writing injected SQL for node "test.olist_pipeline.accepted_values_fact_reviews_sentiment_label__positive__neutral__negative.acc96503d0"
[0m14:01:48.886376 [debug] [Thread-4 (]: Writing injected SQL for node "test.olist_pipeline.accepted_values_mart_ml_results_true_label__on_time__late.7772cee9b4"
[0m14:01:48.895134 [debug] [Thread-5 (]: Writing injected SQL for node "test.olist_pipeline.accepted_values_stg_order_reviews_sentiment_label__positive__neutral__negative.bbfbf3cbff"
[0m14:01:48.908274 [debug] [Thread-2 (]: Began executing node test.olist_pipeline.accepted_values_fact_orders_order_status__delivered__shipped__canceled__unavailable__invoiced__processing__created__approved.cc059b4a00
[0m14:01:48.909064 [debug] [Thread-5 (]: Began executing node test.olist_pipeline.accepted_values_stg_order_reviews_sentiment_label__positive__neutral__negative.bbfbf3cbff
[0m14:01:48.916241 [debug] [Thread-4 (]: Began executing node test.olist_pipeline.accepted_values_mart_ml_results_true_label__on_time__late.7772cee9b4
[0m14:01:48.916780 [debug] [Thread-3 (]: Began executing node test.olist_pipeline.accepted_values_fact_reviews_sentiment_label__positive__neutral__negative.acc96503d0
[0m14:01:48.939074 [debug] [Thread-5 (]: Writing runtime sql for node "test.olist_pipeline.accepted_values_stg_order_reviews_sentiment_label__positive__neutral__negative.bbfbf3cbff"
[0m14:01:48.941245 [debug] [Thread-2 (]: Writing runtime sql for node "test.olist_pipeline.accepted_values_fact_orders_order_status__delivered__shipped__canceled__unavailable__invoiced__processing__created__approved.cc059b4a00"
[0m14:01:48.945121 [debug] [Thread-4 (]: Writing runtime sql for node "test.olist_pipeline.accepted_values_mart_ml_results_true_label__on_time__late.7772cee9b4"
[0m14:01:48.949228 [debug] [Thread-3 (]: Writing runtime sql for node "test.olist_pipeline.accepted_values_fact_reviews_sentiment_label__positive__neutral__negative.acc96503d0"
[0m14:01:48.960456 [debug] [Thread-2 (]: Using snowflake connection "test.olist_pipeline.accepted_values_fact_orders_order_status__delivered__shipped__canceled__unavailable__invoiced__processing__created__approved.cc059b4a00"
[0m14:01:48.961899 [debug] [Thread-5 (]: Using snowflake connection "test.olist_pipeline.accepted_values_stg_order_reviews_sentiment_label__positive__neutral__negative.bbfbf3cbff"
[0m14:01:48.963236 [debug] [Thread-3 (]: Using snowflake connection "test.olist_pipeline.accepted_values_fact_reviews_sentiment_label__positive__neutral__negative.acc96503d0"
[0m14:01:48.964469 [debug] [Thread-2 (]: On test.olist_pipeline.accepted_values_fact_orders_order_status__delivered__shipped__canceled__unavailable__invoiced__processing__created__approved.cc059b4a00: select
      count(*) as failures,
      count(*) != 0 as should_warn,
      count(*) != 0 as should_error
    from (
      
    
  
    
    

with all_values as (

    select
        order_status as value_field,
        count(*) as n_records

    from PROJETO_OLIST_DB.ANALYTICS.fact_orders
    group by order_status

)

select *
from all_values
where value_field not in (
    'delivered','shipped','canceled','unavailable','invoiced','processing','created','approved'
)



  
  
      
    ) dbt_internal_test
/* {"app": "dbt", "dbt_version": "1.12.0", "profile_name": "olist_pipeline", "target_name": "dev", "node_id": "test.olist_pipeline.accepted_values_fact_orders_order_status__delivered__shipped__canceled__unavailable__invoiced__processing__created__approved.cc059b4a00"} */
[0m14:01:48.966127 [debug] [Thread-4 (]: Using snowflake connection "test.olist_pipeline.accepted_values_mart_ml_results_true_label__on_time__late.7772cee9b4"
[0m14:01:48.966671 [debug] [Thread-5 (]: On test.olist_pipeline.accepted_values_stg_order_reviews_sentiment_label__positive__neutral__negative.bbfbf3cbff: select
      count(*) as failures,
      count(*) != 0 as should_warn,
      count(*) != 0 as should_error
    from (
      
    
  
    
    

with all_values as (

    select
        sentiment_label as value_field,
        count(*) as n_records

    from PROJETO_OLIST_DB.ANALYTICS.stg_order_reviews
    group by sentiment_label

)

select *
from all_values
where value_field not in (
    'positive','neutral','negative'
)



  
  
      
    ) dbt_internal_test
/* {"app": "dbt", "dbt_version": "1.12.0", "profile_name": "olist_pipeline", "target_name": "dev", "node_id": "test.olist_pipeline.accepted_values_stg_order_reviews_sentiment_label__positive__neutral__negative.bbfbf3cbff"} */
[0m14:01:48.968064 [debug] [Thread-3 (]: On test.olist_pipeline.accepted_values_fact_reviews_sentiment_label__positive__neutral__negative.acc96503d0: select
      count(*) as failures,
      count(*) != 0 as should_warn,
      count(*) != 0 as should_error
    from (
      
    
  
    
    

with all_values as (

    select
        sentiment_label as value_field,
        count(*) as n_records

    from PROJETO_OLIST_DB.ANALYTICS.fact_reviews
    group by sentiment_label

)

select *
from all_values
where value_field not in (
    'positive','neutral','negative'
)



  
  
      
    ) dbt_internal_test
/* {"app": "dbt", "dbt_version": "1.12.0", "profile_name": "olist_pipeline", "target_name": "dev", "node_id": "test.olist_pipeline.accepted_values_fact_reviews_sentiment_label__positive__neutral__negative.acc96503d0"} */
[0m14:01:48.972108 [debug] [Thread-4 (]: On test.olist_pipeline.accepted_values_mart_ml_results_true_label__on_time__late.7772cee9b4: select
      count(*) as failures,
      count(*) != 0 as should_warn,
      count(*) != 0 as should_error
    from (
      
    
  
    
    

with all_values as (

    select
        true_label as value_field,
        count(*) as n_records

    from PROJETO_OLIST_DB.ANALYTICS.mart_ml_results
    group by true_label

)

select *
from all_values
where value_field not in (
    'on_time','late'
)



  
  
      
    ) dbt_internal_test
/* {"app": "dbt", "dbt_version": "1.12.0", "profile_name": "olist_pipeline", "target_name": "dev", "node_id": "test.olist_pipeline.accepted_values_mart_ml_results_true_label__on_time__late.7772cee9b4"} */
[0m14:01:48.973890 [debug] [Thread-5 (]: Opening a new connection, currently in state init
[0m14:01:48.975397 [debug] [Thread-3 (]: Opening a new connection, currently in state init
[0m14:01:48.976733 [debug] [Thread-4 (]: Opening a new connection, currently in state init
[0m14:01:49.320454 [debug] [Thread-2 (]: SQL status: SUCCESS 1 in 0.351 seconds
[0m14:01:49.350312 [info ] [Thread-2 (]: 1 of 51 PASS accepted_values_fact_orders_order_status__delivered__shipped__canceled__unavailable__invoiced__processing__created__approved  [[32mPASS[0m in 0.58s]
[0m14:01:49.354124 [debug] [Thread-2 (]: Finished running node test.olist_pipeline.accepted_values_fact_orders_order_status__delivered__shipped__canceled__unavailable__invoiced__processing__created__approved.cc059b4a00
[0m14:01:49.357395 [debug] [Thread-2 (]: Began running node test.olist_pipeline.accepted_values_stg_orders_order_status__delivered__shipped__canceled__unavailable__invoiced__processing__created__approved.a06d34fe4c
[0m14:01:49.359692 [info ] [Thread-2 (]: 5 of 51 START test accepted_values_stg_orders_order_status__delivered__shipped__canceled__unavailable__invoiced__processing__created__approved  [RUN]
[0m14:01:49.362273 [debug] [Thread-2 (]: Re-using an available connection from the pool (formerly test.olist_pipeline.accepted_values_fact_orders_order_status__delivered__shipped__canceled__unavailable__invoiced__processing__created__approved.cc059b4a00, now test.olist_pipeline.accepted_values_stg_orders_order_status__delivered__shipped__canceled__unavailable__invoiced__processing__created__approved.a06d34fe4c)
[0m14:01:49.364789 [debug] [Thread-2 (]: Began compiling node test.olist_pipeline.accepted_values_stg_orders_order_status__delivered__shipped__canceled__unavailable__invoiced__processing__created__approved.a06d34fe4c
[0m14:01:49.379462 [debug] [Thread-2 (]: Writing injected SQL for node "test.olist_pipeline.accepted_values_stg_orders_order_status__delivered__shipped__canceled__unavailable__invoiced__processing__created__approved.a06d34fe4c"
[0m14:01:49.395889 [debug] [Thread-2 (]: Began executing node test.olist_pipeline.accepted_values_stg_orders_order_status__delivered__shipped__canceled__unavailable__invoiced__processing__created__approved.a06d34fe4c
[0m14:01:49.399223 [debug] [Thread-2 (]: Writing runtime sql for node "test.olist_pipeline.accepted_values_stg_orders_order_status__delivered__shipped__canceled__unavailable__invoiced__processing__created__approved.a06d34fe4c"
[0m14:01:49.414591 [debug] [Thread-2 (]: Using snowflake connection "test.olist_pipeline.accepted_values_stg_orders_order_status__delivered__shipped__canceled__unavailable__invoiced__processing__created__approved.a06d34fe4c"
[0m14:01:49.416367 [debug] [Thread-2 (]: On test.olist_pipeline.accepted_values_stg_orders_order_status__delivered__shipped__canceled__unavailable__invoiced__processing__created__approved.a06d34fe4c: select
      count(*) as failures,
      count(*) != 0 as should_warn,
      count(*) != 0 as should_error
    from (
      
    
  
    
    

with all_values as (

    select
        order_status as value_field,
        count(*) as n_records

    from PROJETO_OLIST_DB.ANALYTICS.stg_orders
    group by order_status

)

select *
from all_values
where value_field not in (
    'delivered','shipped','canceled','unavailable','invoiced','processing','created','approved'
)



  
  
      
    ) dbt_internal_test
/* {"app": "dbt", "dbt_version": "1.12.0", "profile_name": "olist_pipeline", "target_name": "dev", "node_id": "test.olist_pipeline.accepted_values_stg_orders_order_status__delivered__shipped__canceled__unavailable__invoiced__processing__created__approved.a06d34fe4c"} */
[0m14:01:49.826940 [debug] [Thread-2 (]: SQL status: SUCCESS 1 in 0.405 seconds
[0m14:01:49.831164 [info ] [Thread-2 (]: 5 of 51 PASS accepted_values_stg_orders_order_status__delivered__shipped__canceled__unavailable__invoiced__processing__created__approved  [[32mPASS[0m in 0.47s]
[0m14:01:49.833400 [debug] [Thread-2 (]: Finished running node test.olist_pipeline.accepted_values_stg_orders_order_status__delivered__shipped__canceled__unavailable__invoiced__processing__created__approved.a06d34fe4c
[0m14:01:49.835254 [debug] [Thread-2 (]: Began running node test.olist_pipeline.dbt_utils_unique_combination_of_columns_stg_order_reviews_review_id__order_id.abe3cd6ed0
[0m14:01:49.837945 [info ] [Thread-2 (]: 6 of 51 START test dbt_utils_unique_combination_of_columns_stg_order_reviews_review_id__order_id  [RUN]
[0m14:01:49.840285 [debug] [Thread-2 (]: Re-using an available connection from the pool (formerly test.olist_pipeline.accepted_values_stg_orders_order_status__delivered__shipped__canceled__unavailable__invoiced__processing__created__approved.a06d34fe4c, now test.olist_pipeline.dbt_utils_unique_combination_of_columns_stg_order_reviews_review_id__order_id.abe3cd6ed0)
[0m14:01:49.841847 [debug] [Thread-2 (]: Began compiling node test.olist_pipeline.dbt_utils_unique_combination_of_columns_stg_order_reviews_review_id__order_id.abe3cd6ed0
[0m14:01:49.866091 [debug] [Thread-2 (]: Writing injected SQL for node "test.olist_pipeline.dbt_utils_unique_combination_of_columns_stg_order_reviews_review_id__order_id.abe3cd6ed0"
[0m14:01:49.883471 [debug] [Thread-2 (]: Began executing node test.olist_pipeline.dbt_utils_unique_combination_of_columns_stg_order_reviews_review_id__order_id.abe3cd6ed0
[0m14:01:49.888369 [debug] [Thread-2 (]: Writing runtime sql for node "test.olist_pipeline.dbt_utils_unique_combination_of_columns_stg_order_reviews_review_id__order_id.abe3cd6ed0"
[0m14:01:49.904654 [debug] [Thread-2 (]: Using snowflake connection "test.olist_pipeline.dbt_utils_unique_combination_of_columns_stg_order_reviews_review_id__order_id.abe3cd6ed0"
[0m14:01:49.906670 [debug] [Thread-2 (]: On test.olist_pipeline.dbt_utils_unique_combination_of_columns_stg_order_reviews_review_id__order_id.abe3cd6ed0: select
      count(*) as failures,
      count(*) != 0 as should_warn,
      count(*) != 0 as should_error
    from (
      
    
  





with validation_errors as (

    select
        review_id, order_id
    from PROJETO_OLIST_DB.ANALYTICS.stg_order_reviews
    group by review_id, order_id
    having count(*) > 1

)

select *
from validation_errors



  
  
      
    ) dbt_internal_test
/* {"app": "dbt", "dbt_version": "1.12.0", "profile_name": "olist_pipeline", "target_name": "dev", "node_id": "test.olist_pipeline.dbt_utils_unique_combination_of_columns_stg_order_reviews_review_id__order_id.abe3cd6ed0"} */
[0m14:01:50.333026 [debug] [Thread-5 (]: SQL status: SUCCESS 1 in 1.359 seconds
[0m14:01:50.337495 [info ] [Thread-5 (]: 4 of 51 PASS accepted_values_stg_order_reviews_sentiment_label__positive__neutral__negative  [[32mPASS[0m in 1.56s]
[0m14:01:50.340283 [debug] [Thread-5 (]: Finished running node test.olist_pipeline.accepted_values_stg_order_reviews_sentiment_label__positive__neutral__negative.bbfbf3cbff
[0m14:01:50.342282 [debug] [Thread-5 (]: Began running node test.olist_pipeline.not_null_dim_customers_customer_id.dd91cd1c8d
[0m14:01:50.343744 [info ] [Thread-5 (]: 7 of 51 START test not_null_dim_customers_customer_id .......................... [RUN]
[0m14:01:50.345773 [debug] [Thread-5 (]: Re-using an available connection from the pool (formerly test.olist_pipeline.accepted_values_stg_order_reviews_sentiment_label__positive__neutral__negative.bbfbf3cbff, now test.olist_pipeline.not_null_dim_customers_customer_id.dd91cd1c8d)
[0m14:01:50.347613 [debug] [Thread-5 (]: Began compiling node test.olist_pipeline.not_null_dim_customers_customer_id.dd91cd1c8d
[0m14:01:50.359869 [debug] [Thread-5 (]: Writing injected SQL for node "test.olist_pipeline.not_null_dim_customers_customer_id.dd91cd1c8d"
[0m14:01:50.361884 [debug] [Thread-4 (]: SQL status: SUCCESS 1 in 1.385 seconds
[0m14:01:50.365547 [info ] [Thread-4 (]: 3 of 51 PASS accepted_values_mart_ml_results_true_label__on_time__late ......... [[32mPASS[0m in 1.59s]
[0m14:01:50.368038 [debug] [Thread-4 (]: Finished running node test.olist_pipeline.accepted_values_mart_ml_results_true_label__on_time__late.7772cee9b4
[0m14:01:50.369933 [debug] [Thread-2 (]: SQL status: SUCCESS 1 in 0.462 seconds
[0m14:01:50.370829 [debug] [Thread-4 (]: Began running node test.olist_pipeline.not_null_dim_customers_customer_key.4bebfb3411
[0m14:01:50.374112 [info ] [Thread-2 (]: 6 of 51 PASS dbt_utils_unique_combination_of_columns_stg_order_reviews_review_id__order_id  [[32mPASS[0m in 0.53s]
[0m14:01:50.376199 [info ] [Thread-4 (]: 8 of 51 START test not_null_dim_customers_customer_key ......................... [RUN]
[0m14:01:50.377840 [debug] [Thread-5 (]: Began executing node test.olist_pipeline.not_null_dim_customers_customer_id.dd91cd1c8d
[0m14:01:50.378758 [debug] [Thread-2 (]: Finished running node test.olist_pipeline.dbt_utils_unique_combination_of_columns_stg_order_reviews_review_id__order_id.abe3cd6ed0
[0m14:01:50.380844 [debug] [Thread-4 (]: Re-using an available connection from the pool (formerly test.olist_pipeline.accepted_values_mart_ml_results_true_label__on_time__late.7772cee9b4, now test.olist_pipeline.not_null_dim_customers_customer_key.4bebfb3411)
[0m14:01:50.384579 [debug] [Thread-5 (]: Writing runtime sql for node "test.olist_pipeline.not_null_dim_customers_customer_id.dd91cd1c8d"
[0m14:01:50.386298 [debug] [Thread-2 (]: Began running node test.olist_pipeline.not_null_dim_date_date_day.e3f312efb2
[0m14:01:50.387892 [debug] [Thread-4 (]: Began compiling node test.olist_pipeline.not_null_dim_customers_customer_key.4bebfb3411
[0m14:01:50.390782 [info ] [Thread-2 (]: 9 of 51 START test not_null_dim_date_date_day .................................. [RUN]
[0m14:01:50.400848 [debug] [Thread-4 (]: Writing injected SQL for node "test.olist_pipeline.not_null_dim_customers_customer_key.4bebfb3411"
[0m14:01:50.402140 [debug] [Thread-2 (]: Re-using an available connection from the pool (formerly test.olist_pipeline.dbt_utils_unique_combination_of_columns_stg_order_reviews_review_id__order_id.abe3cd6ed0, now test.olist_pipeline.not_null_dim_date_date_day.e3f312efb2)
[0m14:01:50.405001 [debug] [Thread-2 (]: Began compiling node test.olist_pipeline.not_null_dim_date_date_day.e3f312efb2
[0m14:01:50.413015 [debug] [Thread-5 (]: Using snowflake connection "test.olist_pipeline.not_null_dim_customers_customer_id.dd91cd1c8d"
[0m14:01:50.415082 [debug] [Thread-2 (]: Writing injected SQL for node "test.olist_pipeline.not_null_dim_date_date_day.e3f312efb2"
[0m14:01:50.416201 [debug] [Thread-5 (]: On test.olist_pipeline.not_null_dim_customers_customer_id.dd91cd1c8d: select
      count(*) as failures,
      count(*) != 0 as should_warn,
      count(*) != 0 as should_error
    from (
      
    
  
    
    



select customer_id
from PROJETO_OLIST_DB.ANALYTICS.dim_customers
where customer_id is null



  
  
      
    ) dbt_internal_test
/* {"app": "dbt", "dbt_version": "1.12.0", "profile_name": "olist_pipeline", "target_name": "dev", "node_id": "test.olist_pipeline.not_null_dim_customers_customer_id.dd91cd1c8d"} */
[0m14:01:50.421883 [debug] [Thread-4 (]: Began executing node test.olist_pipeline.not_null_dim_customers_customer_key.4bebfb3411
[0m14:01:50.426682 [debug] [Thread-4 (]: Writing runtime sql for node "test.olist_pipeline.not_null_dim_customers_customer_key.4bebfb3411"
[0m14:01:50.427290 [debug] [Thread-2 (]: Began executing node test.olist_pipeline.not_null_dim_date_date_day.e3f312efb2
[0m14:01:50.431736 [debug] [Thread-2 (]: Writing runtime sql for node "test.olist_pipeline.not_null_dim_date_date_day.e3f312efb2"
[0m14:01:50.440859 [debug] [Thread-4 (]: Using snowflake connection "test.olist_pipeline.not_null_dim_customers_customer_key.4bebfb3411"
[0m14:01:50.443007 [debug] [Thread-4 (]: On test.olist_pipeline.not_null_dim_customers_customer_key.4bebfb3411: select
      count(*) as failures,
      count(*) != 0 as should_warn,
      count(*) != 0 as should_error
    from (
      
    
  
    
    



select customer_key
from PROJETO_OLIST_DB.ANALYTICS.dim_customers
where customer_key is null



  
  
      
    ) dbt_internal_test
/* {"app": "dbt", "dbt_version": "1.12.0", "profile_name": "olist_pipeline", "target_name": "dev", "node_id": "test.olist_pipeline.not_null_dim_customers_customer_key.4bebfb3411"} */
[0m14:01:50.444668 [debug] [Thread-2 (]: Using snowflake connection "test.olist_pipeline.not_null_dim_date_date_day.e3f312efb2"
[0m14:01:50.448339 [debug] [Thread-2 (]: On test.olist_pipeline.not_null_dim_date_date_day.e3f312efb2: select
      count(*) as failures,
      count(*) != 0 as should_warn,
      count(*) != 0 as should_error
    from (
      
    
  
    
    



select date_day
from PROJETO_OLIST_DB.ANALYTICS.dim_date
where date_day is null



  
  
      
    ) dbt_internal_test
/* {"app": "dbt", "dbt_version": "1.12.0", "profile_name": "olist_pipeline", "target_name": "dev", "node_id": "test.olist_pipeline.not_null_dim_date_date_day.e3f312efb2"} */
[0m14:01:50.583588 [debug] [Thread-3 (]: SQL status: SUCCESS 1 in 1.608 seconds
[0m14:01:50.588557 [info ] [Thread-3 (]: 2 of 51 PASS accepted_values_fact_reviews_sentiment_label__positive__neutral__negative  [[32mPASS[0m in 1.82s]
[0m14:01:50.591317 [debug] [Thread-3 (]: Finished running node test.olist_pipeline.accepted_values_fact_reviews_sentiment_label__positive__neutral__negative.acc96503d0
[0m14:01:50.593966 [debug] [Thread-3 (]: Began running node test.olist_pipeline.not_null_dim_geolocation_zip_code_prefix.f4eab5c4e6
[0m14:01:50.596169 [info ] [Thread-3 (]: 10 of 51 START test not_null_dim_geolocation_zip_code_prefix ................... [RUN]
[0m14:01:50.597945 [debug] [Thread-3 (]: Re-using an available connection from the pool (formerly test.olist_pipeline.accepted_values_fact_reviews_sentiment_label__positive__neutral__negative.acc96503d0, now test.olist_pipeline.not_null_dim_geolocation_zip_code_prefix.f4eab5c4e6)
[0m14:01:50.599732 [debug] [Thread-3 (]: Began compiling node test.olist_pipeline.not_null_dim_geolocation_zip_code_prefix.f4eab5c4e6
[0m14:01:50.608577 [debug] [Thread-3 (]: Writing injected SQL for node "test.olist_pipeline.not_null_dim_geolocation_zip_code_prefix.f4eab5c4e6"
[0m14:01:50.626373 [debug] [Thread-3 (]: Began executing node test.olist_pipeline.not_null_dim_geolocation_zip_code_prefix.f4eab5c4e6
[0m14:01:50.629584 [debug] [Thread-3 (]: Writing runtime sql for node "test.olist_pipeline.not_null_dim_geolocation_zip_code_prefix.f4eab5c4e6"
[0m14:01:50.648338 [debug] [Thread-3 (]: Using snowflake connection "test.olist_pipeline.not_null_dim_geolocation_zip_code_prefix.f4eab5c4e6"
[0m14:01:50.650386 [debug] [Thread-3 (]: On test.olist_pipeline.not_null_dim_geolocation_zip_code_prefix.f4eab5c4e6: select
      count(*) as failures,
      count(*) != 0 as should_warn,
      count(*) != 0 as should_error
    from (
      
    
  
    
    



select zip_code_prefix
from PROJETO_OLIST_DB.ANALYTICS.dim_geolocation
where zip_code_prefix is null



  
  
      
    ) dbt_internal_test
/* {"app": "dbt", "dbt_version": "1.12.0", "profile_name": "olist_pipeline", "target_name": "dev", "node_id": "test.olist_pipeline.not_null_dim_geolocation_zip_code_prefix.f4eab5c4e6"} */
[0m14:01:50.778447 [debug] [Thread-5 (]: SQL status: SUCCESS 1 in 0.359 seconds
[0m14:01:50.786528 [info ] [Thread-5 (]: 7 of 51 PASS not_null_dim_customers_customer_id ................................ [[32mPASS[0m in 0.44s]
[0m14:01:50.788733 [debug] [Thread-5 (]: Finished running node test.olist_pipeline.not_null_dim_customers_customer_id.dd91cd1c8d
[0m14:01:50.790852 [debug] [Thread-5 (]: Began running node test.olist_pipeline.not_null_dim_products_product_id.c8aba288d1
[0m14:01:50.792585 [info ] [Thread-5 (]: 11 of 51 START test not_null_dim_products_product_id ........................... [RUN]
[0m14:01:50.795585 [debug] [Thread-5 (]: Re-using an available connection from the pool (formerly test.olist_pipeline.not_null_dim_customers_customer_id.dd91cd1c8d, now test.olist_pipeline.not_null_dim_products_product_id.c8aba288d1)
[0m14:01:50.799704 [debug] [Thread-4 (]: SQL status: SUCCESS 1 in 0.354 seconds
[0m14:01:50.800371 [debug] [Thread-5 (]: Began compiling node test.olist_pipeline.not_null_dim_products_product_id.c8aba288d1
[0m14:01:50.804066 [info ] [Thread-4 (]: 8 of 51 PASS not_null_dim_customers_customer_key ............................... [[32mPASS[0m in 0.42s]
[0m14:01:50.815698 [debug] [Thread-5 (]: Writing injected SQL for node "test.olist_pipeline.not_null_dim_products_product_id.c8aba288d1"
[0m14:01:50.817436 [debug] [Thread-4 (]: Finished running node test.olist_pipeline.not_null_dim_customers_customer_key.4bebfb3411
[0m14:01:50.820670 [debug] [Thread-4 (]: Began running node test.olist_pipeline.not_null_dim_products_product_key.a98dfddb9a
[0m14:01:50.822097 [info ] [Thread-4 (]: 12 of 51 START test not_null_dim_products_product_key .......................... [RUN]
[0m14:01:50.824377 [debug] [Thread-4 (]: Re-using an available connection from the pool (formerly test.olist_pipeline.not_null_dim_customers_customer_key.4bebfb3411, now test.olist_pipeline.not_null_dim_products_product_key.a98dfddb9a)
[0m14:01:50.826497 [debug] [Thread-4 (]: Began compiling node test.olist_pipeline.not_null_dim_products_product_key.a98dfddb9a
[0m14:01:50.842850 [debug] [Thread-4 (]: Writing injected SQL for node "test.olist_pipeline.not_null_dim_products_product_key.a98dfddb9a"
[0m14:01:50.847205 [debug] [Thread-5 (]: Began executing node test.olist_pipeline.not_null_dim_products_product_id.c8aba288d1
[0m14:01:50.853700 [debug] [Thread-5 (]: Writing runtime sql for node "test.olist_pipeline.not_null_dim_products_product_id.c8aba288d1"
[0m14:01:50.866213 [debug] [Thread-4 (]: Began executing node test.olist_pipeline.not_null_dim_products_product_key.a98dfddb9a
[0m14:01:50.870645 [debug] [Thread-4 (]: Writing runtime sql for node "test.olist_pipeline.not_null_dim_products_product_key.a98dfddb9a"
[0m14:01:50.874096 [debug] [Thread-5 (]: Using snowflake connection "test.olist_pipeline.not_null_dim_products_product_id.c8aba288d1"
[0m14:01:50.876219 [debug] [Thread-5 (]: On test.olist_pipeline.not_null_dim_products_product_id.c8aba288d1: select
      count(*) as failures,
      count(*) != 0 as should_warn,
      count(*) != 0 as should_error
    from (
      
    
  
    
    



select product_id
from PROJETO_OLIST_DB.ANALYTICS.dim_products
where product_id is null



  
  
      
    ) dbt_internal_test
/* {"app": "dbt", "dbt_version": "1.12.0", "profile_name": "olist_pipeline", "target_name": "dev", "node_id": "test.olist_pipeline.not_null_dim_products_product_id.c8aba288d1"} */
[0m14:01:50.884067 [debug] [Thread-4 (]: Using snowflake connection "test.olist_pipeline.not_null_dim_products_product_key.a98dfddb9a"
[0m14:01:50.885515 [debug] [Thread-4 (]: On test.olist_pipeline.not_null_dim_products_product_key.a98dfddb9a: select
      count(*) as failures,
      count(*) != 0 as should_warn,
      count(*) != 0 as should_error
    from (
      
    
  
    
    



select product_key
from PROJETO_OLIST_DB.ANALYTICS.dim_products
where product_key is null



  
  
      
    ) dbt_internal_test
/* {"app": "dbt", "dbt_version": "1.12.0", "profile_name": "olist_pipeline", "target_name": "dev", "node_id": "test.olist_pipeline.not_null_dim_products_product_key.a98dfddb9a"} */
[0m14:01:50.905047 [debug] [Thread-2 (]: SQL status: SUCCESS 1 in 0.455 seconds
[0m14:01:50.908798 [info ] [Thread-2 (]: 9 of 51 PASS not_null_dim_date_date_day ........................................ [[32mPASS[0m in 0.51s]
[0m14:01:50.910718 [debug] [Thread-2 (]: Finished running node test.olist_pipeline.not_null_dim_date_date_day.e3f312efb2
[0m14:01:50.912688 [debug] [Thread-2 (]: Began running node test.olist_pipeline.not_null_dim_sellers_seller_id.2e68260d7c
[0m14:01:50.914996 [info ] [Thread-2 (]: 13 of 51 START test not_null_dim_sellers_seller_id ............................. [RUN]
[0m14:01:50.917467 [debug] [Thread-2 (]: Re-using an available connection from the pool (formerly test.olist_pipeline.not_null_dim_date_date_day.e3f312efb2, now test.olist_pipeline.not_null_dim_sellers_seller_id.2e68260d7c)
[0m14:01:50.919663 [debug] [Thread-2 (]: Began compiling node test.olist_pipeline.not_null_dim_sellers_seller_id.2e68260d7c
[0m14:01:50.929414 [debug] [Thread-2 (]: Writing injected SQL for node "test.olist_pipeline.not_null_dim_sellers_seller_id.2e68260d7c"
[0m14:01:50.943779 [debug] [Thread-2 (]: Began executing node test.olist_pipeline.not_null_dim_sellers_seller_id.2e68260d7c
[0m14:01:50.948732 [debug] [Thread-2 (]: Writing runtime sql for node "test.olist_pipeline.not_null_dim_sellers_seller_id.2e68260d7c"
[0m14:01:50.969051 [debug] [Thread-2 (]: Using snowflake connection "test.olist_pipeline.not_null_dim_sellers_seller_id.2e68260d7c"
[0m14:01:50.971551 [debug] [Thread-3 (]: SQL status: SUCCESS 1 in 0.319 seconds
[0m14:01:50.972618 [debug] [Thread-2 (]: On test.olist_pipeline.not_null_dim_sellers_seller_id.2e68260d7c: select
      count(*) as failures,
      count(*) != 0 as should_warn,
      count(*) != 0 as should_error
    from (
      
    
  
    
    



select seller_id
from PROJETO_OLIST_DB.ANALYTICS.dim_sellers
where seller_id is null



  
  
      
    ) dbt_internal_test
/* {"app": "dbt", "dbt_version": "1.12.0", "profile_name": "olist_pipeline", "target_name": "dev", "node_id": "test.olist_pipeline.not_null_dim_sellers_seller_id.2e68260d7c"} */
[0m14:01:50.976296 [info ] [Thread-3 (]: 10 of 51 PASS not_null_dim_geolocation_zip_code_prefix ......................... [[32mPASS[0m in 0.38s]
[0m14:01:50.982407 [debug] [Thread-3 (]: Finished running node test.olist_pipeline.not_null_dim_geolocation_zip_code_prefix.f4eab5c4e6
[0m14:01:50.985493 [debug] [Thread-3 (]: Began running node test.olist_pipeline.not_null_dim_sellers_seller_key.760876479e
[0m14:01:50.988205 [info ] [Thread-3 (]: 14 of 51 START test not_null_dim_sellers_seller_key ............................ [RUN]
[0m14:01:50.992460 [debug] [Thread-3 (]: Re-using an available connection from the pool (formerly test.olist_pipeline.not_null_dim_geolocation_zip_code_prefix.f4eab5c4e6, now test.olist_pipeline.not_null_dim_sellers_seller_key.760876479e)
[0m14:01:50.995633 [debug] [Thread-3 (]: Began compiling node test.olist_pipeline.not_null_dim_sellers_seller_key.760876479e
[0m14:01:51.009830 [debug] [Thread-3 (]: Writing injected SQL for node "test.olist_pipeline.not_null_dim_sellers_seller_key.760876479e"
[0m14:01:51.024851 [debug] [Thread-3 (]: Began executing node test.olist_pipeline.not_null_dim_sellers_seller_key.760876479e
[0m14:01:51.030420 [debug] [Thread-3 (]: Writing runtime sql for node "test.olist_pipeline.not_null_dim_sellers_seller_key.760876479e"
[0m14:01:51.050123 [debug] [Thread-3 (]: Using snowflake connection "test.olist_pipeline.not_null_dim_sellers_seller_key.760876479e"
[0m14:01:51.052266 [debug] [Thread-3 (]: On test.olist_pipeline.not_null_dim_sellers_seller_key.760876479e: select
      count(*) as failures,
      count(*) != 0 as should_warn,
      count(*) != 0 as should_error
    from (
      
    
  
    
    



select seller_key
from PROJETO_OLIST_DB.ANALYTICS.dim_sellers
where seller_key is null



  
  
      
    ) dbt_internal_test
/* {"app": "dbt", "dbt_version": "1.12.0", "profile_name": "olist_pipeline", "target_name": "dev", "node_id": "test.olist_pipeline.not_null_dim_sellers_seller_key.760876479e"} */
[0m14:01:51.195361 [debug] [Thread-4 (]: SQL status: SUCCESS 1 in 0.308 seconds
[0m14:01:51.196851 [debug] [Thread-5 (]: SQL status: SUCCESS 1 in 0.319 seconds
[0m14:01:51.201971 [info ] [Thread-4 (]: 12 of 51 PASS not_null_dim_products_product_key ................................ [[32mPASS[0m in 0.38s]
[0m14:01:51.207745 [info ] [Thread-5 (]: 11 of 51 PASS not_null_dim_products_product_id ................................. [[32mPASS[0m in 0.41s]
[0m14:01:51.212151 [debug] [Thread-4 (]: Finished running node test.olist_pipeline.not_null_dim_products_product_key.a98dfddb9a
[0m14:01:51.215564 [debug] [Thread-5 (]: Finished running node test.olist_pipeline.not_null_dim_products_product_id.c8aba288d1
[0m14:01:51.217890 [debug] [Thread-4 (]: Began running node test.olist_pipeline.not_null_fact_order_items_order_item_key.6970b9b088
[0m14:01:51.220069 [debug] [Thread-5 (]: Began running node test.olist_pipeline.not_null_fact_orders_order_id.6ba6d3f0a0
[0m14:01:51.221985 [info ] [Thread-4 (]: 15 of 51 START test not_null_fact_order_items_order_item_key ................... [RUN]
[0m14:01:51.224401 [info ] [Thread-5 (]: 16 of 51 START test not_null_fact_orders_order_id .............................. [RUN]
[0m14:01:51.226996 [debug] [Thread-4 (]: Re-using an available connection from the pool (formerly test.olist_pipeline.not_null_dim_products_product_key.a98dfddb9a, now test.olist_pipeline.not_null_fact_order_items_order_item_key.6970b9b088)
[0m14:01:51.229175 [debug] [Thread-5 (]: Re-using an available connection from the pool (formerly test.olist_pipeline.not_null_dim_products_product_id.c8aba288d1, now test.olist_pipeline.not_null_fact_orders_order_id.6ba6d3f0a0)
[0m14:01:51.231048 [debug] [Thread-4 (]: Began compiling node test.olist_pipeline.not_null_fact_order_items_order_item_key.6970b9b088
[0m14:01:51.233727 [debug] [Thread-5 (]: Began compiling node test.olist_pipeline.not_null_fact_orders_order_id.6ba6d3f0a0
[0m14:01:51.249435 [debug] [Thread-4 (]: Writing injected SQL for node "test.olist_pipeline.not_null_fact_order_items_order_item_key.6970b9b088"
[0m14:01:51.263863 [debug] [Thread-5 (]: Writing injected SQL for node "test.olist_pipeline.not_null_fact_orders_order_id.6ba6d3f0a0"
[0m14:01:51.275720 [debug] [Thread-5 (]: Began executing node test.olist_pipeline.not_null_fact_orders_order_id.6ba6d3f0a0
[0m14:01:51.277206 [debug] [Thread-4 (]: Began executing node test.olist_pipeline.not_null_fact_order_items_order_item_key.6970b9b088
[0m14:01:51.280844 [debug] [Thread-5 (]: Writing runtime sql for node "test.olist_pipeline.not_null_fact_orders_order_id.6ba6d3f0a0"
[0m14:01:51.288215 [debug] [Thread-4 (]: Writing runtime sql for node "test.olist_pipeline.not_null_fact_order_items_order_item_key.6970b9b088"
[0m14:01:51.301062 [debug] [Thread-5 (]: Using snowflake connection "test.olist_pipeline.not_null_fact_orders_order_id.6ba6d3f0a0"
[0m14:01:51.303393 [debug] [Thread-4 (]: Using snowflake connection "test.olist_pipeline.not_null_fact_order_items_order_item_key.6970b9b088"
[0m14:01:51.304673 [debug] [Thread-5 (]: On test.olist_pipeline.not_null_fact_orders_order_id.6ba6d3f0a0: select
      count(*) as failures,
      count(*) != 0 as should_warn,
      count(*) != 0 as should_error
    from (
      
    
  
    
    



select order_id
from PROJETO_OLIST_DB.ANALYTICS.fact_orders
where order_id is null



  
  
      
    ) dbt_internal_test
/* {"app": "dbt", "dbt_version": "1.12.0", "profile_name": "olist_pipeline", "target_name": "dev", "node_id": "test.olist_pipeline.not_null_fact_orders_order_id.6ba6d3f0a0"} */
[0m14:01:51.306786 [debug] [Thread-4 (]: On test.olist_pipeline.not_null_fact_order_items_order_item_key.6970b9b088: select
      count(*) as failures,
      count(*) != 0 as should_warn,
      count(*) != 0 as should_error
    from (
      
    
  
    
    



select order_item_key
from PROJETO_OLIST_DB.ANALYTICS.fact_order_items
where order_item_key is null



  
  
      
    ) dbt_internal_test
/* {"app": "dbt", "dbt_version": "1.12.0", "profile_name": "olist_pipeline", "target_name": "dev", "node_id": "test.olist_pipeline.not_null_fact_order_items_order_item_key.6970b9b088"} */
[0m14:01:51.334839 [debug] [Thread-2 (]: SQL status: SUCCESS 1 in 0.356 seconds
[0m14:01:51.340550 [info ] [Thread-2 (]: 13 of 51 PASS not_null_dim_sellers_seller_id ................................... [[32mPASS[0m in 0.42s]
[0m14:01:51.343350 [debug] [Thread-2 (]: Finished running node test.olist_pipeline.not_null_dim_sellers_seller_id.2e68260d7c
[0m14:01:51.345432 [debug] [Thread-2 (]: Began running node test.olist_pipeline.not_null_fact_orders_order_key.e893eb60e4
[0m14:01:51.348748 [info ] [Thread-2 (]: 17 of 51 START test not_null_fact_orders_order_key ............................. [RUN]
[0m14:01:51.353115 [debug] [Thread-2 (]: Re-using an available connection from the pool (formerly test.olist_pipeline.not_null_dim_sellers_seller_id.2e68260d7c, now test.olist_pipeline.not_null_fact_orders_order_key.e893eb60e4)
[0m14:01:51.355562 [debug] [Thread-2 (]: Began compiling node test.olist_pipeline.not_null_fact_orders_order_key.e893eb60e4
[0m14:01:51.371519 [debug] [Thread-2 (]: Writing injected SQL for node "test.olist_pipeline.not_null_fact_orders_order_key.e893eb60e4"
[0m14:01:51.374081 [debug] [Thread-3 (]: SQL status: SUCCESS 1 in 0.319 seconds
[0m14:01:51.380892 [info ] [Thread-3 (]: 14 of 51 PASS not_null_dim_sellers_seller_key .................................. [[32mPASS[0m in 0.39s]
[0m14:01:51.384312 [debug] [Thread-3 (]: Finished running node test.olist_pipeline.not_null_dim_sellers_seller_key.760876479e
[0m14:01:51.395782 [debug] [Thread-3 (]: Began running node test.olist_pipeline.not_null_fact_payments_payment_key.6556c112a5
[0m14:01:51.400311 [debug] [Thread-2 (]: Began executing node test.olist_pipeline.not_null_fact_orders_order_key.e893eb60e4
[0m14:01:51.399267 [info ] [Thread-3 (]: 18 of 51 START test not_null_fact_payments_payment_key ......................... [RUN]
[0m14:01:51.407370 [debug] [Thread-2 (]: Writing runtime sql for node "test.olist_pipeline.not_null_fact_orders_order_key.e893eb60e4"
[0m14:01:51.410470 [debug] [Thread-3 (]: Re-using an available connection from the pool (formerly test.olist_pipeline.not_null_dim_sellers_seller_key.760876479e, now test.olist_pipeline.not_null_fact_payments_payment_key.6556c112a5)
[0m14:01:51.415995 [debug] [Thread-3 (]: Began compiling node test.olist_pipeline.not_null_fact_payments_payment_key.6556c112a5
[0m14:01:51.444743 [debug] [Thread-3 (]: Writing injected SQL for node "test.olist_pipeline.not_null_fact_payments_payment_key.6556c112a5"
[0m14:01:51.450124 [debug] [Thread-2 (]: Using snowflake connection "test.olist_pipeline.not_null_fact_orders_order_key.e893eb60e4"
[0m14:01:51.452526 [debug] [Thread-2 (]: On test.olist_pipeline.not_null_fact_orders_order_key.e893eb60e4: select
      count(*) as failures,
      count(*) != 0 as should_warn,
      count(*) != 0 as should_error
    from (
      
    
  
    
    



select order_key
from PROJETO_OLIST_DB.ANALYTICS.fact_orders
where order_key is null



  
  
      
    ) dbt_internal_test
/* {"app": "dbt", "dbt_version": "1.12.0", "profile_name": "olist_pipeline", "target_name": "dev", "node_id": "test.olist_pipeline.not_null_fact_orders_order_key.e893eb60e4"} */
[0m14:01:51.473120 [debug] [Thread-3 (]: Began executing node test.olist_pipeline.not_null_fact_payments_payment_key.6556c112a5
[0m14:01:51.478817 [debug] [Thread-3 (]: Writing runtime sql for node "test.olist_pipeline.not_null_fact_payments_payment_key.6556c112a5"
[0m14:01:51.502872 [debug] [Thread-3 (]: Using snowflake connection "test.olist_pipeline.not_null_fact_payments_payment_key.6556c112a5"
[0m14:01:51.505381 [debug] [Thread-3 (]: On test.olist_pipeline.not_null_fact_payments_payment_key.6556c112a5: select
      count(*) as failures,
      count(*) != 0 as should_warn,
      count(*) != 0 as should_error
    from (
      
    
  
    
    



select payment_key
from PROJETO_OLIST_DB.ANALYTICS.fact_payments
where payment_key is null



  
  
      
    ) dbt_internal_test
/* {"app": "dbt", "dbt_version": "1.12.0", "profile_name": "olist_pipeline", "target_name": "dev", "node_id": "test.olist_pipeline.not_null_fact_payments_payment_key.6556c112a5"} */
[0m14:01:51.634137 [debug] [Thread-4 (]: SQL status: SUCCESS 1 in 0.322 seconds
[0m14:01:51.639370 [info ] [Thread-4 (]: 15 of 51 PASS not_null_fact_order_items_order_item_key ......................... [[32mPASS[0m in 0.41s]
[0m14:01:51.643289 [debug] [Thread-4 (]: Finished running node test.olist_pipeline.not_null_fact_order_items_order_item_key.6970b9b088
[0m14:01:51.646731 [debug] [Thread-4 (]: Began running node test.olist_pipeline.not_null_fact_reviews_review_key.5f7b22bd20
[0m14:01:51.650545 [info ] [Thread-4 (]: 19 of 51 START test not_null_fact_reviews_review_key ........................... [RUN]
[0m14:01:51.653982 [debug] [Thread-5 (]: SQL status: SUCCESS 1 in 0.345 seconds
[0m14:01:51.656048 [debug] [Thread-4 (]: Re-using an available connection from the pool (formerly test.olist_pipeline.not_null_fact_order_items_order_item_key.6970b9b088, now test.olist_pipeline.not_null_fact_reviews_review_key.5f7b22bd20)
[0m14:01:51.661212 [info ] [Thread-5 (]: 16 of 51 PASS not_null_fact_orders_order_id .................................... [[32mPASS[0m in 0.43s]
[0m14:01:51.663418 [debug] [Thread-4 (]: Began compiling node test.olist_pipeline.not_null_fact_reviews_review_key.5f7b22bd20
[0m14:01:51.665603 [debug] [Thread-5 (]: Finished running node test.olist_pipeline.not_null_fact_orders_order_id.6ba6d3f0a0
[0m14:01:51.678573 [debug] [Thread-4 (]: Writing injected SQL for node "test.olist_pipeline.not_null_fact_reviews_review_key.5f7b22bd20"
[0m14:01:51.679975 [debug] [Thread-5 (]: Began running node test.olist_pipeline.not_null_mart_late_delivery_features_is_late.a0ceafc613
[0m14:01:51.683631 [info ] [Thread-5 (]: 20 of 51 START test not_null_mart_late_delivery_features_is_late ............... [RUN]
[0m14:01:51.686657 [debug] [Thread-5 (]: Re-using an available connection from the pool (formerly test.olist_pipeline.not_null_fact_orders_order_id.6ba6d3f0a0, now test.olist_pipeline.not_null_mart_late_delivery_features_is_late.a0ceafc613)
[0m14:01:51.689358 [debug] [Thread-5 (]: Began compiling node test.olist_pipeline.not_null_mart_late_delivery_features_is_late.a0ceafc613
[0m14:01:51.704702 [debug] [Thread-5 (]: Writing injected SQL for node "test.olist_pipeline.not_null_mart_late_delivery_features_is_late.a0ceafc613"
[0m14:01:51.707755 [debug] [Thread-4 (]: Began executing node test.olist_pipeline.not_null_fact_reviews_review_key.5f7b22bd20
[0m14:01:51.712067 [debug] [Thread-4 (]: Writing runtime sql for node "test.olist_pipeline.not_null_fact_reviews_review_key.5f7b22bd20"
[0m14:01:51.724148 [debug] [Thread-5 (]: Began executing node test.olist_pipeline.not_null_mart_late_delivery_features_is_late.a0ceafc613
[0m14:01:51.729090 [debug] [Thread-5 (]: Writing runtime sql for node "test.olist_pipeline.not_null_mart_late_delivery_features_is_late.a0ceafc613"
[0m14:01:51.732816 [debug] [Thread-4 (]: Using snowflake connection "test.olist_pipeline.not_null_fact_reviews_review_key.5f7b22bd20"
[0m14:01:51.735149 [debug] [Thread-4 (]: On test.olist_pipeline.not_null_fact_reviews_review_key.5f7b22bd20: select
      count(*) as failures,
      count(*) != 0 as should_warn,
      count(*) != 0 as should_error
    from (
      
    
  
    
    



select review_key
from PROJETO_OLIST_DB.ANALYTICS.fact_reviews
where review_key is null



  
  
      
    ) dbt_internal_test
/* {"app": "dbt", "dbt_version": "1.12.0", "profile_name": "olist_pipeline", "target_name": "dev", "node_id": "test.olist_pipeline.not_null_fact_reviews_review_key.5f7b22bd20"} */
[0m14:01:51.748099 [debug] [Thread-5 (]: Using snowflake connection "test.olist_pipeline.not_null_mart_late_delivery_features_is_late.a0ceafc613"
[0m14:01:51.750610 [debug] [Thread-5 (]: On test.olist_pipeline.not_null_mart_late_delivery_features_is_late.a0ceafc613: select
      count(*) as failures,
      count(*) != 0 as should_warn,
      count(*) != 0 as should_error
    from (
      
    
  
    
    



select is_late
from PROJETO_OLIST_DB.ANALYTICS.mart_late_delivery_features
where is_late is null



  
  
      
    ) dbt_internal_test
/* {"app": "dbt", "dbt_version": "1.12.0", "profile_name": "olist_pipeline", "target_name": "dev", "node_id": "test.olist_pipeline.not_null_mart_late_delivery_features_is_late.a0ceafc613"} */
[0m14:01:51.774332 [debug] [Thread-2 (]: SQL status: SUCCESS 1 in 0.318 seconds
[0m14:01:51.778916 [info ] [Thread-2 (]: 17 of 51 PASS not_null_fact_orders_order_key ................................... [[32mPASS[0m in 0.43s]
[0m14:01:51.781624 [debug] [Thread-2 (]: Finished running node test.olist_pipeline.not_null_fact_orders_order_key.e893eb60e4
[0m14:01:51.783506 [debug] [Thread-2 (]: Began running node test.olist_pipeline.not_null_mart_late_delivery_features_order_id.7058526522
[0m14:01:51.785236 [info ] [Thread-2 (]: 21 of 51 START test not_null_mart_late_delivery_features_order_id .............. [RUN]
[0m14:01:51.788715 [debug] [Thread-2 (]: Re-using an available connection from the pool (formerly test.olist_pipeline.not_null_fact_orders_order_key.e893eb60e4, now test.olist_pipeline.not_null_mart_late_delivery_features_order_id.7058526522)
[0m14:01:51.791178 [debug] [Thread-2 (]: Began compiling node test.olist_pipeline.not_null_mart_late_delivery_features_order_id.7058526522
[0m14:01:51.803359 [debug] [Thread-2 (]: Writing injected SQL for node "test.olist_pipeline.not_null_mart_late_delivery_features_order_id.7058526522"
[0m14:01:51.815101 [debug] [Thread-3 (]: SQL status: SUCCESS 1 in 0.307 seconds
[0m14:01:51.819911 [info ] [Thread-3 (]: 18 of 51 PASS not_null_fact_payments_payment_key ............................... [[32mPASS[0m in 0.41s]
[0m14:01:51.823429 [debug] [Thread-3 (]: Finished running node test.olist_pipeline.not_null_fact_payments_payment_key.6556c112a5
[0m14:01:51.824485 [debug] [Thread-2 (]: Began executing node test.olist_pipeline.not_null_mart_late_delivery_features_order_id.7058526522
[0m14:01:51.825839 [debug] [Thread-3 (]: Began running node test.olist_pipeline.not_null_mart_ml_results_order_id.e439aebedd
[0m14:01:51.830390 [debug] [Thread-2 (]: Writing runtime sql for node "test.olist_pipeline.not_null_mart_late_delivery_features_order_id.7058526522"
[0m14:01:51.832940 [info ] [Thread-3 (]: 22 of 51 START test not_null_mart_ml_results_order_id .......................... [RUN]
[0m14:01:51.836096 [debug] [Thread-3 (]: Re-using an available connection from the pool (formerly test.olist_pipeline.not_null_fact_payments_payment_key.6556c112a5, now test.olist_pipeline.not_null_mart_ml_results_order_id.e439aebedd)
[0m14:01:51.837492 [debug] [Thread-3 (]: Began compiling node test.olist_pipeline.not_null_mart_ml_results_order_id.e439aebedd
[0m14:01:51.848956 [debug] [Thread-3 (]: Writing injected SQL for node "test.olist_pipeline.not_null_mart_ml_results_order_id.e439aebedd"
[0m14:01:51.856285 [debug] [Thread-2 (]: Using snowflake connection "test.olist_pipeline.not_null_mart_late_delivery_features_order_id.7058526522"
[0m14:01:51.858052 [debug] [Thread-2 (]: On test.olist_pipeline.not_null_mart_late_delivery_features_order_id.7058526522: select
      count(*) as failures,
      count(*) != 0 as should_warn,
      count(*) != 0 as should_error
    from (
      
    
  
    
    



select order_id
from PROJETO_OLIST_DB.ANALYTICS.mart_late_delivery_features
where order_id is null



  
  
      
    ) dbt_internal_test
/* {"app": "dbt", "dbt_version": "1.12.0", "profile_name": "olist_pipeline", "target_name": "dev", "node_id": "test.olist_pipeline.not_null_mart_late_delivery_features_order_id.7058526522"} */
[0m14:01:51.870790 [debug] [Thread-3 (]: Began executing node test.olist_pipeline.not_null_mart_ml_results_order_id.e439aebedd
[0m14:01:51.875110 [debug] [Thread-3 (]: Writing runtime sql for node "test.olist_pipeline.not_null_mart_ml_results_order_id.e439aebedd"
[0m14:01:51.895776 [debug] [Thread-3 (]: Using snowflake connection "test.olist_pipeline.not_null_mart_ml_results_order_id.e439aebedd"
[0m14:01:51.898700 [debug] [Thread-3 (]: On test.olist_pipeline.not_null_mart_ml_results_order_id.e439aebedd: select
      count(*) as failures,
      count(*) != 0 as should_warn,
      count(*) != 0 as should_error
    from (
      
    
  
    
    



select order_id
from PROJETO_OLIST_DB.ANALYTICS.mart_ml_results
where order_id is null



  
  
      
    ) dbt_internal_test
/* {"app": "dbt", "dbt_version": "1.12.0", "profile_name": "olist_pipeline", "target_name": "dev", "node_id": "test.olist_pipeline.not_null_mart_ml_results_order_id.e439aebedd"} */
[0m14:01:52.060550 [debug] [Thread-5 (]: SQL status: SUCCESS 1 in 0.308 seconds
[0m14:01:52.065700 [info ] [Thread-5 (]: 20 of 51 PASS not_null_mart_late_delivery_features_is_late ..................... [[32mPASS[0m in 0.38s]
[0m14:01:52.068383 [debug] [Thread-5 (]: Finished running node test.olist_pipeline.not_null_mart_late_delivery_features_is_late.a0ceafc613
[0m14:01:52.071159 [debug] [Thread-5 (]: Began running node test.olist_pipeline.not_null_stg_customers_customer_id.e2cfb1f9aa
[0m14:01:52.073924 [info ] [Thread-5 (]: 23 of 51 START test not_null_stg_customers_customer_id ......................... [RUN]
[0m14:01:52.078054 [debug] [Thread-5 (]: Re-using an available connection from the pool (formerly test.olist_pipeline.not_null_mart_late_delivery_features_is_late.a0ceafc613, now test.olist_pipeline.not_null_stg_customers_customer_id.e2cfb1f9aa)
[0m14:01:52.080870 [debug] [Thread-5 (]: Began compiling node test.olist_pipeline.not_null_stg_customers_customer_id.e2cfb1f9aa
[0m14:01:52.092023 [debug] [Thread-5 (]: Writing injected SQL for node "test.olist_pipeline.not_null_stg_customers_customer_id.e2cfb1f9aa"
[0m14:01:52.106434 [debug] [Thread-5 (]: Began executing node test.olist_pipeline.not_null_stg_customers_customer_id.e2cfb1f9aa
[0m14:01:52.110013 [debug] [Thread-5 (]: Writing runtime sql for node "test.olist_pipeline.not_null_stg_customers_customer_id.e2cfb1f9aa"
[0m14:01:52.132988 [debug] [Thread-5 (]: Using snowflake connection "test.olist_pipeline.not_null_stg_customers_customer_id.e2cfb1f9aa"
[0m14:01:52.134373 [debug] [Thread-5 (]: On test.olist_pipeline.not_null_stg_customers_customer_id.e2cfb1f9aa: select
      count(*) as failures,
      count(*) != 0 as should_warn,
      count(*) != 0 as should_error
    from (
      
    
  
    
    



select customer_id
from PROJETO_OLIST_DB.ANALYTICS.stg_customers
where customer_id is null



  
  
      
    ) dbt_internal_test
/* {"app": "dbt", "dbt_version": "1.12.0", "profile_name": "olist_pipeline", "target_name": "dev", "node_id": "test.olist_pipeline.not_null_stg_customers_customer_id.e2cfb1f9aa"} */
[0m14:01:52.174644 [debug] [Thread-2 (]: SQL status: SUCCESS 1 in 0.314 seconds
[0m14:01:52.181473 [info ] [Thread-2 (]: 21 of 51 PASS not_null_mart_late_delivery_features_order_id .................... [[32mPASS[0m in 0.39s]
[0m14:01:52.184609 [debug] [Thread-2 (]: Finished running node test.olist_pipeline.not_null_mart_late_delivery_features_order_id.7058526522
[0m14:01:52.186542 [debug] [Thread-2 (]: Began running node test.olist_pipeline.not_null_stg_ml_predictions_order_id.27fe487bc9
[0m14:01:52.188236 [info ] [Thread-2 (]: 24 of 51 START test not_null_stg_ml_predictions_order_id ....................... [RUN]
[0m14:01:52.190766 [debug] [Thread-2 (]: Re-using an available connection from the pool (formerly test.olist_pipeline.not_null_mart_late_delivery_features_order_id.7058526522, now test.olist_pipeline.not_null_stg_ml_predictions_order_id.27fe487bc9)
[0m14:01:52.192634 [debug] [Thread-2 (]: Began compiling node test.olist_pipeline.not_null_stg_ml_predictions_order_id.27fe487bc9
[0m14:01:52.202558 [debug] [Thread-2 (]: Writing injected SQL for node "test.olist_pipeline.not_null_stg_ml_predictions_order_id.27fe487bc9"
[0m14:01:52.208362 [debug] [Thread-4 (]: SQL status: SUCCESS 1 in 0.471 seconds
[0m14:01:52.214201 [info ] [Thread-4 (]: 19 of 51 PASS not_null_fact_reviews_review_key ................................. [[32mPASS[0m in 0.56s]
[0m14:01:52.217731 [debug] [Thread-4 (]: Finished running node test.olist_pipeline.not_null_fact_reviews_review_key.5f7b22bd20
[0m14:01:52.220872 [debug] [Thread-4 (]: Began running node test.olist_pipeline.not_null_stg_order_reviews_review_id.9ed4569df1
[0m14:01:52.224337 [info ] [Thread-4 (]: 25 of 51 START test not_null_stg_order_reviews_review_id ....................... [RUN]
[0m14:01:52.227517 [debug] [Thread-4 (]: Re-using an available connection from the pool (formerly test.olist_pipeline.not_null_fact_reviews_review_key.5f7b22bd20, now test.olist_pipeline.not_null_stg_order_reviews_review_id.9ed4569df1)
[0m14:01:52.228704 [debug] [Thread-2 (]: Began executing node test.olist_pipeline.not_null_stg_ml_predictions_order_id.27fe487bc9
[0m14:01:52.230140 [debug] [Thread-4 (]: Began compiling node test.olist_pipeline.not_null_stg_order_reviews_review_id.9ed4569df1
[0m14:01:52.236259 [debug] [Thread-2 (]: Writing runtime sql for node "test.olist_pipeline.not_null_stg_ml_predictions_order_id.27fe487bc9"
[0m14:01:52.238911 [debug] [Thread-3 (]: SQL status: SUCCESS 1 in 0.338 seconds
[0m14:01:52.249434 [debug] [Thread-4 (]: Writing injected SQL for node "test.olist_pipeline.not_null_stg_order_reviews_review_id.9ed4569df1"
[0m14:01:52.255031 [info ] [Thread-3 (]: 22 of 51 PASS not_null_mart_ml_results_order_id ................................ [[32mPASS[0m in 0.42s]
[0m14:01:52.258880 [debug] [Thread-3 (]: Finished running node test.olist_pipeline.not_null_mart_ml_results_order_id.e439aebedd
[0m14:01:52.261152 [debug] [Thread-3 (]: Began running node test.olist_pipeline.not_null_stg_order_reviews_sentiment_label.fd546b7a9f
[0m14:01:52.263132 [info ] [Thread-3 (]: 26 of 51 START test not_null_stg_order_reviews_sentiment_label ................. [RUN]
[0m14:01:52.265585 [debug] [Thread-3 (]: Re-using an available connection from the pool (formerly test.olist_pipeline.not_null_mart_ml_results_order_id.e439aebedd, now test.olist_pipeline.not_null_stg_order_reviews_sentiment_label.fd546b7a9f)
[0m14:01:52.267540 [debug] [Thread-2 (]: Using snowflake connection "test.olist_pipeline.not_null_stg_ml_predictions_order_id.27fe487bc9"
[0m14:01:52.268653 [debug] [Thread-3 (]: Began compiling node test.olist_pipeline.not_null_stg_order_reviews_sentiment_label.fd546b7a9f
[0m14:01:52.270386 [debug] [Thread-2 (]: On test.olist_pipeline.not_null_stg_ml_predictions_order_id.27fe487bc9: select
      count(*) as failures,
      count(*) != 0 as should_warn,
      count(*) != 0 as should_error
    from (
      
    
  
    
    



select order_id
from PROJETO_OLIST_DB.ANALYTICS.stg_ml_predictions
where order_id is null



  
  
      
    ) dbt_internal_test
/* {"app": "dbt", "dbt_version": "1.12.0", "profile_name": "olist_pipeline", "target_name": "dev", "node_id": "test.olist_pipeline.not_null_stg_ml_predictions_order_id.27fe487bc9"} */
[0m14:01:52.272081 [debug] [Thread-4 (]: Began executing node test.olist_pipeline.not_null_stg_order_reviews_review_id.9ed4569df1
[0m14:01:52.281886 [debug] [Thread-3 (]: Writing injected SQL for node "test.olist_pipeline.not_null_stg_order_reviews_sentiment_label.fd546b7a9f"
[0m14:01:52.288828 [debug] [Thread-4 (]: Writing runtime sql for node "test.olist_pipeline.not_null_stg_order_reviews_review_id.9ed4569df1"
[0m14:01:52.305011 [debug] [Thread-3 (]: Began executing node test.olist_pipeline.not_null_stg_order_reviews_sentiment_label.fd546b7a9f
[0m14:01:52.306205 [debug] [Thread-4 (]: Using snowflake connection "test.olist_pipeline.not_null_stg_order_reviews_review_id.9ed4569df1"
[0m14:01:52.310145 [debug] [Thread-3 (]: Writing runtime sql for node "test.olist_pipeline.not_null_stg_order_reviews_sentiment_label.fd546b7a9f"
[0m14:01:52.312304 [debug] [Thread-4 (]: On test.olist_pipeline.not_null_stg_order_reviews_review_id.9ed4569df1: select
      count(*) as failures,
      count(*) != 0 as should_warn,
      count(*) != 0 as should_error
    from (
      
    
  
    
    



select review_id
from PROJETO_OLIST_DB.ANALYTICS.stg_order_reviews
where review_id is null



  
  
      
    ) dbt_internal_test
/* {"app": "dbt", "dbt_version": "1.12.0", "profile_name": "olist_pipeline", "target_name": "dev", "node_id": "test.olist_pipeline.not_null_stg_order_reviews_review_id.9ed4569df1"} */
[0m14:01:52.334254 [debug] [Thread-3 (]: Using snowflake connection "test.olist_pipeline.not_null_stg_order_reviews_sentiment_label.fd546b7a9f"
[0m14:01:52.335778 [debug] [Thread-3 (]: On test.olist_pipeline.not_null_stg_order_reviews_sentiment_label.fd546b7a9f: select
      count(*) as failures,
      count(*) != 0 as should_warn,
      count(*) != 0 as should_error
    from (
      
    
  
    
    



select sentiment_label
from PROJETO_OLIST_DB.ANALYTICS.stg_order_reviews
where sentiment_label is null



  
  
      
    ) dbt_internal_test
/* {"app": "dbt", "dbt_version": "1.12.0", "profile_name": "olist_pipeline", "target_name": "dev", "node_id": "test.olist_pipeline.not_null_stg_order_reviews_sentiment_label.fd546b7a9f"} */
[0m14:01:52.516043 [debug] [Thread-5 (]: SQL status: SUCCESS 1 in 0.380 seconds
[0m14:01:52.520050 [info ] [Thread-5 (]: 23 of 51 PASS not_null_stg_customers_customer_id ............................... [[32mPASS[0m in 0.44s]
[0m14:01:52.522014 [debug] [Thread-5 (]: Finished running node test.olist_pipeline.not_null_stg_customers_customer_id.e2cfb1f9aa
[0m14:01:52.523601 [debug] [Thread-5 (]: Began running node test.olist_pipeline.not_null_stg_orders_order_id.81cfe2fe64
[0m14:01:52.524918 [info ] [Thread-5 (]: 27 of 51 START test not_null_stg_orders_order_id ............................... [RUN]
[0m14:01:52.526900 [debug] [Thread-5 (]: Re-using an available connection from the pool (formerly test.olist_pipeline.not_null_stg_customers_customer_id.e2cfb1f9aa, now test.olist_pipeline.not_null_stg_orders_order_id.81cfe2fe64)
[0m14:01:52.528964 [debug] [Thread-5 (]: Began compiling node test.olist_pipeline.not_null_stg_orders_order_id.81cfe2fe64
[0m14:01:52.537201 [debug] [Thread-5 (]: Writing injected SQL for node "test.olist_pipeline.not_null_stg_orders_order_id.81cfe2fe64"
[0m14:01:52.551931 [debug] [Thread-5 (]: Began executing node test.olist_pipeline.not_null_stg_orders_order_id.81cfe2fe64
[0m14:01:52.556012 [debug] [Thread-5 (]: Writing runtime sql for node "test.olist_pipeline.not_null_stg_orders_order_id.81cfe2fe64"
[0m14:01:52.570977 [debug] [Thread-5 (]: Using snowflake connection "test.olist_pipeline.not_null_stg_orders_order_id.81cfe2fe64"
[0m14:01:52.572959 [debug] [Thread-5 (]: On test.olist_pipeline.not_null_stg_orders_order_id.81cfe2fe64: select
      count(*) as failures,
      count(*) != 0 as should_warn,
      count(*) != 0 as should_error
    from (
      
    
  
    
    



select order_id
from PROJETO_OLIST_DB.ANALYTICS.stg_orders
where order_id is null



  
  
      
    ) dbt_internal_test
/* {"app": "dbt", "dbt_version": "1.12.0", "profile_name": "olist_pipeline", "target_name": "dev", "node_id": "test.olist_pipeline.not_null_stg_orders_order_id.81cfe2fe64"} */
[0m14:01:52.687913 [debug] [Thread-4 (]: SQL status: SUCCESS 1 in 0.371 seconds
[0m14:01:52.692035 [info ] [Thread-4 (]: 25 of 51 PASS not_null_stg_order_reviews_review_id ............................. [[32mPASS[0m in 0.46s]
[0m14:01:52.693789 [debug] [Thread-4 (]: Finished running node test.olist_pipeline.not_null_stg_order_reviews_review_id.9ed4569df1
[0m14:01:52.695630 [debug] [Thread-4 (]: Began running node test.olist_pipeline.not_null_stg_products_product_id.6373b0acf3
[0m14:01:52.697170 [info ] [Thread-4 (]: 28 of 51 START test not_null_stg_products_product_id ........................... [RUN]
[0m14:01:52.699449 [debug] [Thread-4 (]: Re-using an available connection from the pool (formerly test.olist_pipeline.not_null_stg_order_reviews_review_id.9ed4569df1, now test.olist_pipeline.not_null_stg_products_product_id.6373b0acf3)
[0m14:01:52.701700 [debug] [Thread-3 (]: SQL status: SUCCESS 1 in 0.364 seconds
[0m14:01:52.703105 [debug] [Thread-4 (]: Began compiling node test.olist_pipeline.not_null_stg_products_product_id.6373b0acf3
[0m14:01:52.706934 [info ] [Thread-3 (]: 26 of 51 PASS not_null_stg_order_reviews_sentiment_label ....................... [[32mPASS[0m in 0.44s]
[0m14:01:52.721144 [debug] [Thread-4 (]: Writing injected SQL for node "test.olist_pipeline.not_null_stg_products_product_id.6373b0acf3"
[0m14:01:52.722531 [debug] [Thread-3 (]: Finished running node test.olist_pipeline.not_null_stg_order_reviews_sentiment_label.fd546b7a9f
[0m14:01:52.724872 [debug] [Thread-3 (]: Began running node test.olist_pipeline.not_null_stg_sellers_seller_id.35d0bce315
[0m14:01:52.725986 [info ] [Thread-3 (]: 29 of 51 START test not_null_stg_sellers_seller_id ............................. [RUN]
[0m14:01:52.727915 [debug] [Thread-3 (]: Re-using an available connection from the pool (formerly test.olist_pipeline.not_null_stg_order_reviews_sentiment_label.fd546b7a9f, now test.olist_pipeline.not_null_stg_sellers_seller_id.35d0bce315)
[0m14:01:52.729861 [debug] [Thread-3 (]: Began compiling node test.olist_pipeline.not_null_stg_sellers_seller_id.35d0bce315
[0m14:01:52.739343 [debug] [Thread-3 (]: Writing injected SQL for node "test.olist_pipeline.not_null_stg_sellers_seller_id.35d0bce315"
[0m14:01:52.741450 [debug] [Thread-4 (]: Began executing node test.olist_pipeline.not_null_stg_products_product_id.6373b0acf3
[0m14:01:52.744344 [debug] [Thread-4 (]: Writing runtime sql for node "test.olist_pipeline.not_null_stg_products_product_id.6373b0acf3"
[0m14:01:52.753468 [debug] [Thread-3 (]: Began executing node test.olist_pipeline.not_null_stg_sellers_seller_id.35d0bce315
[0m14:01:52.756958 [debug] [Thread-3 (]: Writing runtime sql for node "test.olist_pipeline.not_null_stg_sellers_seller_id.35d0bce315"
[0m14:01:52.759617 [debug] [Thread-4 (]: Using snowflake connection "test.olist_pipeline.not_null_stg_products_product_id.6373b0acf3"
[0m14:01:52.762171 [debug] [Thread-4 (]: On test.olist_pipeline.not_null_stg_products_product_id.6373b0acf3: select
      count(*) as failures,
      count(*) != 0 as should_warn,
      count(*) != 0 as should_error
    from (
      
    
  
    
    



select product_id
from PROJETO_OLIST_DB.ANALYTICS.stg_products
where product_id is null



  
  
      
    ) dbt_internal_test
/* {"app": "dbt", "dbt_version": "1.12.0", "profile_name": "olist_pipeline", "target_name": "dev", "node_id": "test.olist_pipeline.not_null_stg_products_product_id.6373b0acf3"} */
[0m14:01:52.768546 [debug] [Thread-2 (]: SQL status: SUCCESS 1 in 0.485 seconds
[0m14:01:52.774436 [debug] [Thread-3 (]: Using snowflake connection "test.olist_pipeline.not_null_stg_sellers_seller_id.35d0bce315"
[0m14:01:52.773212 [info ] [Thread-2 (]: 24 of 51 PASS not_null_stg_ml_predictions_order_id ............................. [[32mPASS[0m in 0.58s]
[0m14:01:52.776680 [debug] [Thread-3 (]: On test.olist_pipeline.not_null_stg_sellers_seller_id.35d0bce315: select
      count(*) as failures,
      count(*) != 0 as should_warn,
      count(*) != 0 as should_error
    from (
      
    
  
    
    



select seller_id
from PROJETO_OLIST_DB.ANALYTICS.stg_sellers
where seller_id is null



  
  
      
    ) dbt_internal_test
/* {"app": "dbt", "dbt_version": "1.12.0", "profile_name": "olist_pipeline", "target_name": "dev", "node_id": "test.olist_pipeline.not_null_stg_sellers_seller_id.35d0bce315"} */
[0m14:01:52.779208 [debug] [Thread-2 (]: Finished running node test.olist_pipeline.not_null_stg_ml_predictions_order_id.27fe487bc9
[0m14:01:52.783741 [debug] [Thread-2 (]: Began running node test.olist_pipeline.relationships_fact_order_items_product_key__product_key__ref_dim_products_.63f012c217
[0m14:01:52.785154 [info ] [Thread-2 (]: 30 of 51 START test relationships_fact_order_items_product_key__product_key__ref_dim_products_  [RUN]
[0m14:01:52.786757 [debug] [Thread-2 (]: Re-using an available connection from the pool (formerly test.olist_pipeline.not_null_stg_ml_predictions_order_id.27fe487bc9, now test.olist_pipeline.relationships_fact_order_items_product_key__product_key__ref_dim_products_.63f012c217)
[0m14:01:52.788129 [debug] [Thread-2 (]: Began compiling node test.olist_pipeline.relationships_fact_order_items_product_key__product_key__ref_dim_products_.63f012c217
[0m14:01:52.807784 [debug] [Thread-2 (]: Writing injected SQL for node "test.olist_pipeline.relationships_fact_order_items_product_key__product_key__ref_dim_products_.63f012c217"
[0m14:01:52.821563 [debug] [Thread-2 (]: Began executing node test.olist_pipeline.relationships_fact_order_items_product_key__product_key__ref_dim_products_.63f012c217
[0m14:01:52.825329 [debug] [Thread-2 (]: Writing runtime sql for node "test.olist_pipeline.relationships_fact_order_items_product_key__product_key__ref_dim_products_.63f012c217"
[0m14:01:52.840617 [debug] [Thread-2 (]: Using snowflake connection "test.olist_pipeline.relationships_fact_order_items_product_key__product_key__ref_dim_products_.63f012c217"
[0m14:01:52.842188 [debug] [Thread-2 (]: On test.olist_pipeline.relationships_fact_order_items_product_key__product_key__ref_dim_products_.63f012c217: select
      count(*) as failures,
      count(*) != 0 as should_warn,
      count(*) != 0 as should_error
    from (
      
    
  
    
    

with child as (
    select product_key as from_field
    from PROJETO_OLIST_DB.ANALYTICS.fact_order_items
    where product_key is not null
),

parent as (
    select product_key as to_field
    from PROJETO_OLIST_DB.ANALYTICS.dim_products
)

select
    from_field

from child
left join parent
    on child.from_field = parent.to_field

where parent.to_field is null



  
  
      
    ) dbt_internal_test
/* {"app": "dbt", "dbt_version": "1.12.0", "profile_name": "olist_pipeline", "target_name": "dev", "node_id": "test.olist_pipeline.relationships_fact_order_items_product_key__product_key__ref_dim_products_.63f012c217"} */
[0m14:01:52.918793 [debug] [Thread-5 (]: SQL status: SUCCESS 1 in 0.344 seconds
[0m14:01:52.924223 [info ] [Thread-5 (]: 27 of 51 PASS not_null_stg_orders_order_id ..................................... [[32mPASS[0m in 0.40s]
[0m14:01:52.926532 [debug] [Thread-5 (]: Finished running node test.olist_pipeline.not_null_stg_orders_order_id.81cfe2fe64
[0m14:01:52.929143 [debug] [Thread-5 (]: Began running node test.olist_pipeline.relationships_fact_order_items_seller_key__seller_key__ref_dim_sellers_.1849cb17da
[0m14:01:52.930807 [info ] [Thread-5 (]: 31 of 51 START test relationships_fact_order_items_seller_key__seller_key__ref_dim_sellers_  [RUN]
[0m14:01:52.932884 [debug] [Thread-5 (]: Re-using an available connection from the pool (formerly test.olist_pipeline.not_null_stg_orders_order_id.81cfe2fe64, now test.olist_pipeline.relationships_fact_order_items_seller_key__seller_key__ref_dim_sellers_.1849cb17da)
[0m14:01:52.934677 [debug] [Thread-5 (]: Began compiling node test.olist_pipeline.relationships_fact_order_items_seller_key__seller_key__ref_dim_sellers_.1849cb17da
[0m14:01:52.952291 [debug] [Thread-5 (]: Writing injected SQL for node "test.olist_pipeline.relationships_fact_order_items_seller_key__seller_key__ref_dim_sellers_.1849cb17da"
[0m14:01:52.969687 [debug] [Thread-5 (]: Began executing node test.olist_pipeline.relationships_fact_order_items_seller_key__seller_key__ref_dim_sellers_.1849cb17da
[0m14:01:52.972699 [debug] [Thread-5 (]: Writing runtime sql for node "test.olist_pipeline.relationships_fact_order_items_seller_key__seller_key__ref_dim_sellers_.1849cb17da"
[0m14:01:52.993648 [debug] [Thread-5 (]: Using snowflake connection "test.olist_pipeline.relationships_fact_order_items_seller_key__seller_key__ref_dim_sellers_.1849cb17da"
[0m14:01:52.996875 [debug] [Thread-5 (]: On test.olist_pipeline.relationships_fact_order_items_seller_key__seller_key__ref_dim_sellers_.1849cb17da: select
      count(*) as failures,
      count(*) != 0 as should_warn,
      count(*) != 0 as should_error
    from (
      
    
  
    
    

with child as (
    select seller_key as from_field
    from PROJETO_OLIST_DB.ANALYTICS.fact_order_items
    where seller_key is not null
),

parent as (
    select seller_key as to_field
    from PROJETO_OLIST_DB.ANALYTICS.dim_sellers
)

select
    from_field

from child
left join parent
    on child.from_field = parent.to_field

where parent.to_field is null



  
  
      
    ) dbt_internal_test
/* {"app": "dbt", "dbt_version": "1.12.0", "profile_name": "olist_pipeline", "target_name": "dev", "node_id": "test.olist_pipeline.relationships_fact_order_items_seller_key__seller_key__ref_dim_sellers_.1849cb17da"} */
[0m14:01:53.101995 [debug] [Thread-4 (]: SQL status: SUCCESS 1 in 0.337 seconds
[0m14:01:53.108507 [info ] [Thread-4 (]: 28 of 51 PASS not_null_stg_products_product_id ................................. [[32mPASS[0m in 0.41s]
[0m14:01:53.111178 [debug] [Thread-4 (]: Finished running node test.olist_pipeline.not_null_stg_products_product_id.6373b0acf3
[0m14:01:53.113266 [debug] [Thread-4 (]: Began running node test.olist_pipeline.relationships_fact_orders_customer_key__customer_key__ref_dim_customers_.27f3f75b94
[0m14:01:53.115262 [info ] [Thread-4 (]: 32 of 51 START test relationships_fact_orders_customer_key__customer_key__ref_dim_customers_  [RUN]
[0m14:01:53.118378 [debug] [Thread-4 (]: Re-using an available connection from the pool (formerly test.olist_pipeline.not_null_stg_products_product_id.6373b0acf3, now test.olist_pipeline.relationships_fact_orders_customer_key__customer_key__ref_dim_customers_.27f3f75b94)
[0m14:01:53.121212 [debug] [Thread-4 (]: Began compiling node test.olist_pipeline.relationships_fact_orders_customer_key__customer_key__ref_dim_customers_.27f3f75b94
[0m14:01:53.146203 [debug] [Thread-4 (]: Writing injected SQL for node "test.olist_pipeline.relationships_fact_orders_customer_key__customer_key__ref_dim_customers_.27f3f75b94"
[0m14:01:53.147979 [debug] [Thread-3 (]: SQL status: SUCCESS 1 in 0.367 seconds
[0m14:01:53.149902 [debug] [Thread-2 (]: SQL status: SUCCESS 1 in 0.306 seconds
[0m14:01:53.161559 [info ] [Thread-3 (]: 29 of 51 PASS not_null_stg_sellers_seller_id ................................... [[32mPASS[0m in 0.43s]
[0m14:01:53.168589 [info ] [Thread-2 (]: 30 of 51 PASS relationships_fact_order_items_product_key__product_key__ref_dim_products_  [[32mPASS[0m in 0.38s]
[0m14:01:53.172953 [debug] [Thread-3 (]: Finished running node test.olist_pipeline.not_null_stg_sellers_seller_id.35d0bce315
[0m14:01:53.177629 [debug] [Thread-2 (]: Finished running node test.olist_pipeline.relationships_fact_order_items_product_key__product_key__ref_dim_products_.63f012c217
[0m14:01:53.181528 [debug] [Thread-3 (]: Began running node test.olist_pipeline.relationships_fact_reviews_order_key__order_key__ref_fact_orders_.c4ec6dfaf7
[0m14:01:53.182891 [debug] [Thread-4 (]: Began executing node test.olist_pipeline.relationships_fact_orders_customer_key__customer_key__ref_dim_customers_.27f3f75b94
[0m14:01:53.186136 [debug] [Thread-2 (]: Began running node test.olist_pipeline.unique_dim_customers_customer_id.15c9f1e2fd
[0m14:01:53.190951 [info ] [Thread-3 (]: 33 of 51 START test relationships_fact_reviews_order_key__order_key__ref_fact_orders_  [RUN]
[0m14:01:53.197366 [debug] [Thread-4 (]: Writing runtime sql for node "test.olist_pipeline.relationships_fact_orders_customer_key__customer_key__ref_dim_customers_.27f3f75b94"
[0m14:01:53.199108 [info ] [Thread-2 (]: 34 of 51 START test unique_dim_customers_customer_id ........................... [RUN]
[0m14:01:53.201177 [debug] [Thread-3 (]: Re-using an available connection from the pool (formerly test.olist_pipeline.not_null_stg_sellers_seller_id.35d0bce315, now test.olist_pipeline.relationships_fact_reviews_order_key__order_key__ref_fact_orders_.c4ec6dfaf7)
[0m14:01:53.203791 [debug] [Thread-2 (]: Re-using an available connection from the pool (formerly test.olist_pipeline.relationships_fact_order_items_product_key__product_key__ref_dim_products_.63f012c217, now test.olist_pipeline.unique_dim_customers_customer_id.15c9f1e2fd)
[0m14:01:53.205730 [debug] [Thread-3 (]: Began compiling node test.olist_pipeline.relationships_fact_reviews_order_key__order_key__ref_fact_orders_.c4ec6dfaf7
[0m14:01:53.207423 [debug] [Thread-2 (]: Began compiling node test.olist_pipeline.unique_dim_customers_customer_id.15c9f1e2fd
[0m14:01:53.239091 [debug] [Thread-3 (]: Writing injected SQL for node "test.olist_pipeline.relationships_fact_reviews_order_key__order_key__ref_fact_orders_.c4ec6dfaf7"
[0m14:01:53.249362 [debug] [Thread-2 (]: Writing injected SQL for node "test.olist_pipeline.unique_dim_customers_customer_id.15c9f1e2fd"
[0m14:01:53.250869 [debug] [Thread-4 (]: Using snowflake connection "test.olist_pipeline.relationships_fact_orders_customer_key__customer_key__ref_dim_customers_.27f3f75b94"
[0m14:01:53.313673 [debug] [Thread-4 (]: On test.olist_pipeline.relationships_fact_orders_customer_key__customer_key__ref_dim_customers_.27f3f75b94: select
      count(*) as failures,
      count(*) != 0 as should_warn,
      count(*) != 0 as should_error
    from (
      
    
  
    
    

with child as (
    select customer_key as from_field
    from PROJETO_OLIST_DB.ANALYTICS.fact_orders
    where customer_key is not null
),

parent as (
    select customer_key as to_field
    from PROJETO_OLIST_DB.ANALYTICS.dim_customers
)

select
    from_field

from child
left join parent
    on child.from_field = parent.to_field

where parent.to_field is null



  
  
      
    ) dbt_internal_test
/* {"app": "dbt", "dbt_version": "1.12.0", "profile_name": "olist_pipeline", "target_name": "dev", "node_id": "test.olist_pipeline.relationships_fact_orders_customer_key__customer_key__ref_dim_customers_.27f3f75b94"} */
[0m14:01:53.325435 [debug] [Thread-2 (]: Began executing node test.olist_pipeline.unique_dim_customers_customer_id.15c9f1e2fd
[0m14:01:53.326697 [debug] [Thread-3 (]: Began executing node test.olist_pipeline.relationships_fact_reviews_order_key__order_key__ref_fact_orders_.c4ec6dfaf7
[0m14:01:53.332375 [debug] [Thread-2 (]: Writing runtime sql for node "test.olist_pipeline.unique_dim_customers_customer_id.15c9f1e2fd"
[0m14:01:53.338058 [debug] [Thread-3 (]: Writing runtime sql for node "test.olist_pipeline.relationships_fact_reviews_order_key__order_key__ref_fact_orders_.c4ec6dfaf7"
[0m14:01:53.355968 [debug] [Thread-3 (]: Using snowflake connection "test.olist_pipeline.relationships_fact_reviews_order_key__order_key__ref_fact_orders_.c4ec6dfaf7"
[0m14:01:53.357315 [debug] [Thread-2 (]: Using snowflake connection "test.olist_pipeline.unique_dim_customers_customer_id.15c9f1e2fd"
[0m14:01:53.358826 [debug] [Thread-3 (]: On test.olist_pipeline.relationships_fact_reviews_order_key__order_key__ref_fact_orders_.c4ec6dfaf7: select
      count(*) as failures,
      count(*) != 0 as should_warn,
      count(*) != 0 as should_error
    from (
      
    
  
    
    

with child as (
    select order_key as from_field
    from PROJETO_OLIST_DB.ANALYTICS.fact_reviews
    where order_key is not null
),

parent as (
    select order_key as to_field
    from PROJETO_OLIST_DB.ANALYTICS.fact_orders
)

select
    from_field

from child
left join parent
    on child.from_field = parent.to_field

where parent.to_field is null



  
  
      
    ) dbt_internal_test
/* {"app": "dbt", "dbt_version": "1.12.0", "profile_name": "olist_pipeline", "target_name": "dev", "node_id": "test.olist_pipeline.relationships_fact_reviews_order_key__order_key__ref_fact_orders_.c4ec6dfaf7"} */
[0m14:01:53.361728 [debug] [Thread-2 (]: On test.olist_pipeline.unique_dim_customers_customer_id.15c9f1e2fd: select
      count(*) as failures,
      count(*) != 0 as should_warn,
      count(*) != 0 as should_error
    from (
      
    
  
    
    

select
    customer_id as unique_field,
    count(*) as n_records

from PROJETO_OLIST_DB.ANALYTICS.dim_customers
where customer_id is not null
group by customer_id
having count(*) > 1



  
  
      
    ) dbt_internal_test
/* {"app": "dbt", "dbt_version": "1.12.0", "profile_name": "olist_pipeline", "target_name": "dev", "node_id": "test.olist_pipeline.unique_dim_customers_customer_id.15c9f1e2fd"} */
[0m14:01:53.397949 [debug] [Thread-5 (]: SQL status: SUCCESS 1 in 0.340 seconds
[0m14:01:53.406167 [info ] [Thread-5 (]: 31 of 51 PASS relationships_fact_order_items_seller_key__seller_key__ref_dim_sellers_  [[32mPASS[0m in 0.47s]
[0m14:01:53.409916 [debug] [Thread-5 (]: Finished running node test.olist_pipeline.relationships_fact_order_items_seller_key__seller_key__ref_dim_sellers_.1849cb17da
[0m14:01:53.412017 [debug] [Thread-5 (]: Began running node test.olist_pipeline.unique_dim_customers_customer_key.ad8156656e
[0m14:01:53.414172 [info ] [Thread-5 (]: 35 of 51 START test unique_dim_customers_customer_key .......................... [RUN]
[0m14:01:53.416461 [debug] [Thread-5 (]: Re-using an available connection from the pool (formerly test.olist_pipeline.relationships_fact_order_items_seller_key__seller_key__ref_dim_sellers_.1849cb17da, now test.olist_pipeline.unique_dim_customers_customer_key.ad8156656e)
[0m14:01:53.418580 [debug] [Thread-5 (]: Began compiling node test.olist_pipeline.unique_dim_customers_customer_key.ad8156656e
[0m14:01:53.434682 [debug] [Thread-5 (]: Writing injected SQL for node "test.olist_pipeline.unique_dim_customers_customer_key.ad8156656e"
[0m14:01:53.458434 [debug] [Thread-5 (]: Began executing node test.olist_pipeline.unique_dim_customers_customer_key.ad8156656e
[0m14:01:53.463415 [debug] [Thread-5 (]: Writing runtime sql for node "test.olist_pipeline.unique_dim_customers_customer_key.ad8156656e"
[0m14:01:53.484149 [debug] [Thread-5 (]: Using snowflake connection "test.olist_pipeline.unique_dim_customers_customer_key.ad8156656e"
[0m14:01:53.486201 [debug] [Thread-5 (]: On test.olist_pipeline.unique_dim_customers_customer_key.ad8156656e: select
      count(*) as failures,
      count(*) != 0 as should_warn,
      count(*) != 0 as should_error
    from (
      
    
  
    
    

select
    customer_key as unique_field,
    count(*) as n_records

from PROJETO_OLIST_DB.ANALYTICS.dim_customers
where customer_key is not null
group by customer_key
having count(*) > 1



  
  
      
    ) dbt_internal_test
/* {"app": "dbt", "dbt_version": "1.12.0", "profile_name": "olist_pipeline", "target_name": "dev", "node_id": "test.olist_pipeline.unique_dim_customers_customer_key.ad8156656e"} */
[0m14:01:53.600702 [debug] [Thread-4 (]: SQL status: SUCCESS 1 in 0.285 seconds
[0m14:01:53.605256 [info ] [Thread-4 (]: 32 of 51 PASS relationships_fact_orders_customer_key__customer_key__ref_dim_customers_  [[32mPASS[0m in 0.49s]
[0m14:01:53.609103 [debug] [Thread-4 (]: Finished running node test.olist_pipeline.relationships_fact_orders_customer_key__customer_key__ref_dim_customers_.27f3f75b94
[0m14:01:53.611617 [debug] [Thread-4 (]: Began running node test.olist_pipeline.unique_dim_date_date_day.d56fd19199
[0m14:01:53.613656 [info ] [Thread-4 (]: 36 of 51 START test unique_dim_date_date_day ................................... [RUN]
[0m14:01:53.616266 [debug] [Thread-4 (]: Re-using an available connection from the pool (formerly test.olist_pipeline.relationships_fact_orders_customer_key__customer_key__ref_dim_customers_.27f3f75b94, now test.olist_pipeline.unique_dim_date_date_day.d56fd19199)
[0m14:01:53.619323 [debug] [Thread-4 (]: Began compiling node test.olist_pipeline.unique_dim_date_date_day.d56fd19199
[0m14:01:53.631522 [debug] [Thread-4 (]: Writing injected SQL for node "test.olist_pipeline.unique_dim_date_date_day.d56fd19199"
[0m14:01:53.651854 [debug] [Thread-4 (]: Began executing node test.olist_pipeline.unique_dim_date_date_day.d56fd19199
[0m14:01:53.656880 [debug] [Thread-4 (]: Writing runtime sql for node "test.olist_pipeline.unique_dim_date_date_day.d56fd19199"
[0m14:01:53.676458 [debug] [Thread-2 (]: SQL status: SUCCESS 1 in 0.310 seconds
[0m14:01:53.684808 [debug] [Thread-4 (]: Using snowflake connection "test.olist_pipeline.unique_dim_date_date_day.d56fd19199"
[0m14:01:53.682309 [info ] [Thread-2 (]: 34 of 51 PASS unique_dim_customers_customer_id ................................. [[32mPASS[0m in 0.48s]
[0m14:01:53.687330 [debug] [Thread-4 (]: On test.olist_pipeline.unique_dim_date_date_day.d56fd19199: select
      count(*) as failures,
      count(*) != 0 as should_warn,
      count(*) != 0 as should_error
    from (
      
    
  
    
    

select
    date_day as unique_field,
    count(*) as n_records

from PROJETO_OLIST_DB.ANALYTICS.dim_date
where date_day is not null
group by date_day
having count(*) > 1



  
  
      
    ) dbt_internal_test
/* {"app": "dbt", "dbt_version": "1.12.0", "profile_name": "olist_pipeline", "target_name": "dev", "node_id": "test.olist_pipeline.unique_dim_date_date_day.d56fd19199"} */
[0m14:01:53.689983 [debug] [Thread-2 (]: Finished running node test.olist_pipeline.unique_dim_customers_customer_id.15c9f1e2fd
[0m14:01:53.695145 [debug] [Thread-2 (]: Began running node test.olist_pipeline.unique_dim_geolocation_zip_code_prefix.22b30f49e0
[0m14:01:53.697548 [info ] [Thread-2 (]: 37 of 51 START test unique_dim_geolocation_zip_code_prefix ..................... [RUN]
[0m14:01:53.700497 [debug] [Thread-2 (]: Re-using an available connection from the pool (formerly test.olist_pipeline.unique_dim_customers_customer_id.15c9f1e2fd, now test.olist_pipeline.unique_dim_geolocation_zip_code_prefix.22b30f49e0)
[0m14:01:53.702432 [debug] [Thread-2 (]: Began compiling node test.olist_pipeline.unique_dim_geolocation_zip_code_prefix.22b30f49e0
[0m14:01:53.715871 [debug] [Thread-2 (]: Writing injected SQL for node "test.olist_pipeline.unique_dim_geolocation_zip_code_prefix.22b30f49e0"
[0m14:01:53.733820 [debug] [Thread-2 (]: Began executing node test.olist_pipeline.unique_dim_geolocation_zip_code_prefix.22b30f49e0
[0m14:01:53.739407 [debug] [Thread-2 (]: Writing runtime sql for node "test.olist_pipeline.unique_dim_geolocation_zip_code_prefix.22b30f49e0"
[0m14:01:53.759499 [debug] [Thread-2 (]: Using snowflake connection "test.olist_pipeline.unique_dim_geolocation_zip_code_prefix.22b30f49e0"
[0m14:01:53.762722 [debug] [Thread-2 (]: On test.olist_pipeline.unique_dim_geolocation_zip_code_prefix.22b30f49e0: select
      count(*) as failures,
      count(*) != 0 as should_warn,
      count(*) != 0 as should_error
    from (
      
    
  
    
    

select
    zip_code_prefix as unique_field,
    count(*) as n_records

from PROJETO_OLIST_DB.ANALYTICS.dim_geolocation
where zip_code_prefix is not null
group by zip_code_prefix
having count(*) > 1



  
  
      
    ) dbt_internal_test
/* {"app": "dbt", "dbt_version": "1.12.0", "profile_name": "olist_pipeline", "target_name": "dev", "node_id": "test.olist_pipeline.unique_dim_geolocation_zip_code_prefix.22b30f49e0"} */
[0m14:01:53.796621 [debug] [Thread-5 (]: SQL status: SUCCESS 1 in 0.308 seconds
[0m14:01:53.800999 [info ] [Thread-5 (]: 35 of 51 PASS unique_dim_customers_customer_key ................................ [[32mPASS[0m in 0.38s]
[0m14:01:53.803643 [debug] [Thread-5 (]: Finished running node test.olist_pipeline.unique_dim_customers_customer_key.ad8156656e
[0m14:01:53.805738 [debug] [Thread-5 (]: Began running node test.olist_pipeline.unique_dim_products_product_id.ef7b2a9985
[0m14:01:53.808972 [info ] [Thread-5 (]: 38 of 51 START test unique_dim_products_product_id ............................. [RUN]
[0m14:01:53.812784 [debug] [Thread-5 (]: Re-using an available connection from the pool (formerly test.olist_pipeline.unique_dim_customers_customer_key.ad8156656e, now test.olist_pipeline.unique_dim_products_product_id.ef7b2a9985)
[0m14:01:53.815623 [debug] [Thread-5 (]: Began compiling node test.olist_pipeline.unique_dim_products_product_id.ef7b2a9985
[0m14:01:53.829068 [debug] [Thread-5 (]: Writing injected SQL for node "test.olist_pipeline.unique_dim_products_product_id.ef7b2a9985"
[0m14:01:53.854334 [debug] [Thread-5 (]: Began executing node test.olist_pipeline.unique_dim_products_product_id.ef7b2a9985
[0m14:01:53.858449 [debug] [Thread-5 (]: Writing runtime sql for node "test.olist_pipeline.unique_dim_products_product_id.ef7b2a9985"
[0m14:01:53.877940 [debug] [Thread-5 (]: Using snowflake connection "test.olist_pipeline.unique_dim_products_product_id.ef7b2a9985"
[0m14:01:53.880089 [debug] [Thread-5 (]: On test.olist_pipeline.unique_dim_products_product_id.ef7b2a9985: select
      count(*) as failures,
      count(*) != 0 as should_warn,
      count(*) != 0 as should_error
    from (
      
    
  
    
    

select
    product_id as unique_field,
    count(*) as n_records

from PROJETO_OLIST_DB.ANALYTICS.dim_products
where product_id is not null
group by product_id
having count(*) > 1



  
  
      
    ) dbt_internal_test
/* {"app": "dbt", "dbt_version": "1.12.0", "profile_name": "olist_pipeline", "target_name": "dev", "node_id": "test.olist_pipeline.unique_dim_products_product_id.ef7b2a9985"} */
[0m14:01:53.910187 [debug] [Thread-3 (]: SQL status: SUCCESS 1 in 0.546 seconds
[0m14:01:53.914479 [info ] [Thread-3 (]: 33 of 51 PASS relationships_fact_reviews_order_key__order_key__ref_fact_orders_  [[32mPASS[0m in 0.71s]
[0m14:01:53.917549 [debug] [Thread-3 (]: Finished running node test.olist_pipeline.relationships_fact_reviews_order_key__order_key__ref_fact_orders_.c4ec6dfaf7
[0m14:01:53.920166 [debug] [Thread-3 (]: Began running node test.olist_pipeline.unique_dim_products_product_key.5837b56652
[0m14:01:53.922836 [info ] [Thread-3 (]: 39 of 51 START test unique_dim_products_product_key ............................ [RUN]
[0m14:01:53.925730 [debug] [Thread-3 (]: Re-using an available connection from the pool (formerly test.olist_pipeline.relationships_fact_reviews_order_key__order_key__ref_fact_orders_.c4ec6dfaf7, now test.olist_pipeline.unique_dim_products_product_key.5837b56652)
[0m14:01:53.928155 [debug] [Thread-3 (]: Began compiling node test.olist_pipeline.unique_dim_products_product_key.5837b56652
[0m14:01:53.939607 [debug] [Thread-3 (]: Writing injected SQL for node "test.olist_pipeline.unique_dim_products_product_key.5837b56652"
[0m14:01:53.958361 [debug] [Thread-3 (]: Began executing node test.olist_pipeline.unique_dim_products_product_key.5837b56652
[0m14:01:53.963885 [debug] [Thread-3 (]: Writing runtime sql for node "test.olist_pipeline.unique_dim_products_product_key.5837b56652"
[0m14:01:53.981044 [debug] [Thread-3 (]: Using snowflake connection "test.olist_pipeline.unique_dim_products_product_key.5837b56652"
[0m14:01:53.983420 [debug] [Thread-3 (]: On test.olist_pipeline.unique_dim_products_product_key.5837b56652: select
      count(*) as failures,
      count(*) != 0 as should_warn,
      count(*) != 0 as should_error
    from (
      
    
  
    
    

select
    product_key as unique_field,
    count(*) as n_records

from PROJETO_OLIST_DB.ANALYTICS.dim_products
where product_key is not null
group by product_key
having count(*) > 1



  
  
      
    ) dbt_internal_test
/* {"app": "dbt", "dbt_version": "1.12.0", "profile_name": "olist_pipeline", "target_name": "dev", "node_id": "test.olist_pipeline.unique_dim_products_product_key.5837b56652"} */
[0m14:01:53.995331 [debug] [Thread-4 (]: SQL status: SUCCESS 1 in 0.303 seconds
[0m14:01:54.000646 [info ] [Thread-4 (]: 36 of 51 PASS unique_dim_date_date_day ......................................... [[32mPASS[0m in 0.38s]
[0m14:01:54.004105 [debug] [Thread-4 (]: Finished running node test.olist_pipeline.unique_dim_date_date_day.d56fd19199
[0m14:01:54.010077 [debug] [Thread-4 (]: Began running node test.olist_pipeline.unique_dim_sellers_seller_id.b55e677f09
[0m14:01:54.012192 [info ] [Thread-4 (]: 40 of 51 START test unique_dim_sellers_seller_id ............................... [RUN]
[0m14:01:54.014856 [debug] [Thread-4 (]: Re-using an available connection from the pool (formerly test.olist_pipeline.unique_dim_date_date_day.d56fd19199, now test.olist_pipeline.unique_dim_sellers_seller_id.b55e677f09)
[0m14:01:54.019104 [debug] [Thread-4 (]: Began compiling node test.olist_pipeline.unique_dim_sellers_seller_id.b55e677f09
[0m14:01:54.048128 [debug] [Thread-4 (]: Writing injected SQL for node "test.olist_pipeline.unique_dim_sellers_seller_id.b55e677f09"
[0m14:01:54.052496 [debug] [Thread-2 (]: SQL status: SUCCESS 1 in 0.287 seconds
[0m14:01:54.065104 [info ] [Thread-2 (]: 37 of 51 PASS unique_dim_geolocation_zip_code_prefix ........................... [[32mPASS[0m in 0.36s]
[0m14:01:54.068404 [debug] [Thread-2 (]: Finished running node test.olist_pipeline.unique_dim_geolocation_zip_code_prefix.22b30f49e0
[0m14:01:54.070620 [debug] [Thread-2 (]: Began running node test.olist_pipeline.unique_dim_sellers_seller_key.6297349530
[0m14:01:54.072604 [info ] [Thread-2 (]: 41 of 51 START test unique_dim_sellers_seller_key .............................. [RUN]
[0m14:01:54.076038 [debug] [Thread-2 (]: Re-using an available connection from the pool (formerly test.olist_pipeline.unique_dim_geolocation_zip_code_prefix.22b30f49e0, now test.olist_pipeline.unique_dim_sellers_seller_key.6297349530)
[0m14:01:54.078447 [debug] [Thread-2 (]: Began compiling node test.olist_pipeline.unique_dim_sellers_seller_key.6297349530
[0m14:01:54.087528 [debug] [Thread-4 (]: Began executing node test.olist_pipeline.unique_dim_sellers_seller_id.b55e677f09
[0m14:01:54.092878 [debug] [Thread-2 (]: Writing injected SQL for node "test.olist_pipeline.unique_dim_sellers_seller_key.6297349530"
[0m14:01:54.096766 [debug] [Thread-4 (]: Writing runtime sql for node "test.olist_pipeline.unique_dim_sellers_seller_id.b55e677f09"
[0m14:01:54.124134 [debug] [Thread-2 (]: Began executing node test.olist_pipeline.unique_dim_sellers_seller_key.6297349530
[0m14:01:54.126619 [debug] [Thread-4 (]: Using snowflake connection "test.olist_pipeline.unique_dim_sellers_seller_id.b55e677f09"
[0m14:01:54.134548 [debug] [Thread-2 (]: Writing runtime sql for node "test.olist_pipeline.unique_dim_sellers_seller_key.6297349530"
[0m14:01:54.136257 [debug] [Thread-4 (]: On test.olist_pipeline.unique_dim_sellers_seller_id.b55e677f09: select
      count(*) as failures,
      count(*) != 0 as should_warn,
      count(*) != 0 as should_error
    from (
      
    
  
    
    

select
    seller_id as unique_field,
    count(*) as n_records

from PROJETO_OLIST_DB.ANALYTICS.dim_sellers
where seller_id is not null
group by seller_id
having count(*) > 1



  
  
      
    ) dbt_internal_test
/* {"app": "dbt", "dbt_version": "1.12.0", "profile_name": "olist_pipeline", "target_name": "dev", "node_id": "test.olist_pipeline.unique_dim_sellers_seller_id.b55e677f09"} */
[0m14:01:54.160260 [debug] [Thread-2 (]: Using snowflake connection "test.olist_pipeline.unique_dim_sellers_seller_key.6297349530"
[0m14:01:54.163139 [debug] [Thread-2 (]: On test.olist_pipeline.unique_dim_sellers_seller_key.6297349530: select
      count(*) as failures,
      count(*) != 0 as should_warn,
      count(*) != 0 as should_error
    from (
      
    
  
    
    

select
    seller_key as unique_field,
    count(*) as n_records

from PROJETO_OLIST_DB.ANALYTICS.dim_sellers
where seller_key is not null
group by seller_key
having count(*) > 1



  
  
      
    ) dbt_internal_test
/* {"app": "dbt", "dbt_version": "1.12.0", "profile_name": "olist_pipeline", "target_name": "dev", "node_id": "test.olist_pipeline.unique_dim_sellers_seller_key.6297349530"} */
[0m14:01:54.172306 [debug] [Thread-5 (]: SQL status: SUCCESS 1 in 0.290 seconds
[0m14:01:54.178885 [info ] [Thread-5 (]: 38 of 51 PASS unique_dim_products_product_id ................................... [[32mPASS[0m in 0.37s]
[0m14:01:54.182319 [debug] [Thread-5 (]: Finished running node test.olist_pipeline.unique_dim_products_product_id.ef7b2a9985
[0m14:01:54.184456 [debug] [Thread-5 (]: Began running node test.olist_pipeline.unique_fact_order_items_order_item_key.5d58d5ebdc
[0m14:01:54.186642 [info ] [Thread-5 (]: 42 of 51 START test unique_fact_order_items_order_item_key ..................... [RUN]
[0m14:01:54.189467 [debug] [Thread-5 (]: Re-using an available connection from the pool (formerly test.olist_pipeline.unique_dim_products_product_id.ef7b2a9985, now test.olist_pipeline.unique_fact_order_items_order_item_key.5d58d5ebdc)
[0m14:01:54.192107 [debug] [Thread-5 (]: Began compiling node test.olist_pipeline.unique_fact_order_items_order_item_key.5d58d5ebdc
[0m14:01:54.204587 [debug] [Thread-5 (]: Writing injected SQL for node "test.olist_pipeline.unique_fact_order_items_order_item_key.5d58d5ebdc"
[0m14:01:54.230980 [debug] [Thread-5 (]: Began executing node test.olist_pipeline.unique_fact_order_items_order_item_key.5d58d5ebdc
[0m14:01:54.237751 [debug] [Thread-5 (]: Writing runtime sql for node "test.olist_pipeline.unique_fact_order_items_order_item_key.5d58d5ebdc"
[0m14:01:54.265962 [debug] [Thread-5 (]: Using snowflake connection "test.olist_pipeline.unique_fact_order_items_order_item_key.5d58d5ebdc"
[0m14:01:54.268644 [debug] [Thread-5 (]: On test.olist_pipeline.unique_fact_order_items_order_item_key.5d58d5ebdc: select
      count(*) as failures,
      count(*) != 0 as should_warn,
      count(*) != 0 as should_error
    from (
      
    
  
    
    

select
    order_item_key as unique_field,
    count(*) as n_records

from PROJETO_OLIST_DB.ANALYTICS.fact_order_items
where order_item_key is not null
group by order_item_key
having count(*) > 1



  
  
      
    ) dbt_internal_test
/* {"app": "dbt", "dbt_version": "1.12.0", "profile_name": "olist_pipeline", "target_name": "dev", "node_id": "test.olist_pipeline.unique_fact_order_items_order_item_key.5d58d5ebdc"} */
[0m14:01:54.276100 [debug] [Thread-3 (]: SQL status: SUCCESS 1 in 0.290 seconds
[0m14:01:54.284449 [info ] [Thread-3 (]: 39 of 51 PASS unique_dim_products_product_key .................................. [[32mPASS[0m in 0.36s]
[0m14:01:54.288470 [debug] [Thread-3 (]: Finished running node test.olist_pipeline.unique_dim_products_product_key.5837b56652
[0m14:01:54.291044 [debug] [Thread-3 (]: Began running node test.olist_pipeline.unique_fact_orders_order_id.93a68b4064
[0m14:01:54.296606 [info ] [Thread-3 (]: 43 of 51 START test unique_fact_orders_order_id ................................ [RUN]
[0m14:01:54.299984 [debug] [Thread-3 (]: Re-using an available connection from the pool (formerly test.olist_pipeline.unique_dim_products_product_key.5837b56652, now test.olist_pipeline.unique_fact_orders_order_id.93a68b4064)
[0m14:01:54.302759 [debug] [Thread-3 (]: Began compiling node test.olist_pipeline.unique_fact_orders_order_id.93a68b4064
[0m14:01:54.318891 [debug] [Thread-3 (]: Writing injected SQL for node "test.olist_pipeline.unique_fact_orders_order_id.93a68b4064"
[0m14:01:54.343832 [debug] [Thread-3 (]: Began executing node test.olist_pipeline.unique_fact_orders_order_id.93a68b4064
[0m14:01:54.348532 [debug] [Thread-3 (]: Writing runtime sql for node "test.olist_pipeline.unique_fact_orders_order_id.93a68b4064"
[0m14:01:54.372662 [debug] [Thread-3 (]: Using snowflake connection "test.olist_pipeline.unique_fact_orders_order_id.93a68b4064"
[0m14:01:54.375093 [debug] [Thread-3 (]: On test.olist_pipeline.unique_fact_orders_order_id.93a68b4064: select
      count(*) as failures,
      count(*) != 0 as should_warn,
      count(*) != 0 as should_error
    from (
      
    
  
    
    

select
    order_id as unique_field,
    count(*) as n_records

from PROJETO_OLIST_DB.ANALYTICS.fact_orders
where order_id is not null
group by order_id
having count(*) > 1



  
  
      
    ) dbt_internal_test
/* {"app": "dbt", "dbt_version": "1.12.0", "profile_name": "olist_pipeline", "target_name": "dev", "node_id": "test.olist_pipeline.unique_fact_orders_order_id.93a68b4064"} */
[0m14:01:54.461193 [debug] [Thread-2 (]: SQL status: SUCCESS 1 in 0.296 seconds
[0m14:01:54.465230 [info ] [Thread-2 (]: 41 of 51 PASS unique_dim_sellers_seller_key .................................... [[32mPASS[0m in 0.39s]
[0m14:01:54.468158 [debug] [Thread-2 (]: Finished running node test.olist_pipeline.unique_dim_sellers_seller_key.6297349530
[0m14:01:54.470560 [debug] [Thread-2 (]: Began running node test.olist_pipeline.unique_fact_orders_order_key.1d8f1532d5
[0m14:01:54.472514 [info ] [Thread-2 (]: 44 of 51 START test unique_fact_orders_order_key ............................... [RUN]
[0m14:01:54.475077 [debug] [Thread-2 (]: Re-using an available connection from the pool (formerly test.olist_pipeline.unique_dim_sellers_seller_key.6297349530, now test.olist_pipeline.unique_fact_orders_order_key.1d8f1532d5)
[0m14:01:54.477973 [debug] [Thread-2 (]: Began compiling node test.olist_pipeline.unique_fact_orders_order_key.1d8f1532d5
[0m14:01:54.492694 [debug] [Thread-2 (]: Writing injected SQL for node "test.olist_pipeline.unique_fact_orders_order_key.1d8f1532d5"
[0m14:01:54.498781 [debug] [Thread-4 (]: SQL status: SUCCESS 1 in 0.359 seconds
[0m14:01:54.503960 [info ] [Thread-4 (]: 40 of 51 PASS unique_dim_sellers_seller_id ..................................... [[32mPASS[0m in 0.49s]
[0m14:01:54.507829 [debug] [Thread-4 (]: Finished running node test.olist_pipeline.unique_dim_sellers_seller_id.b55e677f09
[0m14:01:54.510288 [debug] [Thread-4 (]: Began running node test.olist_pipeline.unique_fact_payments_payment_key.1b952fa59e
[0m14:01:54.512140 [info ] [Thread-4 (]: 45 of 51 START test unique_fact_payments_payment_key ........................... [RUN]
[0m14:01:54.514402 [debug] [Thread-4 (]: Re-using an available connection from the pool (formerly test.olist_pipeline.unique_dim_sellers_seller_id.b55e677f09, now test.olist_pipeline.unique_fact_payments_payment_key.1b952fa59e)
[0m14:01:54.516342 [debug] [Thread-4 (]: Began compiling node test.olist_pipeline.unique_fact_payments_payment_key.1b952fa59e
[0m14:01:54.517785 [debug] [Thread-2 (]: Began executing node test.olist_pipeline.unique_fact_orders_order_key.1d8f1532d5
[0m14:01:54.527161 [debug] [Thread-4 (]: Writing injected SQL for node "test.olist_pipeline.unique_fact_payments_payment_key.1b952fa59e"
[0m14:01:54.531126 [debug] [Thread-2 (]: Writing runtime sql for node "test.olist_pipeline.unique_fact_orders_order_key.1d8f1532d5"
[0m14:01:54.552085 [debug] [Thread-4 (]: Began executing node test.olist_pipeline.unique_fact_payments_payment_key.1b952fa59e
[0m14:01:54.553300 [debug] [Thread-2 (]: Using snowflake connection "test.olist_pipeline.unique_fact_orders_order_key.1d8f1532d5"
[0m14:01:54.557502 [debug] [Thread-4 (]: Writing runtime sql for node "test.olist_pipeline.unique_fact_payments_payment_key.1b952fa59e"
[0m14:01:54.559317 [debug] [Thread-2 (]: On test.olist_pipeline.unique_fact_orders_order_key.1d8f1532d5: select
      count(*) as failures,
      count(*) != 0 as should_warn,
      count(*) != 0 as should_error
    from (
      
    
  
    
    

select
    order_key as unique_field,
    count(*) as n_records

from PROJETO_OLIST_DB.ANALYTICS.fact_orders
where order_key is not null
group by order_key
having count(*) > 1



  
  
      
    ) dbt_internal_test
/* {"app": "dbt", "dbt_version": "1.12.0", "profile_name": "olist_pipeline", "target_name": "dev", "node_id": "test.olist_pipeline.unique_fact_orders_order_key.1d8f1532d5"} */
[0m14:01:54.578731 [debug] [Thread-4 (]: Using snowflake connection "test.olist_pipeline.unique_fact_payments_payment_key.1b952fa59e"
[0m14:01:54.581080 [debug] [Thread-4 (]: On test.olist_pipeline.unique_fact_payments_payment_key.1b952fa59e: select
      count(*) as failures,
      count(*) != 0 as should_warn,
      count(*) != 0 as should_error
    from (
      
    
  
    
    

select
    payment_key as unique_field,
    count(*) as n_records

from PROJETO_OLIST_DB.ANALYTICS.fact_payments
where payment_key is not null
group by payment_key
having count(*) > 1



  
  
      
    ) dbt_internal_test
/* {"app": "dbt", "dbt_version": "1.12.0", "profile_name": "olist_pipeline", "target_name": "dev", "node_id": "test.olist_pipeline.unique_fact_payments_payment_key.1b952fa59e"} */
[0m14:01:54.590228 [debug] [Thread-5 (]: SQL status: SUCCESS 1 in 0.317 seconds
[0m14:01:54.594186 [info ] [Thread-5 (]: 42 of 51 PASS unique_fact_order_items_order_item_key ........................... [[32mPASS[0m in 0.40s]
[0m14:01:54.596602 [debug] [Thread-5 (]: Finished running node test.olist_pipeline.unique_fact_order_items_order_item_key.5d58d5ebdc
[0m14:01:54.598673 [debug] [Thread-5 (]: Began running node test.olist_pipeline.unique_fact_reviews_review_key.24e8d8117f
[0m14:01:54.601415 [info ] [Thread-5 (]: 46 of 51 START test unique_fact_reviews_review_key ............................. [RUN]
[0m14:01:54.603716 [debug] [Thread-5 (]: Re-using an available connection from the pool (formerly test.olist_pipeline.unique_fact_order_items_order_item_key.5d58d5ebdc, now test.olist_pipeline.unique_fact_reviews_review_key.24e8d8117f)
[0m14:01:54.606068 [debug] [Thread-5 (]: Began compiling node test.olist_pipeline.unique_fact_reviews_review_key.24e8d8117f
[0m14:01:54.616014 [debug] [Thread-5 (]: Writing injected SQL for node "test.olist_pipeline.unique_fact_reviews_review_key.24e8d8117f"
[0m14:01:54.637584 [debug] [Thread-5 (]: Began executing node test.olist_pipeline.unique_fact_reviews_review_key.24e8d8117f
[0m14:01:54.641476 [debug] [Thread-5 (]: Writing runtime sql for node "test.olist_pipeline.unique_fact_reviews_review_key.24e8d8117f"
[0m14:01:54.661129 [debug] [Thread-5 (]: Using snowflake connection "test.olist_pipeline.unique_fact_reviews_review_key.24e8d8117f"
[0m14:01:54.663736 [debug] [Thread-5 (]: On test.olist_pipeline.unique_fact_reviews_review_key.24e8d8117f: select
      count(*) as failures,
      count(*) != 0 as should_warn,
      count(*) != 0 as should_error
    from (
      
    
  
    
    

select
    review_key as unique_field,
    count(*) as n_records

from PROJETO_OLIST_DB.ANALYTICS.fact_reviews
where review_key is not null
group by review_key
having count(*) > 1



  
  
      
    ) dbt_internal_test
/* {"app": "dbt", "dbt_version": "1.12.0", "profile_name": "olist_pipeline", "target_name": "dev", "node_id": "test.olist_pipeline.unique_fact_reviews_review_key.24e8d8117f"} */
[0m14:01:54.691173 [debug] [Thread-3 (]: SQL status: SUCCESS 1 in 0.313 seconds
[0m14:01:54.696627 [info ] [Thread-3 (]: 43 of 51 PASS unique_fact_orders_order_id ...................................... [[32mPASS[0m in 0.40s]
[0m14:01:54.700794 [debug] [Thread-3 (]: Finished running node test.olist_pipeline.unique_fact_orders_order_id.93a68b4064
[0m14:01:54.703763 [debug] [Thread-3 (]: Began running node test.olist_pipeline.unique_mart_late_delivery_features_order_id.7c041bf2c6
[0m14:01:54.706448 [info ] [Thread-3 (]: 47 of 51 START test unique_mart_late_delivery_features_order_id ................ [RUN]
[0m14:01:54.709880 [debug] [Thread-3 (]: Re-using an available connection from the pool (formerly test.olist_pipeline.unique_fact_orders_order_id.93a68b4064, now test.olist_pipeline.unique_mart_late_delivery_features_order_id.7c041bf2c6)
[0m14:01:54.712687 [debug] [Thread-3 (]: Began compiling node test.olist_pipeline.unique_mart_late_delivery_features_order_id.7c041bf2c6
[0m14:01:54.738699 [debug] [Thread-3 (]: Writing injected SQL for node "test.olist_pipeline.unique_mart_late_delivery_features_order_id.7c041bf2c6"
[0m14:01:54.763961 [debug] [Thread-3 (]: Began executing node test.olist_pipeline.unique_mart_late_delivery_features_order_id.7c041bf2c6
[0m14:01:54.771842 [debug] [Thread-3 (]: Writing runtime sql for node "test.olist_pipeline.unique_mart_late_delivery_features_order_id.7c041bf2c6"
[0m14:01:54.799863 [debug] [Thread-3 (]: Using snowflake connection "test.olist_pipeline.unique_mart_late_delivery_features_order_id.7c041bf2c6"
[0m14:01:54.805882 [debug] [Thread-3 (]: On test.olist_pipeline.unique_mart_late_delivery_features_order_id.7c041bf2c6: select
      count(*) as failures,
      count(*) != 0 as should_warn,
      count(*) != 0 as should_error
    from (
      
    
  
    
    

select
    order_id as unique_field,
    count(*) as n_records

from PROJETO_OLIST_DB.ANALYTICS.mart_late_delivery_features
where order_id is not null
group by order_id
having count(*) > 1



  
  
      
    ) dbt_internal_test
/* {"app": "dbt", "dbt_version": "1.12.0", "profile_name": "olist_pipeline", "target_name": "dev", "node_id": "test.olist_pipeline.unique_mart_late_delivery_features_order_id.7c041bf2c6"} */
[0m14:01:54.846629 [debug] [Thread-2 (]: SQL status: SUCCESS 1 in 0.284 seconds
[0m14:01:54.855573 [info ] [Thread-2 (]: 44 of 51 PASS unique_fact_orders_order_key ..................................... [[32mPASS[0m in 0.38s]
[0m14:01:54.860009 [debug] [Thread-2 (]: Finished running node test.olist_pipeline.unique_fact_orders_order_key.1d8f1532d5
[0m14:01:54.862007 [debug] [Thread-2 (]: Began running node test.olist_pipeline.unique_stg_customers_customer_id.c7614daada
[0m14:01:54.863872 [info ] [Thread-2 (]: 48 of 51 START test unique_stg_customers_customer_id ........................... [RUN]
[0m14:01:54.870849 [debug] [Thread-2 (]: Re-using an available connection from the pool (formerly test.olist_pipeline.unique_fact_orders_order_key.1d8f1532d5, now test.olist_pipeline.unique_stg_customers_customer_id.c7614daada)
[0m14:01:54.873886 [debug] [Thread-2 (]: Began compiling node test.olist_pipeline.unique_stg_customers_customer_id.c7614daada
[0m14:01:54.878406 [debug] [Thread-4 (]: SQL status: SUCCESS 1 in 0.295 seconds
[0m14:01:54.895921 [debug] [Thread-2 (]: Writing injected SQL for node "test.olist_pipeline.unique_stg_customers_customer_id.c7614daada"
[0m14:01:54.900710 [info ] [Thread-4 (]: 45 of 51 PASS unique_fact_payments_payment_key ................................. [[32mPASS[0m in 0.39s]
[0m14:01:54.911485 [debug] [Thread-4 (]: Finished running node test.olist_pipeline.unique_fact_payments_payment_key.1b952fa59e
[0m14:01:54.913985 [debug] [Thread-4 (]: Began running node test.olist_pipeline.unique_stg_orders_order_id.e3b841c71a
[0m14:01:54.916744 [info ] [Thread-4 (]: 49 of 51 START test unique_stg_orders_order_id ................................. [RUN]
[0m14:01:54.922525 [debug] [Thread-4 (]: Re-using an available connection from the pool (formerly test.olist_pipeline.unique_fact_payments_payment_key.1b952fa59e, now test.olist_pipeline.unique_stg_orders_order_id.e3b841c71a)
[0m14:01:54.925317 [debug] [Thread-4 (]: Began compiling node test.olist_pipeline.unique_stg_orders_order_id.e3b841c71a
[0m14:01:54.943042 [debug] [Thread-4 (]: Writing injected SQL for node "test.olist_pipeline.unique_stg_orders_order_id.e3b841c71a"
[0m14:01:54.943843 [debug] [Thread-2 (]: Began executing node test.olist_pipeline.unique_stg_customers_customer_id.c7614daada
[0m14:01:54.953026 [debug] [Thread-2 (]: Writing runtime sql for node "test.olist_pipeline.unique_stg_customers_customer_id.c7614daada"
[0m14:01:54.974923 [debug] [Thread-4 (]: Began executing node test.olist_pipeline.unique_stg_orders_order_id.e3b841c71a
[0m14:01:54.981252 [debug] [Thread-4 (]: Writing runtime sql for node "test.olist_pipeline.unique_stg_orders_order_id.e3b841c71a"
[0m14:01:54.987136 [debug] [Thread-2 (]: Using snowflake connection "test.olist_pipeline.unique_stg_customers_customer_id.c7614daada"
[0m14:01:54.989571 [debug] [Thread-2 (]: On test.olist_pipeline.unique_stg_customers_customer_id.c7614daada: select
      count(*) as failures,
      count(*) != 0 as should_warn,
      count(*) != 0 as should_error
    from (
      
    
  
    
    

select
    customer_id as unique_field,
    count(*) as n_records

from PROJETO_OLIST_DB.ANALYTICS.stg_customers
where customer_id is not null
group by customer_id
having count(*) > 1



  
  
      
    ) dbt_internal_test
/* {"app": "dbt", "dbt_version": "1.12.0", "profile_name": "olist_pipeline", "target_name": "dev", "node_id": "test.olist_pipeline.unique_stg_customers_customer_id.c7614daada"} */
[0m14:01:55.000429 [debug] [Thread-4 (]: Using snowflake connection "test.olist_pipeline.unique_stg_orders_order_id.e3b841c71a"
[0m14:01:55.003762 [debug] [Thread-4 (]: On test.olist_pipeline.unique_stg_orders_order_id.e3b841c71a: select
      count(*) as failures,
      count(*) != 0 as should_warn,
      count(*) != 0 as should_error
    from (
      
    
  
    
    

select
    order_id as unique_field,
    count(*) as n_records

from PROJETO_OLIST_DB.ANALYTICS.stg_orders
where order_id is not null
group by order_id
having count(*) > 1



  
  
      
    ) dbt_internal_test
/* {"app": "dbt", "dbt_version": "1.12.0", "profile_name": "olist_pipeline", "target_name": "dev", "node_id": "test.olist_pipeline.unique_stg_orders_order_id.e3b841c71a"} */
[0m14:01:55.109782 [debug] [Thread-3 (]: SQL status: SUCCESS 1 in 0.302 seconds
[0m14:01:55.114625 [info ] [Thread-3 (]: 47 of 51 PASS unique_mart_late_delivery_features_order_id ...................... [[32mPASS[0m in 0.41s]
[0m14:01:55.117718 [debug] [Thread-3 (]: Finished running node test.olist_pipeline.unique_mart_late_delivery_features_order_id.7c041bf2c6
[0m14:01:55.120920 [debug] [Thread-3 (]: Began running node test.olist_pipeline.unique_stg_products_product_id.7d950a1467
[0m14:01:55.124734 [info ] [Thread-3 (]: 50 of 51 START test unique_stg_products_product_id ............................. [RUN]
[0m14:01:55.127980 [debug] [Thread-3 (]: Re-using an available connection from the pool (formerly test.olist_pipeline.unique_mart_late_delivery_features_order_id.7c041bf2c6, now test.olist_pipeline.unique_stg_products_product_id.7d950a1467)
[0m14:01:55.130897 [debug] [Thread-3 (]: Began compiling node test.olist_pipeline.unique_stg_products_product_id.7d950a1467
[0m14:01:55.144304 [debug] [Thread-3 (]: Writing injected SQL for node "test.olist_pipeline.unique_stg_products_product_id.7d950a1467"
[0m14:01:55.147202 [debug] [Thread-5 (]: SQL status: SUCCESS 1 in 0.480 seconds
[0m14:01:55.153054 [info ] [Thread-5 (]: 46 of 51 PASS unique_fact_reviews_review_key ................................... [[32mPASS[0m in 0.55s]
[0m14:01:55.155908 [debug] [Thread-5 (]: Finished running node test.olist_pipeline.unique_fact_reviews_review_key.24e8d8117f
[0m14:01:55.157823 [debug] [Thread-5 (]: Began running node test.olist_pipeline.unique_stg_sellers_seller_id.cb2e34d4b8
[0m14:01:55.159543 [info ] [Thread-5 (]: 51 of 51 START test unique_stg_sellers_seller_id ............................... [RUN]
[0m14:01:55.161970 [debug] [Thread-5 (]: Re-using an available connection from the pool (formerly test.olist_pipeline.unique_fact_reviews_review_key.24e8d8117f, now test.olist_pipeline.unique_stg_sellers_seller_id.cb2e34d4b8)
[0m14:01:55.163988 [debug] [Thread-5 (]: Began compiling node test.olist_pipeline.unique_stg_sellers_seller_id.cb2e34d4b8
[0m14:01:55.165387 [debug] [Thread-3 (]: Began executing node test.olist_pipeline.unique_stg_products_product_id.7d950a1467
[0m14:01:55.175909 [debug] [Thread-5 (]: Writing injected SQL for node "test.olist_pipeline.unique_stg_sellers_seller_id.cb2e34d4b8"
[0m14:01:55.180162 [debug] [Thread-3 (]: Writing runtime sql for node "test.olist_pipeline.unique_stg_products_product_id.7d950a1467"
[0m14:01:55.200659 [debug] [Thread-5 (]: Began executing node test.olist_pipeline.unique_stg_sellers_seller_id.cb2e34d4b8
[0m14:01:55.202488 [debug] [Thread-3 (]: Using snowflake connection "test.olist_pipeline.unique_stg_products_product_id.7d950a1467"
[0m14:01:55.205850 [debug] [Thread-5 (]: Writing runtime sql for node "test.olist_pipeline.unique_stg_sellers_seller_id.cb2e34d4b8"
[0m14:01:55.208363 [debug] [Thread-3 (]: On test.olist_pipeline.unique_stg_products_product_id.7d950a1467: select
      count(*) as failures,
      count(*) != 0 as should_warn,
      count(*) != 0 as should_error
    from (
      
    
  
    
    

select
    product_id as unique_field,
    count(*) as n_records

from PROJETO_OLIST_DB.ANALYTICS.stg_products
where product_id is not null
group by product_id
having count(*) > 1



  
  
      
    ) dbt_internal_test
/* {"app": "dbt", "dbt_version": "1.12.0", "profile_name": "olist_pipeline", "target_name": "dev", "node_id": "test.olist_pipeline.unique_stg_products_product_id.7d950a1467"} */
[0m14:01:55.227315 [debug] [Thread-5 (]: Using snowflake connection "test.olist_pipeline.unique_stg_sellers_seller_id.cb2e34d4b8"
[0m14:01:55.230132 [debug] [Thread-5 (]: On test.olist_pipeline.unique_stg_sellers_seller_id.cb2e34d4b8: select
      count(*) as failures,
      count(*) != 0 as should_warn,
      count(*) != 0 as should_error
    from (
      
    
  
    
    

select
    seller_id as unique_field,
    count(*) as n_records

from PROJETO_OLIST_DB.ANALYTICS.stg_sellers
where seller_id is not null
group by seller_id
having count(*) > 1



  
  
      
    ) dbt_internal_test
/* {"app": "dbt", "dbt_version": "1.12.0", "profile_name": "olist_pipeline", "target_name": "dev", "node_id": "test.olist_pipeline.unique_stg_sellers_seller_id.cb2e34d4b8"} */
[0m14:01:55.329293 [debug] [Thread-2 (]: SQL status: SUCCESS 1 in 0.338 seconds
[0m14:01:55.336181 [info ] [Thread-2 (]: 48 of 51 PASS unique_stg_customers_customer_id ................................. [[32mPASS[0m in 0.47s]
[0m14:01:55.339198 [debug] [Thread-2 (]: Finished running node test.olist_pipeline.unique_stg_customers_customer_id.c7614daada
[0m14:01:55.397241 [debug] [Thread-4 (]: SQL status: SUCCESS 1 in 0.391 seconds
[0m14:01:55.403905 [info ] [Thread-4 (]: 49 of 51 PASS unique_stg_orders_order_id ....................................... [[32mPASS[0m in 0.48s]
[0m14:01:55.407712 [debug] [Thread-4 (]: Finished running node test.olist_pipeline.unique_stg_orders_order_id.e3b841c71a
[0m14:01:55.531955 [debug] [Thread-3 (]: SQL status: SUCCESS 1 in 0.320 seconds
[0m14:01:55.537389 [info ] [Thread-3 (]: 50 of 51 PASS unique_stg_products_product_id ................................... [[32mPASS[0m in 0.41s]
[0m14:01:55.542803 [debug] [Thread-3 (]: Finished running node test.olist_pipeline.unique_stg_products_product_id.7d950a1467
[0m14:01:55.545968 [debug] [Thread-5 (]: SQL status: SUCCESS 1 in 0.314 seconds
[0m14:01:55.557209 [info ] [Thread-5 (]: 51 of 51 PASS unique_stg_sellers_seller_id ..................................... [[32mPASS[0m in 0.40s]
[0m14:01:55.560263 [debug] [Thread-5 (]: Finished running node test.olist_pipeline.unique_stg_sellers_seller_id.cb2e34d4b8
[0m14:01:55.566180 [debug] [MainThread]: Connection 'master' was properly closed.
[0m14:01:55.569313 [debug] [MainThread]: Connection 'test.olist_pipeline.unique_stg_customers_customer_id.c7614daada' was left open.
[0m14:01:55.572267 [debug] [MainThread]: On test.olist_pipeline.unique_stg_customers_customer_id.c7614daada: Close
[0m14:01:56.096614 [debug] [MainThread]: Connection 'test.olist_pipeline.unique_stg_products_product_id.7d950a1467' was left open.
[0m14:01:56.099233 [debug] [MainThread]: On test.olist_pipeline.unique_stg_products_product_id.7d950a1467: Close
[0m14:01:56.603895 [debug] [MainThread]: Connection 'test.olist_pipeline.unique_stg_orders_order_id.e3b841c71a' was left open.
[0m14:01:56.622058 [debug] [MainThread]: On test.olist_pipeline.unique_stg_orders_order_id.e3b841c71a: Close
[0m14:01:57.161395 [debug] [MainThread]: Connection 'test.olist_pipeline.unique_stg_sellers_seller_id.cb2e34d4b8' was left open.
[0m14:01:57.165440 [debug] [MainThread]: On test.olist_pipeline.unique_stg_sellers_seller_id.cb2e34d4b8: Close
[0m14:01:57.710545 [info ] [MainThread]: 
[0m14:01:57.717109 [info ] [MainThread]: Finished running 51 data tests in 0 hours 0 minutes and 10.80 seconds (10.80s).
[0m14:01:57.766769 [debug] [MainThread]: Command end result
[0m14:01:58.275072 [debug] [MainThread]: Wrote artifact WritableManifest to /work/dbt/olist_pipeline/target/manifest.json
[0m14:01:58.316484 [debug] [MainThread]: Wrote artifact SemanticManifest to /work/dbt/olist_pipeline/target/semantic_manifest.json
[0m14:01:58.346226 [debug] [MainThread]: Wrote artifact OsiDocument to /work/dbt/olist_pipeline/target/osi_document.json
[0m14:01:58.394026 [debug] [MainThread]: Wrote artifact RunExecutionResult to /work/dbt/olist_pipeline/target/run_results.json
[0m14:01:58.396318 [info ] [MainThread]: 
[0m14:01:58.398832 [info ] [MainThread]: [32mCompleted successfully[0m
[0m14:01:58.401249 [info ] [MainThread]: 
[0m14:01:58.404999 [info ] [MainThread]: Done. PASS=51 WARN=0 ERROR=0 SKIP=0 NO-OP=0 REUSED=0 TOTAL=51
[0m14:01:58.410106 [debug] [MainThread]: Resource report: {"command_name": "test", "command_success": true, "command_wall_clock_time": 15.108836, "process_in_blocks": "0", "process_kernel_time": 1.081633, "process_mem_max_rss": "178828", "process_out_blocks": "24", "process_user_time": 6.733372}
[0m14:01:58.412808 [debug] [MainThread]: Command `dbt test` succeeded at 14:01:58.412560 after 15.11 seconds
[0m14:01:58.414952 [debug] [MainThread]: Sending event: {'category': 'dbt', 'action': 'invocation', 'label': 'end', 'context': [<snowplow_tracker.self_describing_json.SelfDescribingJson object at 0x74e6e0d2f350>, <snowplow_tracker.self_describing_json.SelfDescribingJson object at 0x74e6e0af96d0>, <snowplow_tracker.self_describing_json.SelfDescribingJson object at 0x74e6e0c019d0>]}
[0m14:01:58.419010 [debug] [MainThread]: Flushing usage events
[0m14:01:59.162477 [debug] [MainThread]: An error was encountered while trying to flush usage events
[0m14:10:28.259893 [debug] [MainThread]: Sending event: {'category': 'dbt', 'action': 'invocation', 'label': 'start', 'context': [<snowplow_tracker.self_describing_json.SelfDescribingJson object at 0x79475c4bc1d0>, <snowplow_tracker.self_describing_json.SelfDescribingJson object at 0x79475c4339d0>, <snowplow_tracker.self_describing_json.SelfDescribingJson object at 0x79475c67a690>]}


============================== 14:10:28.278346 | 7fc4da97-6cfa-425a-98a3-5c762ae15082 ==============================
[0m14:10:28.278346 [info ] [MainThread]: Running with dbt=1.12.0
[0m14:10:28.281053 [debug] [MainThread]: running dbt with arguments {'log_format': 'default', 'empty': 'False', 'indirect_selection': 'eager', 'printer_width': '80', 'quiet': 'False', 'warn_error_options': 'WarnErrorOptionsV2(error=[], warn=[], silence=[])', 'maximum_seed_size_mib': '1', 'cache_selected_only': 'False', 'log_path': '/work/dbt/olist_pipeline/logs', 'debug': 'False', 'version_check': 'True', 'target_path': 'None', 'use_colors': 'True', 'warn_error': 'None', 'hints_enabled': 'True', 'partial_parse': 'True', 'introspect': 'True', 'use_experimental_parser': 'False', 'no_print': 'None', 'profiles_dir': '.', 'send_anonymous_usage_stats': 'True', 'static_parser': 'True', 'invocation_command': 'dbt run --select stg_ml_predictions mart_ml_results --profiles-dir .', 'write_json': 'True', 'log_cache_events': 'False', 'fail_fast': 'False'}
[0m14:10:28.750708 [debug] [MainThread]: Snowflake adapter: Setting snowflake.connector to ERROR (file logging only)
[0m14:10:28.753757 [debug] [MainThread]: Snowflake adapter: Setting botocore to ERROR (file logging only)
[0m14:10:28.757055 [debug] [MainThread]: Snowflake adapter: Setting boto3 to ERROR (file logging only)
[0m14:10:29.074382 [debug] [MainThread]: Sending event: {'category': 'dbt', 'action': 'project_id', 'label': '7fc4da97-6cfa-425a-98a3-5c762ae15082', 'context': [<snowplow_tracker.self_describing_json.SelfDescribingJson object at 0x79475975ff50>]}
[0m14:10:29.185124 [debug] [MainThread]: Sending event: {'category': 'dbt', 'action': 'adapter_info', 'label': '7fc4da97-6cfa-425a-98a3-5c762ae15082', 'context': [<snowplow_tracker.self_describing_json.SelfDescribingJson object at 0x79475d76a310>]}
[0m14:10:29.190571 [info ] [MainThread]: Registered adapter: snowflake=1.12.0
[0m14:10:29.387646 [debug] [MainThread]: checksum: 5029ac201ca95621a3c13f11212ebb88f023f43e83ad2fd6641dd4f215921ae1, vars: {}, profile: olist_pipeline, target: dev, version: 1.12.0
[0m14:10:31.306316 [debug] [MainThread]: Partial parsing enabled: 0 files deleted, 0 files added, 0 files changed.
[0m14:10:31.307767 [debug] [MainThread]: Nothing changed, skipping partial parsing.
[0m14:10:31.309193 [debug] [MainThread]: Partial parsing enabled, no changes found, skipping parsing
[0m14:10:31.328290 [debug] [MainThread]: Sending event: {'category': 'dbt', 'action': 'load_project', 'label': '7fc4da97-6cfa-425a-98a3-5c762ae15082', 'context': [<snowplow_tracker.self_describing_json.SelfDescribingJson object at 0x79475938dad0>]}
[0m14:10:31.664432 [debug] [MainThread]: Wrote artifact WritableManifest to /work/dbt/olist_pipeline/target/manifest.json
[0m14:10:31.676955 [debug] [MainThread]: Wrote artifact SemanticManifest to /work/dbt/olist_pipeline/target/semantic_manifest.json
[0m14:10:31.706267 [debug] [MainThread]: Wrote artifact OsiDocument to /work/dbt/olist_pipeline/target/osi_document.json
[0m14:10:31.746079 [debug] [MainThread]: Sending event: {'category': 'dbt', 'action': 'resource_counts', 'label': '7fc4da97-6cfa-425a-98a3-5c762ae15082', 'context': [<snowplow_tracker.self_describing_json.SelfDescribingJson object at 0x7947597bded0>]}
[0m14:10:31.749869 [info ] [MainThread]: Found 23 models, 51 data tests, 10 sources, 661 macros
[0m14:10:31.752297 [debug] [MainThread]: Sending event: {'category': 'dbt', 'action': 'runnable_timing', 'label': '7fc4da97-6cfa-425a-98a3-5c762ae15082', 'context': [<snowplow_tracker.self_describing_json.SelfDescribingJson object at 0x79475c4c7d90>]}
[0m14:10:31.758356 [info ] [MainThread]: 
[0m14:10:31.760708 [info ] [MainThread]: Concurrency: 4 threads (target='dev')
[0m14:10:31.763263 [info ] [MainThread]: 
[0m14:10:31.765776 [debug] [MainThread]: Acquiring new snowflake connection 'master'
[0m14:10:31.773209 [debug] [ThreadPool]: Acquiring new snowflake connection 'list_PROJETO_OLIST_DB'
[0m14:10:31.794588 [debug] [ThreadPool]: Using snowflake connection "list_PROJETO_OLIST_DB"
[0m14:10:31.797311 [debug] [ThreadPool]: On list_PROJETO_OLIST_DB: show terse schemas in database PROJETO_OLIST_DB
    limit 10000
/* {"app": "dbt", "dbt_version": "1.12.0", "profile_name": "olist_pipeline", "target_name": "dev", "connection_name": "list_PROJETO_OLIST_DB"} */
[0m14:10:31.799274 [debug] [ThreadPool]: Opening a new connection, currently in state init
[0m14:10:35.119513 [debug] [ThreadPool]: SQL status: SUCCESS 5 in 3.320 seconds
[0m14:10:35.125812 [debug] [ThreadPool]: Re-using an available connection from the pool (formerly list_PROJETO_OLIST_DB, now list_PROJETO_OLIST_DB_ANALYTICS)
[0m14:10:35.139853 [debug] [ThreadPool]: Using snowflake connection "list_PROJETO_OLIST_DB_ANALYTICS"
[0m14:10:35.142195 [debug] [ThreadPool]: On list_PROJETO_OLIST_DB_ANALYTICS: show objects in PROJETO_OLIST_DB.ANALYTICS
    limit 10000
    

/* {"app": "dbt", "dbt_version": "1.12.0", "profile_name": "olist_pipeline", "target_name": "dev", "connection_name": "list_PROJETO_OLIST_DB_ANALYTICS"} */;
[0m14:10:35.505106 [debug] [ThreadPool]: SQL status: SUCCESS 23 in 0.362 seconds
[0m14:10:35.515948 [debug] [ThreadPool]: Using snowflake connection "list_PROJETO_OLIST_DB_ANALYTICS"
[0m14:10:35.518106 [debug] [ThreadPool]: On list_PROJETO_OLIST_DB_ANALYTICS: show user functions in PROJETO_OLIST_DB.ANALYTICS
/* {"app": "dbt", "dbt_version": "1.12.0", "profile_name": "olist_pipeline", "target_name": "dev", "connection_name": "list_PROJETO_OLIST_DB_ANALYTICS"} */
[0m14:10:35.796403 [debug] [ThreadPool]: SQL status: SUCCESS 0 in 0.277 seconds
[0m14:10:35.807332 [debug] [MainThread]: Sending event: {'category': 'dbt', 'action': 'runnable_timing', 'label': '7fc4da97-6cfa-425a-98a3-5c762ae15082', 'context': [<snowplow_tracker.self_describing_json.SelfDescribingJson object at 0x7947595a6590>]}
[0m14:10:35.821931 [debug] [Thread-2 (]: Began running node model.olist_pipeline.stg_ml_predictions
[0m14:10:35.824727 [info ] [Thread-2 (]: 1 of 2 START sql view model ANALYTICS.stg_ml_predictions ....................... [RUN]
[0m14:10:35.826969 [debug] [Thread-2 (]: Re-using an available connection from the pool (formerly list_PROJETO_OLIST_DB_ANALYTICS, now model.olist_pipeline.stg_ml_predictions)
[0m14:10:35.829731 [debug] [Thread-2 (]: Began compiling node model.olist_pipeline.stg_ml_predictions
[0m14:10:35.837497 [debug] [Thread-2 (]: Writing injected SQL for node "model.olist_pipeline.stg_ml_predictions"
[0m14:10:35.850996 [debug] [Thread-2 (]: Began executing node model.olist_pipeline.stg_ml_predictions
[0m14:10:35.885219 [debug] [Thread-2 (]: Writing runtime sql for node "model.olist_pipeline.stg_ml_predictions"
[0m14:10:35.899987 [debug] [Thread-2 (]: Using snowflake connection "model.olist_pipeline.stg_ml_predictions"
[0m14:10:35.901629 [debug] [Thread-2 (]: On model.olist_pipeline.stg_ml_predictions: create or replace   view PROJETO_OLIST_DB.ANALYTICS.stg_ml_predictions
  
  
  
  
  as (
    with source as (
    select * from PROJETO_OLIST_DB.RAW.ml_predictions
)

select
    order_id,
    true_label,
    predicted_label_hardcode,
    predicted_label_sklearn,
    model_version,
    predicted_at
from source
  )
/* {"app": "dbt", "dbt_version": "1.12.0", "profile_name": "olist_pipeline", "target_name": "dev", "node_id": "model.olist_pipeline.stg_ml_predictions"} */;
[0m14:10:36.556283 [debug] [Thread-2 (]: SQL status: SUCCESS 1 in 0.653 seconds
[0m14:10:36.587967 [debug] [Thread-2 (]: Sending event: {'category': 'dbt', 'action': 'run_model', 'label': '7fc4da97-6cfa-425a-98a3-5c762ae15082', 'context': [<snowplow_tracker.self_describing_json.SelfDescribingJson object at 0x794759707790>]}
[0m14:10:36.590254 [info ] [Thread-2 (]: 1 of 2 OK created sql view model ANALYTICS.stg_ml_predictions .................. [[32mSUCCESS 1[0m in 0.76s]
[0m14:10:36.593390 [debug] [Thread-2 (]: Finished running node model.olist_pipeline.stg_ml_predictions
[0m14:10:36.596698 [debug] [Thread-4 (]: Began running node model.olist_pipeline.mart_ml_results
[0m14:10:36.599086 [info ] [Thread-4 (]: 2 of 2 START sql table model ANALYTICS.mart_ml_results ......................... [RUN]
[0m14:10:36.601771 [debug] [Thread-4 (]: Acquiring new snowflake connection 'model.olist_pipeline.mart_ml_results'
[0m14:10:36.606492 [debug] [Thread-4 (]: Began compiling node model.olist_pipeline.mart_ml_results
[0m14:10:36.619430 [debug] [Thread-4 (]: Writing injected SQL for node "model.olist_pipeline.mart_ml_results"
[0m14:10:36.638989 [debug] [Thread-4 (]: Began executing node model.olist_pipeline.mart_ml_results
[0m14:10:36.672137 [debug] [Thread-4 (]: Writing runtime sql for node "model.olist_pipeline.mart_ml_results"
[0m14:10:36.688475 [debug] [Thread-4 (]: Using snowflake connection "model.olist_pipeline.mart_ml_results"
[0m14:10:36.690629 [debug] [Thread-4 (]: On model.olist_pipeline.mart_ml_results: create or replace transient table PROJETO_OLIST_DB.ANALYTICS.mart_ml_results
    
    
    
    
    

    as (-- Predições do conjunto de teste (hard-code vs. sklearn) prontas para o dashboard e para a
-- análise de acertos/erros pedida na avaliação qualitativa (docs/avaliacao.md).

with predictions as (
    select * from PROJETO_OLIST_DB.ANALYTICS.stg_ml_predictions
),

orders as (
    select * from PROJETO_OLIST_DB.ANALYTICS.fact_orders
),

customers as (
    select * from PROJETO_OLIST_DB.ANALYTICS.dim_customers
)

select
    predictions.order_id,
    predictions.true_label,
    predictions.predicted_label_hardcode,
    predictions.predicted_label_sklearn,
    predictions.model_version,
    predictions.predicted_at,
    (predictions.true_label = predictions.predicted_label_hardcode) as hardcode_correct,
    (predictions.true_label = predictions.predicted_label_sklearn) as sklearn_correct,
    customers.state as customer_state
from predictions
left join orders on predictions.order_id = orders.order_id
left join customers on orders.customer_key = customers.customer_key
    )

/* {"app": "dbt", "dbt_version": "1.12.0", "profile_name": "olist_pipeline", "target_name": "dev", "node_id": "model.olist_pipeline.mart_ml_results"} */;
[0m14:10:36.693153 [debug] [Thread-4 (]: Opening a new connection, currently in state init
[0m14:10:40.430886 [debug] [Thread-4 (]: SQL status: SUCCESS 19193 in 3.737 seconds
[0m14:10:40.444662 [debug] [Thread-4 (]: Sending event: {'category': 'dbt', 'action': 'run_model', 'label': '7fc4da97-6cfa-425a-98a3-5c762ae15082', 'context': [<snowplow_tracker.self_describing_json.SelfDescribingJson object at 0x794758dfd790>]}
[0m14:10:40.454320 [info ] [Thread-4 (]: 2 of 2 OK created sql table model ANALYTICS.mart_ml_results .................... [[32mSUCCESS 19193[0m in 3.84s]
[0m14:10:40.460266 [debug] [Thread-4 (]: Finished running node model.olist_pipeline.mart_ml_results
[0m14:10:40.471009 [debug] [MainThread]: Connection 'master' was properly closed.
[0m14:10:40.473511 [debug] [MainThread]: Connection 'model.olist_pipeline.stg_ml_predictions' was left open.
[0m14:10:40.476007 [debug] [MainThread]: On model.olist_pipeline.stg_ml_predictions: Close
[0m14:10:41.118613 [debug] [MainThread]: Connection 'model.olist_pipeline.mart_ml_results' was left open.
[0m14:10:41.122138 [debug] [MainThread]: On model.olist_pipeline.mart_ml_results: Close
[0m14:10:41.649317 [info ] [MainThread]: 
[0m14:10:41.651792 [info ] [MainThread]: Finished running 1 table model, 1 view model in 0 hours 0 minutes and 9.88 seconds (9.88s).
[0m14:10:41.654400 [debug] [MainThread]: Command end result
[0m14:10:41.817504 [debug] [MainThread]: Wrote artifact WritableManifest to /work/dbt/olist_pipeline/target/manifest.json
[0m14:10:41.832923 [debug] [MainThread]: Wrote artifact SemanticManifest to /work/dbt/olist_pipeline/target/semantic_manifest.json
[0m14:10:41.849746 [debug] [MainThread]: Wrote artifact OsiDocument to /work/dbt/olist_pipeline/target/osi_document.json
[0m14:10:41.877823 [debug] [MainThread]: Wrote artifact RunExecutionResult to /work/dbt/olist_pipeline/target/run_results.json
[0m14:10:41.881043 [info ] [MainThread]: 
[0m14:10:41.883620 [info ] [MainThread]: [32mCompleted successfully[0m
[0m14:10:41.885535 [info ] [MainThread]: 
[0m14:10:41.887618 [info ] [MainThread]: Done. PASS=2 WARN=0 ERROR=0 SKIP=0 NO-OP=0 REUSED=0 TOTAL=2
[0m14:10:41.892946 [debug] [MainThread]: Resource report: {"command_name": "run", "command_success": true, "command_wall_clock_time": 13.834425, "process_in_blocks": "0", "process_kernel_time": 1.118441, "process_mem_max_rss": "174348", "process_out_blocks": "8488", "process_user_time": 5.199351}
[0m14:10:41.898540 [debug] [MainThread]: Command `dbt run` succeeded at 14:10:41.898165 after 13.84 seconds
[0m14:10:41.901149 [debug] [MainThread]: Sending event: {'category': 'dbt', 'action': 'invocation', 'label': 'end', 'context': [<snowplow_tracker.self_describing_json.SelfDescribingJson object at 0x79475c678e90>, <snowplow_tracker.self_describing_json.SelfDescribingJson object at 0x79475c4d7c10>, <snowplow_tracker.self_describing_json.SelfDescribingJson object at 0x79475c4c6d10>]}
[0m14:10:41.903058 [debug] [MainThread]: Flushing usage events
[0m14:10:42.662080 [debug] [MainThread]: An error was encountered while trying to flush usage events
[0m14:10:48.995656 [debug] [MainThread]: Sending event: {'category': 'dbt', 'action': 'invocation', 'label': 'start', 'context': [<snowplow_tracker.self_describing_json.SelfDescribingJson object at 0x7c2417a71f10>, <snowplow_tracker.self_describing_json.SelfDescribingJson object at 0x7c2417a81dd0>, <snowplow_tracker.self_describing_json.SelfDescribingJson object at 0x7c241794a190>]}


============================== 14:10:49.002061 | 5aebda27-734e-487c-964c-daa360a83d3e ==============================
[0m14:10:49.002061 [info ] [MainThread]: Running with dbt=1.12.0
[0m14:10:49.007984 [debug] [MainThread]: running dbt with arguments {'write_json': 'True', 'printer_width': '80', 'send_anonymous_usage_stats': 'True', 'quiet': 'False', 'maximum_seed_size_mib': '1', 'no_print': 'None', 'use_experimental_parser': 'False', 'profiles_dir': '.', 'use_colors': 'True', 'warn_error': 'None', 'empty': 'None', 'fail_fast': 'False', 'version_check': 'True', 'log_path': '/work/dbt/olist_pipeline/logs', 'static_parser': 'True', 'warn_error_options': 'WarnErrorOptionsV2(error=[], warn=[], silence=[])', 'log_format': 'default', 'invocation_command': 'dbt test --select stg_ml_predictions mart_ml_results --profiles-dir .', 'introspect': 'True', 'cache_selected_only': 'False', 'log_cache_events': 'False', 'indirect_selection': 'eager', 'partial_parse': 'True', 'hints_enabled': 'True', 'target_path': 'None', 'debug': 'False'}
[0m14:10:49.759468 [debug] [MainThread]: Snowflake adapter: Setting snowflake.connector to ERROR (file logging only)
[0m14:10:49.761768 [debug] [MainThread]: Snowflake adapter: Setting botocore to ERROR (file logging only)
[0m14:10:49.764127 [debug] [MainThread]: Snowflake adapter: Setting boto3 to ERROR (file logging only)
[0m14:10:50.291625 [debug] [MainThread]: Sending event: {'category': 'dbt', 'action': 'project_id', 'label': '5aebda27-734e-487c-964c-daa360a83d3e', 'context': [<snowplow_tracker.self_describing_json.SelfDescribingJson object at 0x7c2414e766d0>]}
[0m14:10:50.434129 [debug] [MainThread]: Sending event: {'category': 'dbt', 'action': 'adapter_info', 'label': '5aebda27-734e-487c-964c-daa360a83d3e', 'context': [<snowplow_tracker.self_describing_json.SelfDescribingJson object at 0x7c2418ea5910>]}
[0m14:10:50.438654 [info ] [MainThread]: Registered adapter: snowflake=1.12.0
[0m14:10:50.691407 [debug] [MainThread]: checksum: 5029ac201ca95621a3c13f11212ebb88f023f43e83ad2fd6641dd4f215921ae1, vars: {}, profile: olist_pipeline, target: dev, version: 1.12.0
[0m14:10:53.152529 [debug] [MainThread]: Partial parsing enabled: 0 files deleted, 0 files added, 0 files changed.
[0m14:10:53.155139 [debug] [MainThread]: Nothing changed, skipping partial parsing.
[0m14:10:53.157502 [debug] [MainThread]: Partial parsing enabled, no changes found, skipping parsing
[0m14:10:53.176988 [debug] [MainThread]: Sending event: {'category': 'dbt', 'action': 'load_project', 'label': '5aebda27-734e-487c-964c-daa360a83d3e', 'context': [<snowplow_tracker.self_describing_json.SelfDescribingJson object at 0x7c2414d2f7d0>]}
[0m14:10:53.897113 [debug] [MainThread]: Wrote artifact WritableManifest to /work/dbt/olist_pipeline/target/manifest.json
[0m14:10:53.916567 [debug] [MainThread]: Wrote artifact SemanticManifest to /work/dbt/olist_pipeline/target/semantic_manifest.json
[0m14:10:53.954590 [debug] [MainThread]: Wrote artifact OsiDocument to /work/dbt/olist_pipeline/target/osi_document.json
[0m14:10:54.012594 [debug] [MainThread]: Sending event: {'category': 'dbt', 'action': 'resource_counts', 'label': '5aebda27-734e-487c-964c-daa360a83d3e', 'context': [<snowplow_tracker.self_describing_json.SelfDescribingJson object at 0x7c24148f8f90>]}
[0m14:10:54.015496 [info ] [MainThread]: Found 23 models, 51 data tests, 10 sources, 661 macros
[0m14:10:54.018134 [debug] [MainThread]: Sending event: {'category': 'dbt', 'action': 'runnable_timing', 'label': '5aebda27-734e-487c-964c-daa360a83d3e', 'context': [<snowplow_tracker.self_describing_json.SelfDescribingJson object at 0x7c2414cb34d0>]}
[0m14:10:54.023832 [info ] [MainThread]: 
[0m14:10:54.025906 [info ] [MainThread]: Concurrency: 4 threads (target='dev')
[0m14:10:54.029084 [info ] [MainThread]: 
[0m14:10:54.032021 [debug] [MainThread]: Acquiring new snowflake connection 'master'
[0m14:10:54.043690 [debug] [ThreadPool]: Acquiring new snowflake connection 'list_PROJETO_OLIST_DB_ANALYTICS'
[0m14:10:54.078941 [debug] [ThreadPool]: Using snowflake connection "list_PROJETO_OLIST_DB_ANALYTICS"
[0m14:10:54.081470 [debug] [ThreadPool]: On list_PROJETO_OLIST_DB_ANALYTICS: show objects in PROJETO_OLIST_DB.ANALYTICS
    limit 10000
    

/* {"app": "dbt", "dbt_version": "1.12.0", "profile_name": "olist_pipeline", "target_name": "dev", "connection_name": "list_PROJETO_OLIST_DB_ANALYTICS"} */;
[0m14:10:54.083155 [debug] [ThreadPool]: Opening a new connection, currently in state init
[0m14:10:56.073310 [debug] [ThreadPool]: SQL status: SUCCESS 23 in 1.937 seconds
[0m14:10:56.086829 [debug] [ThreadPool]: Using snowflake connection "list_PROJETO_OLIST_DB_ANALYTICS"
[0m14:10:56.090794 [debug] [ThreadPool]: On list_PROJETO_OLIST_DB_ANALYTICS: show user functions in PROJETO_OLIST_DB.ANALYTICS
/* {"app": "dbt", "dbt_version": "1.12.0", "profile_name": "olist_pipeline", "target_name": "dev", "connection_name": "list_PROJETO_OLIST_DB_ANALYTICS"} */
[0m14:10:56.428739 [debug] [ThreadPool]: SQL status: SUCCESS 0 in 0.336 seconds
[0m14:10:56.438563 [debug] [MainThread]: Sending event: {'category': 'dbt', 'action': 'runnable_timing', 'label': '5aebda27-734e-487c-964c-daa360a83d3e', 'context': [<snowplow_tracker.self_describing_json.SelfDescribingJson object at 0x7c2414735790>]}
[0m14:10:56.449436 [debug] [Thread-2 (]: Began running node test.olist_pipeline.accepted_values_mart_ml_results_true_label__on_time__late.7772cee9b4
[0m14:10:56.450538 [debug] [Thread-3 (]: Began running node test.olist_pipeline.not_null_mart_ml_results_order_id.e439aebedd
[0m14:10:56.451970 [debug] [Thread-4 (]: Began running node test.olist_pipeline.not_null_stg_ml_predictions_order_id.27fe487bc9
[0m14:10:56.454088 [info ] [Thread-2 (]: 1 of 3 START test accepted_values_mart_ml_results_true_label__on_time__late .... [RUN]
[0m14:10:56.457070 [info ] [Thread-3 (]: 2 of 3 START test not_null_mart_ml_results_order_id ............................ [RUN]
[0m14:10:56.459931 [info ] [Thread-4 (]: 3 of 3 START test not_null_stg_ml_predictions_order_id ......................... [RUN]
[0m14:10:56.466755 [debug] [Thread-2 (]: Re-using an available connection from the pool (formerly list_PROJETO_OLIST_DB_ANALYTICS, now test.olist_pipeline.accepted_values_mart_ml_results_true_label__on_time__late.7772cee9b4)
[0m14:10:56.472676 [debug] [Thread-3 (]: Acquiring new snowflake connection 'test.olist_pipeline.not_null_mart_ml_results_order_id.e439aebedd'
[0m14:10:56.476065 [debug] [Thread-4 (]: Acquiring new snowflake connection 'test.olist_pipeline.not_null_stg_ml_predictions_order_id.27fe487bc9'
[0m14:10:56.480155 [debug] [Thread-2 (]: Began compiling node test.olist_pipeline.accepted_values_mart_ml_results_true_label__on_time__late.7772cee9b4
[0m14:10:56.483875 [debug] [Thread-3 (]: Began compiling node test.olist_pipeline.not_null_mart_ml_results_order_id.e439aebedd
[0m14:10:56.486499 [debug] [Thread-4 (]: Began compiling node test.olist_pipeline.not_null_stg_ml_predictions_order_id.27fe487bc9
[0m14:10:56.555597 [debug] [Thread-2 (]: Writing injected SQL for node "test.olist_pipeline.accepted_values_mart_ml_results_true_label__on_time__late.7772cee9b4"
[0m14:10:56.563535 [debug] [Thread-3 (]: Writing injected SQL for node "test.olist_pipeline.not_null_mart_ml_results_order_id.e439aebedd"
[0m14:10:56.580744 [debug] [Thread-4 (]: Writing injected SQL for node "test.olist_pipeline.not_null_stg_ml_predictions_order_id.27fe487bc9"
[0m14:10:56.597374 [debug] [Thread-2 (]: Began executing node test.olist_pipeline.accepted_values_mart_ml_results_true_label__on_time__late.7772cee9b4
[0m14:10:56.598270 [debug] [Thread-4 (]: Began executing node test.olist_pipeline.not_null_stg_ml_predictions_order_id.27fe487bc9
[0m14:10:56.599094 [debug] [Thread-3 (]: Began executing node test.olist_pipeline.not_null_mart_ml_results_order_id.e439aebedd
[0m14:10:56.665729 [debug] [Thread-4 (]: Writing runtime sql for node "test.olist_pipeline.not_null_stg_ml_predictions_order_id.27fe487bc9"
[0m14:10:56.667562 [debug] [Thread-2 (]: Writing runtime sql for node "test.olist_pipeline.accepted_values_mart_ml_results_true_label__on_time__late.7772cee9b4"
[0m14:10:56.672105 [debug] [Thread-3 (]: Writing runtime sql for node "test.olist_pipeline.not_null_mart_ml_results_order_id.e439aebedd"
[0m14:10:56.689358 [debug] [Thread-3 (]: Using snowflake connection "test.olist_pipeline.not_null_mart_ml_results_order_id.e439aebedd"
[0m14:10:56.691073 [debug] [Thread-4 (]: Using snowflake connection "test.olist_pipeline.not_null_stg_ml_predictions_order_id.27fe487bc9"
[0m14:10:56.692973 [debug] [Thread-2 (]: Using snowflake connection "test.olist_pipeline.accepted_values_mart_ml_results_true_label__on_time__late.7772cee9b4"
[0m14:10:56.695807 [debug] [Thread-3 (]: On test.olist_pipeline.not_null_mart_ml_results_order_id.e439aebedd: select
      count(*) as failures,
      count(*) != 0 as should_warn,
      count(*) != 0 as should_error
    from (
      
    
  
    
    



select order_id
from PROJETO_OLIST_DB.ANALYTICS.mart_ml_results
where order_id is null



  
  
      
    ) dbt_internal_test
/* {"app": "dbt", "dbt_version": "1.12.0", "profile_name": "olist_pipeline", "target_name": "dev", "node_id": "test.olist_pipeline.not_null_mart_ml_results_order_id.e439aebedd"} */
[0m14:10:56.699451 [debug] [Thread-4 (]: On test.olist_pipeline.not_null_stg_ml_predictions_order_id.27fe487bc9: select
      count(*) as failures,
      count(*) != 0 as should_warn,
      count(*) != 0 as should_error
    from (
      
    
  
    
    



select order_id
from PROJETO_OLIST_DB.ANALYTICS.stg_ml_predictions
where order_id is null



  
  
      
    ) dbt_internal_test
/* {"app": "dbt", "dbt_version": "1.12.0", "profile_name": "olist_pipeline", "target_name": "dev", "node_id": "test.olist_pipeline.not_null_stg_ml_predictions_order_id.27fe487bc9"} */
[0m14:10:56.702375 [debug] [Thread-2 (]: On test.olist_pipeline.accepted_values_mart_ml_results_true_label__on_time__late.7772cee9b4: select
      count(*) as failures,
      count(*) != 0 as should_warn,
      count(*) != 0 as should_error
    from (
      
    
  
    
    

with all_values as (

    select
        true_label as value_field,
        count(*) as n_records

    from PROJETO_OLIST_DB.ANALYTICS.mart_ml_results
    group by true_label

)

select *
from all_values
where value_field not in (
    'on_time','late'
)



  
  
      
    ) dbt_internal_test
/* {"app": "dbt", "dbt_version": "1.12.0", "profile_name": "olist_pipeline", "target_name": "dev", "node_id": "test.olist_pipeline.accepted_values_mart_ml_results_true_label__on_time__late.7772cee9b4"} */
[0m14:10:56.705686 [debug] [Thread-3 (]: Opening a new connection, currently in state init
[0m14:10:56.708439 [debug] [Thread-4 (]: Opening a new connection, currently in state init
[0m14:10:57.186209 [debug] [Thread-2 (]: SQL status: SUCCESS 1 in 0.475 seconds
[0m14:10:57.208663 [info ] [Thread-2 (]: 1 of 3 PASS accepted_values_mart_ml_results_true_label__on_time__late .......... [[32mPASS[0m in 0.74s]
[0m14:10:57.211835 [debug] [Thread-2 (]: Finished running node test.olist_pipeline.accepted_values_mart_ml_results_true_label__on_time__late.7772cee9b4
[0m14:10:58.160009 [debug] [Thread-3 (]: SQL status: SUCCESS 1 in 1.454 seconds
[0m14:10:58.169320 [info ] [Thread-3 (]: 2 of 3 PASS not_null_mart_ml_results_order_id .................................. [[32mPASS[0m in 1.70s]
[0m14:10:58.175509 [debug] [Thread-3 (]: Finished running node test.olist_pipeline.not_null_mart_ml_results_order_id.e439aebedd
[0m14:10:58.219489 [debug] [Thread-4 (]: SQL status: SUCCESS 1 in 1.511 seconds
[0m14:10:58.229357 [info ] [Thread-4 (]: 3 of 3 PASS not_null_stg_ml_predictions_order_id ............................... [[32mPASS[0m in 1.75s]
[0m14:10:58.236327 [debug] [Thread-4 (]: Finished running node test.olist_pipeline.not_null_stg_ml_predictions_order_id.27fe487bc9
[0m14:10:58.245766 [debug] [MainThread]: Connection 'master' was properly closed.
[0m14:10:58.248420 [debug] [MainThread]: Connection 'test.olist_pipeline.accepted_values_mart_ml_results_true_label__on_time__late.7772cee9b4' was left open.
[0m14:10:58.251140 [debug] [MainThread]: On test.olist_pipeline.accepted_values_mart_ml_results_true_label__on_time__late.7772cee9b4: Close
[0m14:10:58.792563 [debug] [MainThread]: Connection 'test.olist_pipeline.not_null_mart_ml_results_order_id.e439aebedd' was left open.
[0m14:10:58.795101 [debug] [MainThread]: On test.olist_pipeline.not_null_mart_ml_results_order_id.e439aebedd: Close
[0m14:10:59.333774 [debug] [MainThread]: Connection 'test.olist_pipeline.not_null_stg_ml_predictions_order_id.27fe487bc9' was left open.
[0m14:10:59.336995 [debug] [MainThread]: On test.olist_pipeline.not_null_stg_ml_predictions_order_id.27fe487bc9: Close
[0m14:11:00.101286 [info ] [MainThread]: 
[0m14:11:00.104107 [info ] [MainThread]: Finished running 3 data tests in 0 hours 0 minutes and 6.07 seconds (6.07s).
[0m14:11:00.110755 [debug] [MainThread]: Command end result
[0m14:11:00.293528 [debug] [MainThread]: Wrote artifact WritableManifest to /work/dbt/olist_pipeline/target/manifest.json
[0m14:11:00.302949 [debug] [MainThread]: Wrote artifact SemanticManifest to /work/dbt/olist_pipeline/target/semantic_manifest.json
[0m14:11:00.319428 [debug] [MainThread]: Wrote artifact OsiDocument to /work/dbt/olist_pipeline/target/osi_document.json
[0m14:11:00.351899 [debug] [MainThread]: Wrote artifact RunExecutionResult to /work/dbt/olist_pipeline/target/run_results.json
[0m14:11:00.355032 [info ] [MainThread]: 
[0m14:11:00.358476 [info ] [MainThread]: [32mCompleted successfully[0m
[0m14:11:00.360961 [info ] [MainThread]: 
[0m14:11:00.363589 [info ] [MainThread]: Done. PASS=3 WARN=0 ERROR=0 SKIP=0 NO-OP=0 REUSED=0 TOTAL=3
[0m14:11:00.366656 [debug] [MainThread]: Resource report: {"command_name": "test", "command_success": true, "command_wall_clock_time": 11.620211, "process_in_blocks": "0", "process_kernel_time": 1.109584, "process_mem_max_rss": "175500", "process_out_blocks": "24", "process_user_time": 8.084117}
[0m14:11:00.369816 [debug] [MainThread]: Command `dbt test` succeeded at 14:11:00.369436 after 11.62 seconds
[0m14:11:00.372264 [debug] [MainThread]: Sending event: {'category': 'dbt', 'action': 'invocation', 'label': 'end', 'context': [<snowplow_tracker.self_describing_json.SelfDescribingJson object at 0x7c2417b0aad0>, <snowplow_tracker.self_describing_json.SelfDescribingJson object at 0x7c2417b0a990>, <snowplow_tracker.self_describing_json.SelfDescribingJson object at 0x7c2417a61c90>]}
[0m14:11:00.375508 [debug] [MainThread]: Flushing usage events
[0m14:11:01.187337 [debug] [MainThread]: An error was encountered while trying to flush usage events
[0m14:44:12.497913 [debug] [MainThread]: Sending event: {'category': 'dbt', 'action': 'invocation', 'label': 'start', 'context': [<snowplow_tracker.self_describing_json.SelfDescribingJson object at 0x76a0127c3090>, <snowplow_tracker.self_describing_json.SelfDescribingJson object at 0x76a012807c10>, <snowplow_tracker.self_describing_json.SelfDescribingJson object at 0x76a012864f90>]}


============================== 14:44:12.515075 | 71df6777-3cc9-45f4-9715-e1ad22638a24 ==============================
[0m14:44:12.515075 [info ] [MainThread]: Running with dbt=1.12.0
[0m14:44:12.518338 [debug] [MainThread]: running dbt with arguments {'use_colors': 'True', 'maximum_seed_size_mib': '1', 'use_experimental_parser': 'False', 'introspect': 'True', 'log_format': 'default', 'write_json': 'True', 'static_parser': 'True', 'printer_width': '80', 'log_path': '/opt/airflow/project/dbt/olist_pipeline/logs', 'warn_error_options': 'WarnErrorOptionsV2(error=[], warn=[], silence=[])', 'quiet': 'False', 'invocation_command': 'dbt deps --project-dir /opt/airflow/project/dbt/olist_pipeline', 'version_check': 'True', 'cache_selected_only': 'False', 'profiles_dir': '/home/airflow/.dbt', 'hints_enabled': 'True', 'warn_error': 'None', 'empty': 'None', 'send_anonymous_usage_stats': 'True', 'debug': 'False', 'fail_fast': 'False', 'partial_parse': 'True', 'log_cache_events': 'False', 'indirect_selection': 'eager', 'target_path': 'None', 'no_print': 'None'}
[0m14:44:12.904950 [debug] [MainThread]: Sending event: {'category': 'dbt', 'action': 'project_id', 'label': '71df6777-3cc9-45f4-9715-e1ad22638a24', 'context': [<snowplow_tracker.self_describing_json.SelfDescribingJson object at 0x76a0125f8a90>]}
[0m14:44:14.664545 [debug] [MainThread]: Set downloads directory='/tmp/dbt-downloads-uz_4_fn4'
[0m14:44:14.718441 [debug] [MainThread]: Making package index registry request: GET https://hub.getdbt.com/api/v1/index.json
[0m14:44:15.438337 [debug] [MainThread]: Response from registry index: GET https://hub.getdbt.com/api/v1/index.json 200
[0m14:44:15.459150 [debug] [MainThread]: Making package registry request: GET https://hub.getdbt.com/api/v1/dbt-labs/dbt_utils.json
[0m14:44:15.772766 [debug] [MainThread]: Response from registry: GET https://hub.getdbt.com/api/v1/dbt-labs/dbt_utils.json 200
[0m14:44:15.809290 [info ] [MainThread]: Installing dbt-labs/dbt_utils
[0m14:44:32.504203 [info ] [MainThread]: Installed from version 1.4.1
[0m14:44:32.507953 [info ] [MainThread]: Up to date!
[0m14:44:32.510620 [debug] [MainThread]: Sending event: {'category': 'dbt', 'action': 'package', 'label': '71df6777-3cc9-45f4-9715-e1ad22638a24', 'property_': 'install', 'context': [<snowplow_tracker.self_describing_json.SelfDescribingJson object at 0x76a0132adb50>, <snowplow_tracker.self_describing_json.SelfDescribingJson object at 0x76a013bbde90>]}
[0m14:44:32.517268 [debug] [MainThread]: Resource report: {"command_name": "deps", "command_success": true, "command_wall_clock_time": 20.176302, "process_in_blocks": "96", "process_kernel_time": 1.950946, "process_mem_max_rss": "114640", "process_out_blocks": "176", "process_user_time": 5.34658}
[0m14:44:32.520332 [debug] [MainThread]: Command `dbt deps` succeeded at 14:44:32.520058 after 20.18 seconds
[0m14:44:32.522362 [debug] [MainThread]: Sending event: {'category': 'dbt', 'action': 'invocation', 'label': 'end', 'context': [<snowplow_tracker.self_describing_json.SelfDescribingJson object at 0x76a01281c590>, <snowplow_tracker.self_describing_json.SelfDescribingJson object at 0x76a012871c50>, <snowplow_tracker.self_describing_json.SelfDescribingJson object at 0x76a012795310>]}
[0m14:44:32.524243 [debug] [MainThread]: Flushing usage events
[0m14:44:33.448759 [debug] [MainThread]: An error was encountered while trying to flush usage events
[0m14:44:39.225522 [debug] [MainThread]: Sending event: {'category': 'dbt', 'action': 'invocation', 'label': 'start', 'context': [<snowplow_tracker.self_describing_json.SelfDescribingJson object at 0x7f691d74ff10>, <snowplow_tracker.self_describing_json.SelfDescribingJson object at 0x7f691d85ac90>, <snowplow_tracker.self_describing_json.SelfDescribingJson object at 0x7f691d74ed90>]}


============================== 14:44:39.237563 | fb0778f9-c81f-4f7c-9be7-5af874ab03f7 ==============================
[0m14:44:39.237563 [info ] [MainThread]: Running with dbt=1.12.0
[0m14:44:39.240546 [debug] [MainThread]: running dbt with arguments {'send_anonymous_usage_stats': 'True', 'fail_fast': 'False', 'invocation_command': 'dbt run --project-dir /opt/airflow/project/dbt/olist_pipeline --profiles-dir /opt/airflow/project/dbt/olist_pipeline', 'partial_parse': 'True', 'no_print': 'None', 'use_colors': 'True', 'debug': 'False', 'log_path': '/opt/airflow/project/dbt/olist_pipeline/logs', 'hints_enabled': 'True', 'version_check': 'True', 'write_json': 'True', 'warn_error_options': 'WarnErrorOptionsV2(error=[], warn=[], silence=[])', 'log_cache_events': 'False', 'printer_width': '80', 'indirect_selection': 'eager', 'introspect': 'True', 'cache_selected_only': 'False', 'empty': 'False', 'use_experimental_parser': 'False', 'quiet': 'False', 'maximum_seed_size_mib': '1', 'static_parser': 'True', 'warn_error': 'None', 'profiles_dir': '/opt/airflow/project/dbt/olist_pipeline', 'log_format': 'default', 'target_path': 'None'}
[0m14:44:40.518998 [debug] [MainThread]: Sending event: {'category': 'dbt', 'action': 'project_id', 'label': 'fb0778f9-c81f-4f7c-9be7-5af874ab03f7', 'context': [<snowplow_tracker.self_describing_json.SelfDescribingJson object at 0x7f691d6a4e90>]}
[0m14:44:40.633525 [debug] [MainThread]: Sending event: {'category': 'dbt', 'action': 'adapter_info', 'label': 'fb0778f9-c81f-4f7c-9be7-5af874ab03f7', 'context': [<snowplow_tracker.self_describing_json.SelfDescribingJson object at 0x7f691eafd4d0>]}
[0m14:44:40.640013 [info ] [MainThread]: Registered adapter: snowflake=1.8.4
[0m14:44:41.068899 [debug] [MainThread]: checksum: 5029ac201ca95621a3c13f11212ebb88f023f43e83ad2fd6641dd4f215921ae1, vars: {}, profile: olist_pipeline, target: dev, version: 1.12.0
[0m14:44:41.595558 [info ] [MainThread]: Unable to do partial parsing because profile has changed
[0m14:44:41.598440 [debug] [MainThread]: Sending event: {'category': 'dbt', 'action': 'partial_parser', 'label': 'fb0778f9-c81f-4f7c-9be7-5af874ab03f7', 'context': [<snowplow_tracker.self_describing_json.SelfDescribingJson object at 0x7f691e0b5610>]}
[0m14:44:46.817111 [debug] [MainThread]: Sending event: {'category': 'dbt', 'action': 'load_project', 'label': 'fb0778f9-c81f-4f7c-9be7-5af874ab03f7', 'context': [<snowplow_tracker.self_describing_json.SelfDescribingJson object at 0x7f691b597fd0>]}
[0m14:44:47.309518 [debug] [MainThread]: Wrote artifact WritableManifest to /opt/airflow/project/dbt/olist_pipeline/target/manifest.json
[0m14:44:47.332928 [debug] [MainThread]: Wrote artifact SemanticManifest to /opt/airflow/project/dbt/olist_pipeline/target/semantic_manifest.json
[0m14:44:47.411917 [debug] [MainThread]: Wrote artifact OsiDocument to /opt/airflow/project/dbt/olist_pipeline/target/osi_document.json
[0m14:44:47.484150 [debug] [MainThread]: Sending event: {'category': 'dbt', 'action': 'resource_counts', 'label': 'fb0778f9-c81f-4f7c-9be7-5af874ab03f7', 'context': [<snowplow_tracker.self_describing_json.SelfDescribingJson object at 0x7f691a051110>]}
[0m14:44:47.489428 [info ] [MainThread]: Found 23 models, 51 data tests, 10 sources, 621 macros
[0m14:44:47.493967 [debug] [MainThread]: Sending event: {'category': 'dbt', 'action': 'runnable_timing', 'label': 'fb0778f9-c81f-4f7c-9be7-5af874ab03f7', 'context': [<snowplow_tracker.self_describing_json.SelfDescribingJson object at 0x7f6919fc7790>]}
[0m14:44:47.509445 [info ] [MainThread]: 
[0m14:44:47.513276 [info ] [MainThread]: Concurrency: 4 threads (target='dev')
[0m14:44:47.519656 [info ] [MainThread]: 
[0m14:44:47.523900 [debug] [MainThread]: Acquiring new snowflake connection 'master'
[0m14:44:47.560061 [debug] [ThreadPool]: Acquiring new snowflake connection 'list_PROJETO_OLIST_DB'
[0m14:44:47.599713 [debug] [ThreadPool]: Using snowflake connection "list_PROJETO_OLIST_DB"
[0m14:44:47.609554 [debug] [ThreadPool]: On list_PROJETO_OLIST_DB: /* {"app": "dbt", "dbt_version": "1.12.0", "profile_name": "olist_pipeline", "target_name": "dev", "connection_name": "list_PROJETO_OLIST_DB"} */
show terse schemas in database PROJETO_OLIST_DB
    limit 10000
[0m14:44:47.623316 [debug] [ThreadPool]: Opening a new connection, currently in state init
[0m14:44:54.348518 [debug] [ThreadPool]: SQL status: SUCCESS 5 in 6.725 seconds
[0m14:44:54.352314 [debug] [ThreadPool]: On list_PROJETO_OLIST_DB: Close
[0m14:44:54.886494 [debug] [ThreadPool]: Re-using an available connection from the pool (formerly list_PROJETO_OLIST_DB, now list_PROJETO_OLIST_DB_ANALYTICS)
[0m14:44:54.901526 [debug] [ThreadPool]: Using snowflake connection "list_PROJETO_OLIST_DB_ANALYTICS"
[0m14:44:54.903044 [debug] [ThreadPool]: On list_PROJETO_OLIST_DB_ANALYTICS: /* {"app": "dbt", "dbt_version": "1.12.0", "profile_name": "olist_pipeline", "target_name": "dev", "connection_name": "list_PROJETO_OLIST_DB_ANALYTICS"} */
show objects in PROJETO_OLIST_DB.ANALYTICS limit 10000
[0m14:44:54.904531 [debug] [ThreadPool]: Opening a new connection, currently in state closed
[0m14:44:56.705897 [debug] [ThreadPool]: SQL status: SUCCESS 23 in 1.801 seconds
[0m14:44:56.711258 [debug] [ThreadPool]: On list_PROJETO_OLIST_DB_ANALYTICS: Close
[0m14:44:57.194672 [debug] [MainThread]: Sending event: {'category': 'dbt', 'action': 'runnable_timing', 'label': 'fb0778f9-c81f-4f7c-9be7-5af874ab03f7', 'context': [<snowplow_tracker.self_describing_json.SelfDescribingJson object at 0x7f6919444f90>]}
[0m14:44:57.208815 [debug] [Thread-1 (]: Began running node model.olist_pipeline.dim_date
[0m14:44:57.209459 [debug] [Thread-2 (]: Began running node model.olist_pipeline.stg_category_translation
[0m14:44:57.210081 [debug] [Thread-3 (]: Began running node model.olist_pipeline.stg_customers
[0m14:44:57.210554 [debug] [Thread-4 (]: Began running node model.olist_pipeline.stg_geolocation
[0m14:44:57.212896 [info ] [Thread-1 (]: 1 of 23 START sql table model ANALYTICS.dim_date ............................... [RUN]
[0m14:44:57.214752 [info ] [Thread-2 (]: 2 of 23 START sql view model ANALYTICS.stg_category_translation ................ [RUN]
[0m14:44:57.216413 [info ] [Thread-3 (]: 3 of 23 START sql view model ANALYTICS.stg_customers ........................... [RUN]
[0m14:44:57.218101 [info ] [Thread-4 (]: 4 of 23 START sql view model ANALYTICS.stg_geolocation ......................... [RUN]
[0m14:44:57.219584 [debug] [Thread-1 (]: Re-using an available connection from the pool (formerly list_PROJETO_OLIST_DB_ANALYTICS, now model.olist_pipeline.dim_date)
[0m14:44:57.221369 [debug] [Thread-2 (]: Acquiring new snowflake connection 'model.olist_pipeline.stg_category_translation'
[0m14:44:57.222818 [debug] [Thread-3 (]: Acquiring new snowflake connection 'model.olist_pipeline.stg_customers'
[0m14:44:57.224311 [debug] [Thread-4 (]: Acquiring new snowflake connection 'model.olist_pipeline.stg_geolocation'
[0m14:44:57.225816 [debug] [Thread-1 (]: Began compiling node model.olist_pipeline.dim_date
[0m14:44:57.227405 [debug] [Thread-2 (]: Began compiling node model.olist_pipeline.stg_category_translation
[0m14:44:57.230321 [debug] [Thread-3 (]: Began compiling node model.olist_pipeline.stg_customers
[0m14:44:57.232019 [debug] [Thread-4 (]: Began compiling node model.olist_pipeline.stg_geolocation
[0m14:44:57.247511 [debug] [Thread-1 (]: Using snowflake connection "model.olist_pipeline.dim_date"
[0m14:44:57.250935 [debug] [Thread-2 (]: Writing injected SQL for node "model.olist_pipeline.stg_category_translation"
[0m14:44:57.254457 [debug] [Thread-3 (]: Writing injected SQL for node "model.olist_pipeline.stg_customers"
[0m14:44:57.257955 [debug] [Thread-4 (]: Writing injected SQL for node "model.olist_pipeline.stg_geolocation"
[0m14:44:57.259721 [debug] [Thread-1 (]: On model.olist_pipeline.dim_date: /* {"app": "dbt", "dbt_version": "1.12.0", "profile_name": "olist_pipeline", "target_name": "dev", "node_id": "model.olist_pipeline.dim_date"} */
select datediff(
        day,
        cast('2016-01-01' as date),
        cast('2019-01-01' as date)
        )
[0m14:44:57.265203 [debug] [Thread-1 (]: Opening a new connection, currently in state closed
[0m14:44:57.278287 [debug] [Thread-2 (]: Began executing node model.olist_pipeline.stg_category_translation
[0m14:44:57.280241 [debug] [Thread-4 (]: Began executing node model.olist_pipeline.stg_geolocation
[0m14:44:57.281251 [debug] [Thread-3 (]: Began executing node model.olist_pipeline.stg_customers
[0m14:44:57.337791 [debug] [Thread-2 (]: Writing runtime sql for node "model.olist_pipeline.stg_category_translation"
[0m14:44:57.338803 [debug] [Thread-4 (]: Writing runtime sql for node "model.olist_pipeline.stg_geolocation"
[0m14:44:57.352401 [debug] [Thread-3 (]: Writing runtime sql for node "model.olist_pipeline.stg_customers"
[0m14:44:57.390905 [debug] [Thread-2 (]: Using snowflake connection "model.olist_pipeline.stg_category_translation"
[0m14:44:57.392279 [debug] [Thread-4 (]: Using snowflake connection "model.olist_pipeline.stg_geolocation"
[0m14:44:57.394942 [debug] [Thread-2 (]: On model.olist_pipeline.stg_category_translation: /* {"app": "dbt", "dbt_version": "1.12.0", "profile_name": "olist_pipeline", "target_name": "dev", "node_id": "model.olist_pipeline.stg_category_translation"} */
create or replace   view PROJETO_OLIST_DB.ANALYTICS.stg_category_translation
  
   as (
    with source as (
    select * from PROJETO_OLIST_DB.RAW.category_translation
)

select
    product_category_name,
    product_category_name_english
from source
  );
[0m14:44:57.397927 [debug] [Thread-4 (]: On model.olist_pipeline.stg_geolocation: /* {"app": "dbt", "dbt_version": "1.12.0", "profile_name": "olist_pipeline", "target_name": "dev", "node_id": "model.olist_pipeline.stg_geolocation"} */
create or replace   view PROJETO_OLIST_DB.ANALYTICS.stg_geolocation
  
   as (
    with source as (
    select * from PROJETO_OLIST_DB.RAW.geolocation
)

select
    geolocation_zip_code_prefix as zip_code_prefix,
    geolocation_lat as lat,
    geolocation_lng as lng,
    geolocation_city as city,
    geolocation_state as state
from source
  );
[0m14:44:57.399113 [debug] [Thread-3 (]: Using snowflake connection "model.olist_pipeline.stg_customers"
[0m14:44:57.400424 [debug] [Thread-2 (]: Opening a new connection, currently in state init
[0m14:44:57.401840 [debug] [Thread-4 (]: Opening a new connection, currently in state init
[0m14:44:57.404340 [debug] [Thread-3 (]: On model.olist_pipeline.stg_customers: /* {"app": "dbt", "dbt_version": "1.12.0", "profile_name": "olist_pipeline", "target_name": "dev", "node_id": "model.olist_pipeline.stg_customers"} */
create or replace   view PROJETO_OLIST_DB.ANALYTICS.stg_customers
  
   as (
    with source as (
    select * from PROJETO_OLIST_DB.RAW.customers
)

select
    customer_id,
    customer_unique_id,
    customer_zip_code_prefix,
    customer_city,
    customer_state
from source
  );
[0m14:44:57.428983 [debug] [Thread-3 (]: Opening a new connection, currently in state init
[0m14:44:59.005727 [debug] [Thread-1 (]: SQL status: SUCCESS 1 in 1.740 seconds
[0m14:44:59.013513 [debug] [Thread-1 (]: Writing injected SQL for node "model.olist_pipeline.dim_date"
[0m14:44:59.028312 [debug] [Thread-1 (]: Began executing node model.olist_pipeline.dim_date
[0m14:44:59.052037 [debug] [Thread-1 (]: Writing runtime sql for node "model.olist_pipeline.dim_date"
[0m14:44:59.071906 [debug] [Thread-1 (]: Using snowflake connection "model.olist_pipeline.dim_date"
[0m14:44:59.073887 [debug] [Thread-1 (]: On model.olist_pipeline.dim_date: /* {"app": "dbt", "dbt_version": "1.12.0", "profile_name": "olist_pipeline", "target_name": "dev", "node_id": "model.olist_pipeline.dim_date"} */
create or replace transient table PROJETO_OLIST_DB.ANALYTICS.dim_date
         as
        (-- Calendário diário cobrindo o range de datas do dataset Olist (pedidos de 2016-09 a 2018-09,
-- com data estimada de entrega podendo passar disso em algumas semanas).

with spine as (
    





with rawdata as (

    

    

    with p as (
        select 0 as generated_number union all select 1
    ), unioned as (

    select

    
    p0.generated_number * power(2, 0)
     + 
    
    p1.generated_number * power(2, 1)
     + 
    
    p2.generated_number * power(2, 2)
     + 
    
    p3.generated_number * power(2, 3)
     + 
    
    p4.generated_number * power(2, 4)
     + 
    
    p5.generated_number * power(2, 5)
     + 
    
    p6.generated_number * power(2, 6)
     + 
    
    p7.generated_number * power(2, 7)
     + 
    
    p8.generated_number * power(2, 8)
     + 
    
    p9.generated_number * power(2, 9)
     + 
    
    p10.generated_number * power(2, 10)
    
    
    + 1
    as generated_number

    from

    
    p as p0
     cross join 
    
    p as p1
     cross join 
    
    p as p2
     cross join 
    
    p as p3
     cross join 
    
    p as p4
     cross join 
    
    p as p5
     cross join 
    
    p as p6
     cross join 
    
    p as p7
     cross join 
    
    p as p8
     cross join 
    
    p as p9
     cross join 
    
    p as p10
    
    

    )

    select *
    from unioned
    where generated_number <= 1096
    order by generated_number



),

all_periods as (

    select (
        

    dateadd(
        day,
        row_number() over (order by generated_number) - 1,
        cast('2016-01-01' as date)
        )


    ) as date_day
    from rawdata

),

filtered as (

    select *
    from all_periods
    where date_day <= cast('2019-01-01' as date)

)

select * from filtered


)

select
    date_day,
    year(date_day) as year,
    month(date_day) as month,
    day(date_day) as day,
    dayofweek(date_day) as day_of_week,
    dayofweek(date_day) in (0, 6) as is_weekend
from spine
        );
[0m14:44:59.341285 [debug] [Thread-3 (]: SQL status: SUCCESS 1 in 1.841 seconds
[0m14:44:59.365413 [debug] [Thread-2 (]: SQL status: SUCCESS 1 in 1.894 seconds
[0m14:44:59.377674 [debug] [Thread-3 (]: On model.olist_pipeline.stg_customers: Close
[0m14:44:59.381240 [debug] [Thread-2 (]: On model.olist_pipeline.stg_category_translation: Close
[0m14:44:59.406264 [debug] [Thread-4 (]: SQL status: SUCCESS 1 in 1.934 seconds
[0m14:44:59.410119 [debug] [Thread-4 (]: On model.olist_pipeline.stg_geolocation: Close
[0m14:44:59.906902 [debug] [Thread-2 (]: Sending event: {'category': 'dbt', 'action': 'run_model', 'label': 'fb0778f9-c81f-4f7c-9be7-5af874ab03f7', 'context': [<snowplow_tracker.self_describing_json.SelfDescribingJson object at 0x7f6919042b90>]}
[0m14:44:59.911099 [debug] [Thread-4 (]: Sending event: {'category': 'dbt', 'action': 'run_model', 'label': 'fb0778f9-c81f-4f7c-9be7-5af874ab03f7', 'context': [<snowplow_tracker.self_describing_json.SelfDescribingJson object at 0x7f6918f5fbd0>]}
[0m14:44:59.913618 [info ] [Thread-2 (]: 2 of 23 OK created sql view model ANALYTICS.stg_category_translation ........... [[32mSUCCESS 1[0m in 2.68s]
[0m14:44:59.916297 [info ] [Thread-4 (]: 4 of 23 OK created sql view model ANALYTICS.stg_geolocation .................... [[32mSUCCESS 1[0m in 2.69s]
[0m14:44:59.920145 [debug] [Thread-2 (]: Finished running node model.olist_pipeline.stg_category_translation
[0m14:44:59.923985 [debug] [Thread-3 (]: Sending event: {'category': 'dbt', 'action': 'run_model', 'label': 'fb0778f9-c81f-4f7c-9be7-5af874ab03f7', 'context': [<snowplow_tracker.self_describing_json.SelfDescribingJson object at 0x7f691b584410>]}
[0m14:44:59.925592 [debug] [Thread-4 (]: Finished running node model.olist_pipeline.stg_geolocation
[0m14:44:59.927787 [debug] [Thread-2 (]: Began running node model.olist_pipeline.stg_ml_predictions
[0m14:44:59.929800 [info ] [Thread-3 (]: 3 of 23 OK created sql view model ANALYTICS.stg_customers ...................... [[32mSUCCESS 1[0m in 2.70s]
[0m14:44:59.931602 [debug] [Thread-4 (]: Began running node model.olist_pipeline.stg_order_items
[0m14:44:59.935312 [info ] [Thread-2 (]: 5 of 23 START sql view model ANALYTICS.stg_ml_predictions ...................... [RUN]
[0m14:44:59.937504 [debug] [Thread-3 (]: Finished running node model.olist_pipeline.stg_customers
[0m14:44:59.939461 [info ] [Thread-4 (]: 6 of 23 START sql view model ANALYTICS.stg_order_items ......................... [RUN]
[0m14:44:59.941454 [debug] [Thread-2 (]: Re-using an available connection from the pool (formerly model.olist_pipeline.stg_category_translation, now model.olist_pipeline.stg_ml_predictions)
[0m14:44:59.943143 [debug] [Thread-3 (]: Began running node model.olist_pipeline.stg_order_payments
[0m14:44:59.944811 [debug] [Thread-4 (]: Re-using an available connection from the pool (formerly model.olist_pipeline.stg_geolocation, now model.olist_pipeline.stg_order_items)
[0m14:44:59.946443 [debug] [Thread-2 (]: Began compiling node model.olist_pipeline.stg_ml_predictions
[0m14:44:59.949125 [info ] [Thread-3 (]: 7 of 23 START sql view model ANALYTICS.stg_order_payments ...................... [RUN]
[0m14:44:59.952539 [debug] [Thread-4 (]: Began compiling node model.olist_pipeline.stg_order_items
[0m14:44:59.956671 [debug] [Thread-2 (]: Writing injected SQL for node "model.olist_pipeline.stg_ml_predictions"
[0m14:44:59.958580 [debug] [Thread-3 (]: Re-using an available connection from the pool (formerly model.olist_pipeline.stg_customers, now model.olist_pipeline.stg_order_payments)
[0m14:44:59.962065 [debug] [Thread-4 (]: Writing injected SQL for node "model.olist_pipeline.stg_order_items"
[0m14:44:59.965365 [debug] [Thread-3 (]: Began compiling node model.olist_pipeline.stg_order_payments
[0m14:44:59.972883 [debug] [Thread-3 (]: Writing injected SQL for node "model.olist_pipeline.stg_order_payments"
[0m14:44:59.977395 [debug] [Thread-4 (]: Began executing node model.olist_pipeline.stg_order_items
[0m14:44:59.979154 [debug] [Thread-2 (]: Began executing node model.olist_pipeline.stg_ml_predictions
[0m14:44:59.984294 [debug] [Thread-4 (]: Writing runtime sql for node "model.olist_pipeline.stg_order_items"
[0m14:44:59.985207 [debug] [Thread-3 (]: Began executing node model.olist_pipeline.stg_order_payments
[0m14:44:59.990997 [debug] [Thread-2 (]: Writing runtime sql for node "model.olist_pipeline.stg_ml_predictions"
[0m14:45:00.002113 [debug] [Thread-3 (]: Writing runtime sql for node "model.olist_pipeline.stg_order_payments"
[0m14:45:00.017611 [debug] [Thread-4 (]: Using snowflake connection "model.olist_pipeline.stg_order_items"
[0m14:45:00.021363 [debug] [Thread-4 (]: On model.olist_pipeline.stg_order_items: /* {"app": "dbt", "dbt_version": "1.12.0", "profile_name": "olist_pipeline", "target_name": "dev", "node_id": "model.olist_pipeline.stg_order_items"} */
create or replace   view PROJETO_OLIST_DB.ANALYTICS.stg_order_items
  
   as (
    with source as (
    select * from PROJETO_OLIST_DB.RAW.order_items
)

select
    order_id,
    order_item_id,
    product_id,
    seller_id,
    shipping_limit_date,
    price,
    freight_value
from source
  );
[0m14:45:00.023470 [debug] [Thread-3 (]: Using snowflake connection "model.olist_pipeline.stg_order_payments"
[0m14:45:00.025053 [debug] [Thread-2 (]: Using snowflake connection "model.olist_pipeline.stg_ml_predictions"
[0m14:45:00.027052 [debug] [Thread-4 (]: Opening a new connection, currently in state closed
[0m14:45:00.029887 [debug] [Thread-3 (]: On model.olist_pipeline.stg_order_payments: /* {"app": "dbt", "dbt_version": "1.12.0", "profile_name": "olist_pipeline", "target_name": "dev", "node_id": "model.olist_pipeline.stg_order_payments"} */
create or replace   view PROJETO_OLIST_DB.ANALYTICS.stg_order_payments
  
   as (
    with source as (
    select * from PROJETO_OLIST_DB.RAW.order_payments
)

select
    order_id,
    payment_sequential,
    payment_type,
    payment_installments,
    payment_value
from source
  );
[0m14:45:00.034215 [debug] [Thread-2 (]: On model.olist_pipeline.stg_ml_predictions: /* {"app": "dbt", "dbt_version": "1.12.0", "profile_name": "olist_pipeline", "target_name": "dev", "node_id": "model.olist_pipeline.stg_ml_predictions"} */
create or replace   view PROJETO_OLIST_DB.ANALYTICS.stg_ml_predictions
  
   as (
    with source as (
    select * from PROJETO_OLIST_DB.RAW.ml_predictions
)

select
    order_id,
    true_label,
    predicted_label_hardcode,
    predicted_label_sklearn,
    model_version,
    predicted_at
from source
  );
[0m14:45:00.041779 [debug] [Thread-3 (]: Opening a new connection, currently in state closed
[0m14:45:00.052393 [debug] [Thread-2 (]: Opening a new connection, currently in state closed
[0m14:45:00.215068 [debug] [Thread-1 (]: SQL status: SUCCESS 1 in 1.068 seconds
[0m14:45:00.220915 [debug] [Thread-1 (]: On model.olist_pipeline.dim_date: Close
[0m14:45:00.770227 [debug] [Thread-1 (]: Sending event: {'category': 'dbt', 'action': 'run_model', 'label': 'fb0778f9-c81f-4f7c-9be7-5af874ab03f7', 'context': [<snowplow_tracker.self_describing_json.SelfDescribingJson object at 0x7f69190faa90>]}
[0m14:45:00.775975 [info ] [Thread-1 (]: 1 of 23 OK created sql table model ANALYTICS.dim_date .......................... [[32mSUCCESS 1[0m in 3.54s]
[0m14:45:00.780251 [debug] [Thread-1 (]: Finished running node model.olist_pipeline.dim_date
[0m14:45:00.783273 [debug] [Thread-1 (]: Began running node model.olist_pipeline.stg_order_reviews
[0m14:45:00.787036 [info ] [Thread-1 (]: 8 of 23 START sql view model ANALYTICS.stg_order_reviews ....................... [RUN]
[0m14:45:00.790029 [debug] [Thread-1 (]: Re-using an available connection from the pool (formerly model.olist_pipeline.dim_date, now model.olist_pipeline.stg_order_reviews)
[0m14:45:00.796434 [debug] [Thread-1 (]: Began compiling node model.olist_pipeline.stg_order_reviews
[0m14:45:00.807285 [debug] [Thread-1 (]: Writing injected SQL for node "model.olist_pipeline.stg_order_reviews"
[0m14:45:00.829854 [debug] [Thread-1 (]: Began executing node model.olist_pipeline.stg_order_reviews
[0m14:45:00.839277 [debug] [Thread-1 (]: Writing runtime sql for node "model.olist_pipeline.stg_order_reviews"
[0m14:45:00.866166 [debug] [Thread-1 (]: Using snowflake connection "model.olist_pipeline.stg_order_reviews"
[0m14:45:00.868651 [debug] [Thread-1 (]: On model.olist_pipeline.stg_order_reviews: /* {"app": "dbt", "dbt_version": "1.12.0", "profile_name": "olist_pipeline", "target_name": "dev", "node_id": "model.olist_pipeline.stg_order_reviews"} */
create or replace   view PROJETO_OLIST_DB.ANALYTICS.stg_order_reviews
  
   as (
    with source as (
    select * from PROJETO_OLIST_DB.RAW.order_reviews
)

select
    review_id,
    order_id,
    review_score,
    review_comment_title,
    review_comment_message,
    review_creation_date,
    review_answer_timestamp,
    case
        when review_score >= 4 then 'positive'
        when review_score <= 2 then 'negative'
        else 'neutral'
    end as sentiment_label
from source
  );
[0m14:45:00.871028 [debug] [Thread-1 (]: Opening a new connection, currently in state closed
[0m14:45:02.080022 [debug] [Thread-2 (]: SQL status: SUCCESS 1 in 2.028 seconds
[0m14:45:02.084639 [debug] [Thread-2 (]: On model.olist_pipeline.stg_ml_predictions: Close
[0m14:45:02.219954 [debug] [Thread-4 (]: SQL status: SUCCESS 1 in 2.193 seconds
[0m14:45:02.225373 [debug] [Thread-4 (]: On model.olist_pipeline.stg_order_items: Close
[0m14:45:02.281006 [debug] [Thread-3 (]: SQL status: SUCCESS 1 in 2.239 seconds
[0m14:45:02.285714 [debug] [Thread-3 (]: On model.olist_pipeline.stg_order_payments: Close
[0m14:45:02.593521 [debug] [Thread-2 (]: Sending event: {'category': 'dbt', 'action': 'run_model', 'label': 'fb0778f9-c81f-4f7c-9be7-5af874ab03f7', 'context': [<snowplow_tracker.self_describing_json.SelfDescribingJson object at 0x7f691b1ca9d0>]}
[0m14:45:02.597026 [info ] [Thread-2 (]: 5 of 23 OK created sql view model ANALYTICS.stg_ml_predictions ................. [[32mSUCCESS 1[0m in 2.65s]
[0m14:45:02.599446 [debug] [Thread-2 (]: Finished running node model.olist_pipeline.stg_ml_predictions
[0m14:45:02.601784 [debug] [Thread-2 (]: Began running node model.olist_pipeline.stg_orders
[0m14:45:02.603895 [info ] [Thread-2 (]: 9 of 23 START sql view model ANALYTICS.stg_orders .............................. [RUN]
[0m14:45:02.605643 [debug] [Thread-2 (]: Re-using an available connection from the pool (formerly model.olist_pipeline.stg_ml_predictions, now model.olist_pipeline.stg_orders)
[0m14:45:02.607269 [debug] [Thread-2 (]: Began compiling node model.olist_pipeline.stg_orders
[0m14:45:02.612394 [debug] [Thread-2 (]: Writing injected SQL for node "model.olist_pipeline.stg_orders"
[0m14:45:02.626015 [debug] [Thread-2 (]: Began executing node model.olist_pipeline.stg_orders
[0m14:45:02.634338 [debug] [Thread-2 (]: Writing runtime sql for node "model.olist_pipeline.stg_orders"
[0m14:45:02.649519 [debug] [Thread-2 (]: Using snowflake connection "model.olist_pipeline.stg_orders"
[0m14:45:02.651229 [debug] [Thread-2 (]: On model.olist_pipeline.stg_orders: /* {"app": "dbt", "dbt_version": "1.12.0", "profile_name": "olist_pipeline", "target_name": "dev", "node_id": "model.olist_pipeline.stg_orders"} */
create or replace   view PROJETO_OLIST_DB.ANALYTICS.stg_orders
  
   as (
    with source as (
    select * from PROJETO_OLIST_DB.RAW.orders
)

select
    order_id,
    customer_id,
    order_status,
    order_purchase_timestamp,
    order_approved_at,
    order_delivered_carrier_date,
    order_delivered_customer_date,
    order_estimated_delivery_date
from source
  );
[0m14:45:02.653071 [debug] [Thread-2 (]: Opening a new connection, currently in state closed
[0m14:45:02.790387 [debug] [Thread-4 (]: Sending event: {'category': 'dbt', 'action': 'run_model', 'label': 'fb0778f9-c81f-4f7c-9be7-5af874ab03f7', 'context': [<snowplow_tracker.self_describing_json.SelfDescribingJson object at 0x7f69190ab710>]}
[0m14:45:02.792510 [debug] [Thread-3 (]: Sending event: {'category': 'dbt', 'action': 'run_model', 'label': 'fb0778f9-c81f-4f7c-9be7-5af874ab03f7', 'context': [<snowplow_tracker.self_describing_json.SelfDescribingJson object at 0x7f691903c0d0>]}
[0m14:45:02.795186 [info ] [Thread-4 (]: 6 of 23 OK created sql view model ANALYTICS.stg_order_items .................... [[32mSUCCESS 1[0m in 2.84s]
[0m14:45:02.799166 [info ] [Thread-3 (]: 7 of 23 OK created sql view model ANALYTICS.stg_order_payments ................. [[32mSUCCESS 1[0m in 2.83s]
[0m14:45:02.801336 [debug] [Thread-4 (]: Finished running node model.olist_pipeline.stg_order_items
[0m14:45:02.803536 [debug] [Thread-3 (]: Finished running node model.olist_pipeline.stg_order_payments
[0m14:45:02.805632 [debug] [Thread-4 (]: Began running node model.olist_pipeline.stg_products
[0m14:45:02.807518 [debug] [Thread-3 (]: Began running node model.olist_pipeline.stg_sellers
[0m14:45:02.809622 [info ] [Thread-4 (]: 10 of 23 START sql view model ANALYTICS.stg_products ........................... [RUN]
[0m14:45:02.812575 [info ] [Thread-3 (]: 11 of 23 START sql view model ANALYTICS.stg_sellers ............................ [RUN]
[0m14:45:02.815716 [debug] [Thread-4 (]: Re-using an available connection from the pool (formerly model.olist_pipeline.stg_order_items, now model.olist_pipeline.stg_products)
[0m14:45:02.818203 [debug] [Thread-3 (]: Re-using an available connection from the pool (formerly model.olist_pipeline.stg_order_payments, now model.olist_pipeline.stg_sellers)
[0m14:45:02.820206 [debug] [Thread-4 (]: Began compiling node model.olist_pipeline.stg_products
[0m14:45:02.822135 [debug] [Thread-3 (]: Began compiling node model.olist_pipeline.stg_sellers
[0m14:45:02.825621 [debug] [Thread-4 (]: Writing injected SQL for node "model.olist_pipeline.stg_products"
[0m14:45:02.832469 [debug] [Thread-3 (]: Writing injected SQL for node "model.olist_pipeline.stg_sellers"
[0m14:45:02.842817 [debug] [Thread-3 (]: Began executing node model.olist_pipeline.stg_sellers
[0m14:45:02.850692 [debug] [Thread-4 (]: Began executing node model.olist_pipeline.stg_products
[0m14:45:02.852389 [debug] [Thread-3 (]: Writing runtime sql for node "model.olist_pipeline.stg_sellers"
[0m14:45:02.858727 [debug] [Thread-4 (]: Writing runtime sql for node "model.olist_pipeline.stg_products"
[0m14:45:02.871519 [debug] [Thread-4 (]: Using snowflake connection "model.olist_pipeline.stg_products"
[0m14:45:02.872920 [debug] [Thread-3 (]: Using snowflake connection "model.olist_pipeline.stg_sellers"
[0m14:45:02.874330 [debug] [Thread-4 (]: On model.olist_pipeline.stg_products: /* {"app": "dbt", "dbt_version": "1.12.0", "profile_name": "olist_pipeline", "target_name": "dev", "node_id": "model.olist_pipeline.stg_products"} */
create or replace   view PROJETO_OLIST_DB.ANALYTICS.stg_products
  
   as (
    with source as (
    select * from PROJETO_OLIST_DB.RAW.products
)

select
    product_id,
    product_category_name,
    product_name_lenght,
    product_description_lenght,
    product_photos_qty,
    product_weight_g,
    product_length_cm,
    product_height_cm,
    product_width_cm
from source
  );
[0m14:45:02.876035 [debug] [Thread-3 (]: On model.olist_pipeline.stg_sellers: /* {"app": "dbt", "dbt_version": "1.12.0", "profile_name": "olist_pipeline", "target_name": "dev", "node_id": "model.olist_pipeline.stg_sellers"} */
create or replace   view PROJETO_OLIST_DB.ANALYTICS.stg_sellers
  
   as (
    with source as (
    select * from PROJETO_OLIST_DB.RAW.sellers
)

select
    seller_id,
    seller_zip_code_prefix as zip_code_prefix,
    seller_city as city,
    seller_state as state
from source
  );
[0m14:45:02.878291 [debug] [Thread-4 (]: Opening a new connection, currently in state closed
[0m14:45:02.882121 [debug] [Thread-3 (]: Opening a new connection, currently in state closed
[0m14:45:03.131467 [debug] [Thread-1 (]: SQL status: SUCCESS 1 in 2.260 seconds
[0m14:45:03.137161 [debug] [Thread-1 (]: On model.olist_pipeline.stg_order_reviews: Close
[0m14:45:03.628977 [debug] [Thread-1 (]: Sending event: {'category': 'dbt', 'action': 'run_model', 'label': 'fb0778f9-c81f-4f7c-9be7-5af874ab03f7', 'context': [<snowplow_tracker.self_describing_json.SelfDescribingJson object at 0x7f6919fa6910>]}
[0m14:45:03.631809 [info ] [Thread-1 (]: 8 of 23 OK created sql view model ANALYTICS.stg_order_reviews .................. [[32mSUCCESS 1[0m in 2.84s]
[0m14:45:03.634822 [debug] [Thread-1 (]: Finished running node model.olist_pipeline.stg_order_reviews
[0m14:45:03.638193 [debug] [Thread-1 (]: Began running node model.olist_pipeline.dim_geolocation
[0m14:45:03.640313 [info ] [Thread-1 (]: 12 of 23 START sql table model ANALYTICS.dim_geolocation ....................... [RUN]
[0m14:45:03.642326 [debug] [Thread-1 (]: Re-using an available connection from the pool (formerly model.olist_pipeline.stg_order_reviews, now model.olist_pipeline.dim_geolocation)
[0m14:45:03.644935 [debug] [Thread-1 (]: Began compiling node model.olist_pipeline.dim_geolocation
[0m14:45:03.650756 [debug] [Thread-1 (]: Writing injected SQL for node "model.olist_pipeline.dim_geolocation"
[0m14:45:03.675462 [debug] [Thread-1 (]: Began executing node model.olist_pipeline.dim_geolocation
[0m14:45:03.680519 [debug] [Thread-1 (]: Writing runtime sql for node "model.olist_pipeline.dim_geolocation"
[0m14:45:03.708132 [debug] [Thread-1 (]: Using snowflake connection "model.olist_pipeline.dim_geolocation"
[0m14:45:03.710910 [debug] [Thread-1 (]: On model.olist_pipeline.dim_geolocation: /* {"app": "dbt", "dbt_version": "1.12.0", "profile_name": "olist_pipeline", "target_name": "dev", "node_id": "model.olist_pipeline.dim_geolocation"} */
create or replace transient table PROJETO_OLIST_DB.ANALYTICS.dim_geolocation
         as
        (-- Agrega a granularidade original de raw.geolocation (várias lat/lng por prefixo de CEP,
-- vindas de GPS de usuários distintos) para uma linha por zip_code_prefix - grão necessário
-- para servir de dimensão de localização de clientes/vendedores em mart_late_delivery_features.

with geolocation as (
    select * from PROJETO_OLIST_DB.ANALYTICS.stg_geolocation
)

select
    zip_code_prefix,
    avg(lat) as lat,
    avg(lng) as lng,
    mode(city) as city,
    mode(state) as state
from geolocation
group by zip_code_prefix
        );
[0m14:45:03.715660 [debug] [Thread-1 (]: Opening a new connection, currently in state closed
[0m14:45:04.577632 [debug] [Thread-2 (]: SQL status: SUCCESS 1 in 1.924 seconds
[0m14:45:04.585817 [debug] [Thread-2 (]: On model.olist_pipeline.stg_orders: Close
[0m14:45:04.811689 [debug] [Thread-3 (]: SQL status: SUCCESS 1 in 1.929 seconds
[0m14:45:04.818922 [debug] [Thread-3 (]: On model.olist_pipeline.stg_sellers: Close
[0m14:45:04.829130 [debug] [Thread-4 (]: SQL status: SUCCESS 1 in 1.951 seconds
[0m14:45:04.840061 [debug] [Thread-4 (]: On model.olist_pipeline.stg_products: Close
[0m14:45:05.091763 [debug] [Thread-2 (]: Sending event: {'category': 'dbt', 'action': 'run_model', 'label': 'fb0778f9-c81f-4f7c-9be7-5af874ab03f7', 'context': [<snowplow_tracker.self_describing_json.SelfDescribingJson object at 0x7f691903d650>]}
[0m14:45:05.104463 [info ] [Thread-2 (]: 9 of 23 OK created sql view model ANALYTICS.stg_orders ......................... [[32mSUCCESS 1[0m in 2.48s]
[0m14:45:05.110724 [debug] [Thread-2 (]: Finished running node model.olist_pipeline.stg_orders
[0m14:45:05.114547 [debug] [Thread-2 (]: Began running node model.olist_pipeline.dim_customers
[0m14:45:05.117897 [info ] [Thread-2 (]: 13 of 23 START sql table model ANALYTICS.dim_customers ......................... [RUN]
[0m14:45:05.120749 [debug] [Thread-2 (]: Re-using an available connection from the pool (formerly model.olist_pipeline.stg_orders, now model.olist_pipeline.dim_customers)
[0m14:45:05.123101 [debug] [Thread-2 (]: Began compiling node model.olist_pipeline.dim_customers
[0m14:45:05.138287 [debug] [Thread-2 (]: Writing injected SQL for node "model.olist_pipeline.dim_customers"
[0m14:45:05.165252 [debug] [Thread-2 (]: Began executing node model.olist_pipeline.dim_customers
[0m14:45:05.170719 [debug] [Thread-2 (]: Writing runtime sql for node "model.olist_pipeline.dim_customers"
[0m14:45:05.198303 [debug] [Thread-2 (]: Using snowflake connection "model.olist_pipeline.dim_customers"
[0m14:45:05.200629 [debug] [Thread-2 (]: On model.olist_pipeline.dim_customers: /* {"app": "dbt", "dbt_version": "1.12.0", "profile_name": "olist_pipeline", "target_name": "dev", "node_id": "model.olist_pipeline.dim_customers"} */
create or replace transient table PROJETO_OLIST_DB.ANALYTICS.dim_customers
         as
        (with customers as (
    select * from PROJETO_OLIST_DB.ANALYTICS.stg_customers
)

select
    md5(cast(coalesce(cast(customer_id as TEXT), '_dbt_utils_surrogate_key_null_') as TEXT)) as customer_key,
    customer_id,
    customer_unique_id,
    customer_zip_code_prefix as zip_code_prefix,
    customer_city as city,
    customer_state as state
from customers
        );
[0m14:45:05.203624 [debug] [Thread-2 (]: Opening a new connection, currently in state closed
[0m14:45:05.347056 [debug] [Thread-4 (]: Sending event: {'category': 'dbt', 'action': 'run_model', 'label': 'fb0778f9-c81f-4f7c-9be7-5af874ab03f7', 'context': [<snowplow_tracker.self_describing_json.SelfDescribingJson object at 0x7f6919d7d410>]}
[0m14:45:05.350702 [info ] [Thread-4 (]: 10 of 23 OK created sql view model ANALYTICS.stg_products ...................... [[32mSUCCESS 1[0m in 2.53s]
[0m14:45:05.354438 [debug] [Thread-4 (]: Finished running node model.olist_pipeline.stg_products
[0m14:45:05.361639 [debug] [Thread-4 (]: Began running node model.olist_pipeline.fact_payments
[0m14:45:05.369433 [debug] [Thread-3 (]: Sending event: {'category': 'dbt', 'action': 'run_model', 'label': 'fb0778f9-c81f-4f7c-9be7-5af874ab03f7', 'context': [<snowplow_tracker.self_describing_json.SelfDescribingJson object at 0x7f6918f00ed0>]}
[0m14:45:05.366175 [info ] [Thread-4 (]: 14 of 23 START sql table model ANALYTICS.fact_payments ......................... [RUN]
[0m14:45:05.376663 [info ] [Thread-3 (]: 11 of 23 OK created sql view model ANALYTICS.stg_sellers ....................... [[32mSUCCESS 1[0m in 2.55s]
[0m14:45:05.385127 [debug] [Thread-4 (]: Re-using an available connection from the pool (formerly model.olist_pipeline.stg_products, now model.olist_pipeline.fact_payments)
[0m14:45:05.392050 [debug] [Thread-3 (]: Finished running node model.olist_pipeline.stg_sellers
[0m14:45:05.397165 [debug] [Thread-4 (]: Began compiling node model.olist_pipeline.fact_payments
[0m14:45:05.402692 [debug] [Thread-3 (]: Began running node model.olist_pipeline.dim_products
[0m14:45:05.425276 [debug] [Thread-4 (]: Writing injected SQL for node "model.olist_pipeline.fact_payments"
[0m14:45:05.429658 [info ] [Thread-3 (]: 15 of 23 START sql table model ANALYTICS.dim_products .......................... [RUN]
[0m14:45:05.435336 [debug] [Thread-3 (]: Re-using an available connection from the pool (formerly model.olist_pipeline.stg_sellers, now model.olist_pipeline.dim_products)
[0m14:45:05.437951 [debug] [Thread-3 (]: Began compiling node model.olist_pipeline.dim_products
[0m14:45:05.449851 [debug] [Thread-3 (]: Writing injected SQL for node "model.olist_pipeline.dim_products"
[0m14:45:05.458454 [debug] [Thread-4 (]: Began executing node model.olist_pipeline.fact_payments
[0m14:45:05.468902 [debug] [Thread-4 (]: Writing runtime sql for node "model.olist_pipeline.fact_payments"
[0m14:45:05.470603 [debug] [Thread-3 (]: Began executing node model.olist_pipeline.dim_products
[0m14:45:05.480856 [debug] [Thread-3 (]: Writing runtime sql for node "model.olist_pipeline.dim_products"
[0m14:45:05.495487 [debug] [Thread-4 (]: Using snowflake connection "model.olist_pipeline.fact_payments"
[0m14:45:05.499117 [debug] [Thread-4 (]: On model.olist_pipeline.fact_payments: /* {"app": "dbt", "dbt_version": "1.12.0", "profile_name": "olist_pipeline", "target_name": "dev", "node_id": "model.olist_pipeline.fact_payments"} */
create or replace transient table PROJETO_OLIST_DB.ANALYTICS.fact_payments
         as
        (with payments as (
    select * from PROJETO_OLIST_DB.ANALYTICS.stg_order_payments
)

select
    md5(cast(coalesce(cast(order_id as TEXT), '_dbt_utils_surrogate_key_null_') || '-' || coalesce(cast(payment_sequential as TEXT), '_dbt_utils_surrogate_key_null_') as TEXT)) as payment_key,
    order_id,
    payment_sequential,
    payment_type,
    payment_installments,
    payment_value
from payments
        );
[0m14:45:05.503559 [debug] [Thread-3 (]: Using snowflake connection "model.olist_pipeline.dim_products"
[0m14:45:05.505759 [debug] [Thread-4 (]: Opening a new connection, currently in state closed
[0m14:45:05.509364 [debug] [Thread-3 (]: On model.olist_pipeline.dim_products: /* {"app": "dbt", "dbt_version": "1.12.0", "profile_name": "olist_pipeline", "target_name": "dev", "node_id": "model.olist_pipeline.dim_products"} */
create or replace transient table PROJETO_OLIST_DB.ANALYTICS.dim_products
         as
        (with products as (
    select * from PROJETO_OLIST_DB.ANALYTICS.stg_products
),

category_translation as (
    select * from PROJETO_OLIST_DB.ANALYTICS.stg_category_translation
)

select
    md5(cast(coalesce(cast(products.product_id as TEXT), '_dbt_utils_surrogate_key_null_') as TEXT)) as product_key,
    products.product_id,
    products.product_category_name as category_name,
    coalesce(category_translation.product_category_name_english, products.product_category_name)
        as category_name_english,
    products.product_name_lenght,
    products.product_description_lenght,
    products.product_photos_qty,
    products.product_weight_g,
    products.product_length_cm,
    products.product_height_cm,
    products.product_width_cm,
    products.product_length_cm * products.product_height_cm * products.product_width_cm
        as product_volume_cm3
from products
left join category_translation
    on products.product_category_name = category_translation.product_category_name
        );
[0m14:45:05.531216 [debug] [Thread-3 (]: Opening a new connection, currently in state closed
[0m14:45:06.807925 [debug] [Thread-1 (]: SQL status: SUCCESS 1 in 3.092 seconds
[0m14:45:06.815674 [debug] [Thread-1 (]: On model.olist_pipeline.dim_geolocation: Close
[0m14:45:07.321194 [debug] [Thread-1 (]: Sending event: {'category': 'dbt', 'action': 'run_model', 'label': 'fb0778f9-c81f-4f7c-9be7-5af874ab03f7', 'context': [<snowplow_tracker.self_describing_json.SelfDescribingJson object at 0x7f6919443a10>]}
[0m14:45:07.325216 [info ] [Thread-1 (]: 12 of 23 OK created sql table model ANALYTICS.dim_geolocation .................. [[32mSUCCESS 1[0m in 3.68s]
[0m14:45:07.332331 [debug] [Thread-1 (]: Finished running node model.olist_pipeline.dim_geolocation
[0m14:45:07.335998 [debug] [Thread-1 (]: Began running node model.olist_pipeline.dim_sellers
[0m14:45:07.339346 [info ] [Thread-1 (]: 16 of 23 START sql table model ANALYTICS.dim_sellers ........................... [RUN]
[0m14:45:07.342664 [debug] [Thread-1 (]: Re-using an available connection from the pool (formerly model.olist_pipeline.dim_geolocation, now model.olist_pipeline.dim_sellers)
[0m14:45:07.345610 [debug] [Thread-1 (]: Began compiling node model.olist_pipeline.dim_sellers
[0m14:45:07.361515 [debug] [Thread-1 (]: Writing injected SQL for node "model.olist_pipeline.dim_sellers"
[0m14:45:07.383755 [debug] [Thread-1 (]: Began executing node model.olist_pipeline.dim_sellers
[0m14:45:07.392799 [debug] [Thread-1 (]: Writing runtime sql for node "model.olist_pipeline.dim_sellers"
[0m14:45:07.419890 [debug] [Thread-1 (]: Using snowflake connection "model.olist_pipeline.dim_sellers"
[0m14:45:07.423218 [debug] [Thread-1 (]: On model.olist_pipeline.dim_sellers: /* {"app": "dbt", "dbt_version": "1.12.0", "profile_name": "olist_pipeline", "target_name": "dev", "node_id": "model.olist_pipeline.dim_sellers"} */
create or replace transient table PROJETO_OLIST_DB.ANALYTICS.dim_sellers
         as
        (with sellers as (
    select * from PROJETO_OLIST_DB.ANALYTICS.stg_sellers
)

select
    md5(cast(coalesce(cast(seller_id as TEXT), '_dbt_utils_surrogate_key_null_') as TEXT)) as seller_key,
    seller_id,
    zip_code_prefix,
    city,
    state
from sellers
        );
[0m14:45:07.425960 [debug] [Thread-1 (]: Opening a new connection, currently in state closed
[0m14:45:08.281951 [debug] [Thread-2 (]: SQL status: SUCCESS 1 in 3.078 seconds
[0m14:45:08.287958 [debug] [Thread-2 (]: On model.olist_pipeline.dim_customers: Close
[0m14:45:09.014813 [debug] [Thread-4 (]: SQL status: SUCCESS 1 in 3.509 seconds
[0m14:45:09.018878 [debug] [Thread-2 (]: Sending event: {'category': 'dbt', 'action': 'run_model', 'label': 'fb0778f9-c81f-4f7c-9be7-5af874ab03f7', 'context': [<snowplow_tracker.self_describing_json.SelfDescribingJson object at 0x7f69190592d0>]}
[0m14:45:09.024826 [debug] [Thread-4 (]: On model.olist_pipeline.fact_payments: Close
[0m14:45:09.027149 [info ] [Thread-2 (]: 13 of 23 OK created sql table model ANALYTICS.dim_customers .................... [[32mSUCCESS 1[0m in 3.90s]
[0m14:45:09.035615 [debug] [Thread-2 (]: Finished running node model.olist_pipeline.dim_customers
[0m14:45:09.038443 [debug] [Thread-2 (]: Began running node model.olist_pipeline.fact_orders
[0m14:45:09.041390 [info ] [Thread-2 (]: 17 of 23 START sql table model ANALYTICS.fact_orders ........................... [RUN]
[0m14:45:09.043883 [debug] [Thread-2 (]: Re-using an available connection from the pool (formerly model.olist_pipeline.dim_customers, now model.olist_pipeline.fact_orders)
[0m14:45:09.045601 [debug] [Thread-2 (]: Began compiling node model.olist_pipeline.fact_orders
[0m14:45:09.055771 [debug] [Thread-2 (]: Writing injected SQL for node "model.olist_pipeline.fact_orders"
[0m14:45:09.061877 [debug] [Thread-3 (]: SQL status: SUCCESS 1 in 3.531 seconds
[0m14:45:09.071282 [debug] [Thread-3 (]: On model.olist_pipeline.dim_products: Close
[0m14:45:09.077484 [debug] [Thread-2 (]: Began executing node model.olist_pipeline.fact_orders
[0m14:45:09.085095 [debug] [Thread-2 (]: Writing runtime sql for node "model.olist_pipeline.fact_orders"
[0m14:45:09.108498 [debug] [Thread-2 (]: Using snowflake connection "model.olist_pipeline.fact_orders"
[0m14:45:09.110509 [debug] [Thread-2 (]: On model.olist_pipeline.fact_orders: /* {"app": "dbt", "dbt_version": "1.12.0", "profile_name": "olist_pipeline", "target_name": "dev", "node_id": "model.olist_pipeline.fact_orders"} */
create or replace transient table PROJETO_OLIST_DB.ANALYTICS.fact_orders
         as
        (with orders as (
    select * from PROJETO_OLIST_DB.ANALYTICS.stg_orders
),

customers as (
    select customer_id, customer_key from PROJETO_OLIST_DB.ANALYTICS.dim_customers
)

select
    md5(cast(coalesce(cast(orders.order_id as TEXT), '_dbt_utils_surrogate_key_null_') as TEXT)) as order_key,
    orders.order_id,
    customers.customer_key,
    orders.order_status,
    orders.order_purchase_timestamp,
    orders.order_approved_at,
    orders.order_delivered_carrier_date,
    orders.order_delivered_customer_date,
    orders.order_estimated_delivery_date,
    case
        when orders.order_delivered_customer_date is not null
            and orders.order_estimated_delivery_date is not null
        then orders.order_delivered_customer_date > orders.order_estimated_delivery_date
    end as is_late,
    datediff('day', orders.order_purchase_timestamp, orders.order_delivered_customer_date)
        as delivery_days,
    datediff('day', orders.order_purchase_timestamp, orders.order_estimated_delivery_date)
        as estimated_delivery_days,
    datediff('hour', orders.order_purchase_timestamp, orders.order_approved_at)
        as approval_delay_hours
from orders
left join customers on orders.customer_id = customers.customer_id
        );
[0m14:45:09.112726 [debug] [Thread-2 (]: Opening a new connection, currently in state closed
[0m14:45:09.539209 [debug] [Thread-4 (]: Sending event: {'category': 'dbt', 'action': 'run_model', 'label': 'fb0778f9-c81f-4f7c-9be7-5af874ab03f7', 'context': [<snowplow_tracker.self_describing_json.SelfDescribingJson object at 0x7f69190fa210>]}
[0m14:45:09.542219 [info ] [Thread-4 (]: 14 of 23 OK created sql table model ANALYTICS.fact_payments .................... [[32mSUCCESS 1[0m in 4.15s]
[0m14:45:09.545231 [debug] [Thread-4 (]: Finished running node model.olist_pipeline.fact_payments
[0m14:45:09.611559 [debug] [Thread-3 (]: Sending event: {'category': 'dbt', 'action': 'run_model', 'label': 'fb0778f9-c81f-4f7c-9be7-5af874ab03f7', 'context': [<snowplow_tracker.self_describing_json.SelfDescribingJson object at 0x7f6919040390>]}
[0m14:45:09.614826 [info ] [Thread-3 (]: 15 of 23 OK created sql table model ANALYTICS.dim_products ..................... [[32mSUCCESS 1[0m in 4.18s]
[0m14:45:09.618125 [debug] [Thread-3 (]: Finished running node model.olist_pipeline.dim_products
[0m14:45:10.187246 [debug] [Thread-1 (]: SQL status: SUCCESS 1 in 2.761 seconds
[0m14:45:10.192687 [debug] [Thread-1 (]: On model.olist_pipeline.dim_sellers: Close
[0m14:45:10.753471 [debug] [Thread-1 (]: Sending event: {'category': 'dbt', 'action': 'run_model', 'label': 'fb0778f9-c81f-4f7c-9be7-5af874ab03f7', 'context': [<snowplow_tracker.self_describing_json.SelfDescribingJson object at 0x7f6918df7890>]}
[0m14:45:10.755676 [info ] [Thread-1 (]: 16 of 23 OK created sql table model ANALYTICS.dim_sellers ...................... [[32mSUCCESS 1[0m in 3.41s]
[0m14:45:10.757946 [debug] [Thread-1 (]: Finished running node model.olist_pipeline.dim_sellers
[0m14:45:10.759570 [debug] [Thread-4 (]: Began running node model.olist_pipeline.fact_order_items
[0m14:45:10.760948 [info ] [Thread-4 (]: 18 of 23 START sql table model ANALYTICS.fact_order_items ...................... [RUN]
[0m14:45:10.763667 [debug] [Thread-4 (]: Re-using an available connection from the pool (formerly model.olist_pipeline.fact_payments, now model.olist_pipeline.fact_order_items)
[0m14:45:10.766415 [debug] [Thread-4 (]: Began compiling node model.olist_pipeline.fact_order_items
[0m14:45:10.771725 [debug] [Thread-4 (]: Writing injected SQL for node "model.olist_pipeline.fact_order_items"
[0m14:45:10.789293 [debug] [Thread-4 (]: Began executing node model.olist_pipeline.fact_order_items
[0m14:45:10.795554 [debug] [Thread-4 (]: Writing runtime sql for node "model.olist_pipeline.fact_order_items"
[0m14:45:10.816026 [debug] [Thread-4 (]: Using snowflake connection "model.olist_pipeline.fact_order_items"
[0m14:45:10.819149 [debug] [Thread-4 (]: On model.olist_pipeline.fact_order_items: /* {"app": "dbt", "dbt_version": "1.12.0", "profile_name": "olist_pipeline", "target_name": "dev", "node_id": "model.olist_pipeline.fact_order_items"} */
create or replace transient table PROJETO_OLIST_DB.ANALYTICS.fact_order_items
         as
        (with order_items as (
    select * from PROJETO_OLIST_DB.ANALYTICS.stg_order_items
),

products as (
    select product_id, product_key from PROJETO_OLIST_DB.ANALYTICS.dim_products
),

sellers as (
    select seller_id, seller_key from PROJETO_OLIST_DB.ANALYTICS.dim_sellers
)

select
    md5(cast(coalesce(cast(order_items.order_id as TEXT), '_dbt_utils_surrogate_key_null_') || '-' || coalesce(cast(order_items.order_item_id as TEXT), '_dbt_utils_surrogate_key_null_') as TEXT))
        as order_item_key,
    order_items.order_id,
    order_items.order_item_id,
    products.product_key,
    sellers.seller_key,
    order_items.shipping_limit_date,
    order_items.price,
    order_items.freight_value
from order_items
left join products on order_items.product_id = products.product_id
left join sellers on order_items.seller_id = sellers.seller_id
        );
[0m14:45:10.823372 [debug] [Thread-4 (]: Opening a new connection, currently in state closed
[0m14:45:14.030889 [debug] [Thread-4 (]: SQL status: SUCCESS 1 in 3.208 seconds
[0m14:45:14.034842 [debug] [Thread-4 (]: On model.olist_pipeline.fact_order_items: Close
[0m14:45:14.144761 [debug] [Thread-2 (]: SQL status: SUCCESS 1 in 5.032 seconds
[0m14:45:14.150522 [debug] [Thread-2 (]: On model.olist_pipeline.fact_orders: Close
[0m14:45:14.588054 [debug] [Thread-4 (]: Sending event: {'category': 'dbt', 'action': 'run_model', 'label': 'fb0778f9-c81f-4f7c-9be7-5af874ab03f7', 'context': [<snowplow_tracker.self_describing_json.SelfDescribingJson object at 0x7f6918f6f850>]}
[0m14:45:14.590590 [info ] [Thread-4 (]: 18 of 23 OK created sql table model ANALYTICS.fact_order_items ................. [[32mSUCCESS 1[0m in 3.82s]
[0m14:45:14.592979 [debug] [Thread-4 (]: Finished running node model.olist_pipeline.fact_order_items
[0m14:45:14.648651 [debug] [Thread-2 (]: Sending event: {'category': 'dbt', 'action': 'run_model', 'label': 'fb0778f9-c81f-4f7c-9be7-5af874ab03f7', 'context': [<snowplow_tracker.self_describing_json.SelfDescribingJson object at 0x7f6918f449d0>]}
[0m14:45:14.652023 [info ] [Thread-2 (]: 17 of 23 OK created sql table model ANALYTICS.fact_orders ...................... [[32mSUCCESS 1[0m in 5.60s]
[0m14:45:14.655811 [debug] [Thread-2 (]: Finished running node model.olist_pipeline.fact_orders
[0m14:45:14.658736 [debug] [Thread-1 (]: Began running node model.olist_pipeline.fact_reviews
[0m14:45:14.660201 [debug] [Thread-3 (]: Began running node model.olist_pipeline.mart_delivery_kpis
[0m14:45:14.661083 [debug] [Thread-4 (]: Began running node model.olist_pipeline.mart_late_delivery_features
[0m14:45:14.661797 [debug] [Thread-2 (]: Began running node model.olist_pipeline.mart_ml_results
[0m14:45:14.663110 [info ] [Thread-1 (]: 19 of 23 START sql table model ANALYTICS.fact_reviews .......................... [RUN]
[0m14:45:14.665834 [info ] [Thread-3 (]: 20 of 23 START sql table model ANALYTICS.mart_delivery_kpis .................... [RUN]
[0m14:45:14.668049 [info ] [Thread-4 (]: 21 of 23 START sql table model ANALYTICS.mart_late_delivery_features ........... [RUN]
[0m14:45:14.671422 [info ] [Thread-2 (]: 22 of 23 START sql table model ANALYTICS.mart_ml_results ....................... [RUN]
[0m14:45:14.673677 [debug] [Thread-1 (]: Re-using an available connection from the pool (formerly model.olist_pipeline.dim_sellers, now model.olist_pipeline.fact_reviews)
[0m14:45:14.675653 [debug] [Thread-3 (]: Re-using an available connection from the pool (formerly model.olist_pipeline.dim_products, now model.olist_pipeline.mart_delivery_kpis)
[0m14:45:14.677207 [debug] [Thread-4 (]: Re-using an available connection from the pool (formerly model.olist_pipeline.fact_order_items, now model.olist_pipeline.mart_late_delivery_features)
[0m14:45:14.679163 [debug] [Thread-2 (]: Re-using an available connection from the pool (formerly model.olist_pipeline.fact_orders, now model.olist_pipeline.mart_ml_results)
[0m14:45:14.681150 [debug] [Thread-1 (]: Began compiling node model.olist_pipeline.fact_reviews
[0m14:45:14.683506 [debug] [Thread-3 (]: Began compiling node model.olist_pipeline.mart_delivery_kpis
[0m14:45:14.686253 [debug] [Thread-4 (]: Began compiling node model.olist_pipeline.mart_late_delivery_features
[0m14:45:14.688749 [debug] [Thread-2 (]: Began compiling node model.olist_pipeline.mart_ml_results
[0m14:45:14.698040 [debug] [Thread-1 (]: Writing injected SQL for node "model.olist_pipeline.fact_reviews"
[0m14:45:14.702915 [debug] [Thread-3 (]: Writing injected SQL for node "model.olist_pipeline.mart_delivery_kpis"
[0m14:45:14.709664 [debug] [Thread-4 (]: Writing injected SQL for node "model.olist_pipeline.mart_late_delivery_features"
[0m14:45:14.858648 [debug] [Thread-2 (]: Writing injected SQL for node "model.olist_pipeline.mart_ml_results"
[0m14:45:14.870648 [debug] [Thread-3 (]: Began executing node model.olist_pipeline.mart_delivery_kpis
[0m14:45:14.871514 [debug] [Thread-4 (]: Began executing node model.olist_pipeline.mart_late_delivery_features
[0m14:45:14.872188 [debug] [Thread-1 (]: Began executing node model.olist_pipeline.fact_reviews
[0m14:45:14.875418 [debug] [Thread-3 (]: Writing runtime sql for node "model.olist_pipeline.mart_delivery_kpis"
[0m14:45:14.875998 [debug] [Thread-2 (]: Began executing node model.olist_pipeline.mart_ml_results
[0m14:45:14.880252 [debug] [Thread-4 (]: Writing runtime sql for node "model.olist_pipeline.mart_late_delivery_features"
[0m14:45:14.884551 [debug] [Thread-1 (]: Writing runtime sql for node "model.olist_pipeline.fact_reviews"
[0m14:45:14.891081 [debug] [Thread-2 (]: Writing runtime sql for node "model.olist_pipeline.mart_ml_results"
[0m14:45:14.904644 [debug] [Thread-3 (]: Using snowflake connection "model.olist_pipeline.mart_delivery_kpis"
[0m14:45:14.907780 [debug] [Thread-2 (]: Using snowflake connection "model.olist_pipeline.mart_ml_results"
[0m14:45:14.910065 [debug] [Thread-3 (]: On model.olist_pipeline.mart_delivery_kpis: /* {"app": "dbt", "dbt_version": "1.12.0", "profile_name": "olist_pipeline", "target_name": "dev", "node_id": "model.olist_pipeline.mart_delivery_kpis"} */
create or replace transient table PROJETO_OLIST_DB.ANALYTICS.mart_delivery_kpis
         as
        (-- Fatos agregados para o dashboard Metabase: % de pedidos atrasados e tempo médio de entrega
-- por estado do cliente - a mesma pergunta de negócio que orienta mart_late_delivery_features,
-- em formato pronto para visualização (ex.: priorizar intervenção logística por região).

with orders as (
    select * from PROJETO_OLIST_DB.ANALYTICS.fact_orders
),

customers as (
    select * from PROJETO_OLIST_DB.ANALYTICS.dim_customers
)

select
    customers.state as customer_state,
    count(*) as order_count,
    sum(case when orders.is_late then 1 else 0 end) as late_count,
    sum(case when orders.is_late then 1 else 0 end) / nullif(count(*), 0)::float as pct_late,
    avg(orders.delivery_days) as avg_delivery_days,
    avg(orders.estimated_delivery_days) as avg_estimated_delivery_days
from orders
left join customers on orders.customer_key = customers.customer_key
where orders.order_status = 'delivered'
    and orders.order_delivered_customer_date is not null
    and orders.order_estimated_delivery_date is not null
group by customers.state
        );
[0m14:45:14.914355 [debug] [Thread-4 (]: Using snowflake connection "model.olist_pipeline.mart_late_delivery_features"
[0m14:45:14.916060 [debug] [Thread-1 (]: Using snowflake connection "model.olist_pipeline.fact_reviews"
[0m14:45:14.918169 [debug] [Thread-2 (]: On model.olist_pipeline.mart_ml_results: /* {"app": "dbt", "dbt_version": "1.12.0", "profile_name": "olist_pipeline", "target_name": "dev", "node_id": "model.olist_pipeline.mart_ml_results"} */
create or replace transient table PROJETO_OLIST_DB.ANALYTICS.mart_ml_results
         as
        (-- Predições do conjunto de teste (hard-code vs. sklearn) prontas para o dashboard e para a
-- análise de acertos/erros pedida na avaliação qualitativa (docs/avaliacao.md).

with predictions as (
    select * from PROJETO_OLIST_DB.ANALYTICS.stg_ml_predictions
),

orders as (
    select * from PROJETO_OLIST_DB.ANALYTICS.fact_orders
),

customers as (
    select * from PROJETO_OLIST_DB.ANALYTICS.dim_customers
)

select
    predictions.order_id,
    predictions.true_label,
    predictions.predicted_label_hardcode,
    predictions.predicted_label_sklearn,
    predictions.model_version,
    predictions.predicted_at,
    (predictions.true_label = predictions.predicted_label_hardcode) as hardcode_correct,
    (predictions.true_label = predictions.predicted_label_sklearn) as sklearn_correct,
    customers.state as customer_state
from predictions
left join orders on predictions.order_id = orders.order_id
left join customers on orders.customer_key = customers.customer_key
        );
[0m14:45:14.921818 [debug] [Thread-3 (]: Opening a new connection, currently in state closed
[0m14:45:14.924321 [debug] [Thread-4 (]: On model.olist_pipeline.mart_late_delivery_features: /* {"app": "dbt", "dbt_version": "1.12.0", "profile_name": "olist_pipeline", "target_name": "dev", "node_id": "model.olist_pipeline.mart_late_delivery_features"} */
create or replace transient table PROJETO_OLIST_DB.ANALYTICS.mart_late_delivery_features
         as
        (-- Tabela final para consumo pelo módulo de Machine Learning (machine-learning/data_prep.py):
-- uma linha por pedido entregue, com features estruturadas + o alvo is_late (atraso na entrega).
--
-- distance_km usa a função nativa HAVERSINE() do Snowflake entre o centróide de CEP do cliente
-- e do vendedor "primário" do pedido (o do primeiro item - simplificação documentada: pedidos
-- com vários vendedores/itens usam só a localização do primeiro item).

with orders as (
    select * from PROJETO_OLIST_DB.ANALYTICS.fact_orders
),

customers as (
    select * from PROJETO_OLIST_DB.ANALYTICS.dim_customers
),

items as (
    select * from PROJETO_OLIST_DB.ANALYTICS.fact_order_items
),

sellers as (
    select * from PROJETO_OLIST_DB.ANALYTICS.dim_sellers
),

products as (
    select * from PROJETO_OLIST_DB.ANALYTICS.dim_products
),

payments as (
    select * from PROJETO_OLIST_DB.ANALYTICS.fact_payments
),

geolocation as (
    select * from PROJETO_OLIST_DB.ANALYTICS.dim_geolocation
),

item_agg as (
    select
        items.order_id,
        count(*) as item_count,
        sum(items.price) as total_price,
        sum(items.freight_value) as total_freight,
        avg(products.product_weight_g) as avg_product_weight_g,
        avg(products.product_volume_cm3) as avg_product_volume_cm3
    from items
    left join products on items.product_key = products.product_key
    group by items.order_id
),

primary_seller as (
    select order_id, seller_key
    from items
    qualify row_number() over (partition by order_id order by order_item_id) = 1
),

payment_agg as (
    select
        order_id,
        max(payment_installments) as payment_installments_max,
        sum(payment_value) as payment_value_total
    from payments
    group by order_id
),

customer_geo as (
    select
        customers.customer_key,
        customers.state,
        geolocation.lat,
        geolocation.lng
    from customers
    left join geolocation on customers.zip_code_prefix = geolocation.zip_code_prefix
),

seller_geo as (
    select
        sellers.seller_key,
        sellers.state,
        geolocation.lat,
        geolocation.lng
    from sellers
    left join geolocation on sellers.zip_code_prefix = geolocation.zip_code_prefix
)

select
    orders.order_id,
    orders.is_late,
    item_agg.total_price,
    item_agg.total_freight,
    item_agg.item_count,
    item_agg.avg_product_weight_g,
    item_agg.avg_product_volume_cm3,
    payment_agg.payment_installments_max,
    payment_agg.payment_value_total,
    orders.approval_delay_hours,
    orders.estimated_delivery_days,
    dayofweek(orders.order_purchase_timestamp) as purchase_dow,
    month(orders.order_purchase_timestamp) as purchase_month,
    haversine(customer_geo.lat, customer_geo.lng, seller_geo.lat, seller_geo.lng) as distance_km,
    iff(customer_geo.state = seller_geo.state, 1, 0) as same_state_flag,
    customer_geo.state as customer_state,
    seller_geo.state as seller_state
from orders
inner join item_agg on orders.order_id = item_agg.order_id
left join payment_agg on orders.order_id = payment_agg.order_id
left join primary_seller on orders.order_id = primary_seller.order_id
left join seller_geo on primary_seller.seller_key = seller_geo.seller_key
left join customer_geo on orders.customer_key = customer_geo.customer_key
where orders.order_status = 'delivered'
    and orders.order_delivered_customer_date is not null
    and orders.order_estimated_delivery_date is not null
        );
[0m14:45:14.926426 [debug] [Thread-1 (]: On model.olist_pipeline.fact_reviews: /* {"app": "dbt", "dbt_version": "1.12.0", "profile_name": "olist_pipeline", "target_name": "dev", "node_id": "model.olist_pipeline.fact_reviews"} */
create or replace transient table PROJETO_OLIST_DB.ANALYTICS.fact_reviews
         as
        (with reviews as (
    select * from PROJETO_OLIST_DB.ANALYTICS.stg_order_reviews
),

orders as (
    select order_id, order_key from PROJETO_OLIST_DB.ANALYTICS.fact_orders
)

-- Grao: review_id + order_id (nao so review_id) - limitacao real do dataset Olist: ~0,8% dos
-- review_id se repetem em order_id diferentes (ver docs/dicionario_dados.md).
select
    md5(cast(coalesce(cast(reviews.review_id as TEXT), '_dbt_utils_surrogate_key_null_') || '-' || coalesce(cast(reviews.order_id as TEXT), '_dbt_utils_surrogate_key_null_') as TEXT)) as review_key,
    reviews.review_id,
    reviews.order_id,
    orders.order_key,
    reviews.review_score,
    reviews.review_comment_title,
    reviews.review_comment_message,
    reviews.sentiment_label,
    reviews.review_creation_date,
    reviews.review_answer_timestamp
from reviews
left join orders on reviews.order_id = orders.order_id
        );
[0m14:45:14.928362 [debug] [Thread-2 (]: Opening a new connection, currently in state closed
[0m14:45:14.933960 [debug] [Thread-4 (]: Opening a new connection, currently in state closed
[0m14:45:14.949515 [debug] [Thread-1 (]: Opening a new connection, currently in state closed
[0m14:45:17.524917 [debug] [Thread-3 (]: SQL status: SUCCESS 1 in 2.603 seconds
[0m14:45:17.529594 [debug] [Thread-3 (]: On model.olist_pipeline.mart_delivery_kpis: Close
[0m14:45:18.023218 [debug] [Thread-3 (]: Sending event: {'category': 'dbt', 'action': 'run_model', 'label': 'fb0778f9-c81f-4f7c-9be7-5af874ab03f7', 'context': [<snowplow_tracker.self_describing_json.SelfDescribingJson object at 0x7f69193acdd0>]}
[0m14:45:18.030951 [info ] [Thread-3 (]: 20 of 23 OK created sql table model ANALYTICS.mart_delivery_kpis ............... [[32mSUCCESS 1[0m in 3.35s]
[0m14:45:18.037623 [debug] [Thread-3 (]: Finished running node model.olist_pipeline.mart_delivery_kpis
[0m14:45:18.170697 [debug] [Thread-2 (]: SQL status: SUCCESS 1 in 3.242 seconds
[0m14:45:18.181162 [debug] [Thread-2 (]: On model.olist_pipeline.mart_ml_results: Close
[0m14:45:18.709503 [debug] [Thread-2 (]: Sending event: {'category': 'dbt', 'action': 'run_model', 'label': 'fb0778f9-c81f-4f7c-9be7-5af874ab03f7', 'context': [<snowplow_tracker.self_describing_json.SelfDescribingJson object at 0x7f6919032dd0>]}
[0m14:45:18.712250 [info ] [Thread-2 (]: 22 of 23 OK created sql table model ANALYTICS.mart_ml_results .................. [[32mSUCCESS 1[0m in 4.03s]
[0m14:45:18.715182 [debug] [Thread-2 (]: Finished running node model.olist_pipeline.mart_ml_results
[0m14:45:18.895937 [debug] [Thread-4 (]: SQL status: SUCCESS 1 in 3.962 seconds
[0m14:45:18.903939 [debug] [Thread-4 (]: On model.olist_pipeline.mart_late_delivery_features: Close
[0m14:45:19.101511 [debug] [Thread-1 (]: SQL status: SUCCESS 1 in 4.152 seconds
[0m14:45:19.107521 [debug] [Thread-1 (]: On model.olist_pipeline.fact_reviews: Close
[0m14:45:19.405559 [debug] [Thread-4 (]: Sending event: {'category': 'dbt', 'action': 'run_model', 'label': 'fb0778f9-c81f-4f7c-9be7-5af874ab03f7', 'context': [<snowplow_tracker.self_describing_json.SelfDescribingJson object at 0x7f691902d5d0>]}
[0m14:45:19.407458 [info ] [Thread-4 (]: 21 of 23 OK created sql table model ANALYTICS.mart_late_delivery_features ...... [[32mSUCCESS 1[0m in 4.73s]
[0m14:45:19.409189 [debug] [Thread-4 (]: Finished running node model.olist_pipeline.mart_late_delivery_features
[0m14:45:19.620841 [debug] [Thread-1 (]: Sending event: {'category': 'dbt', 'action': 'run_model', 'label': 'fb0778f9-c81f-4f7c-9be7-5af874ab03f7', 'context': [<snowplow_tracker.self_describing_json.SelfDescribingJson object at 0x7f691b2134d0>]}
[0m14:45:20.501253 [debug] [Thread-1 (]: An error was encountered while trying to send an event
[0m14:45:20.507017 [info ] [Thread-1 (]: 19 of 23 OK created sql table model ANALYTICS.fact_reviews ..................... [[32mSUCCESS 1[0m in 4.95s]
[0m14:45:20.510979 [debug] [Thread-1 (]: Finished running node model.olist_pipeline.fact_reviews
[0m14:45:20.513712 [debug] [Thread-3 (]: Began running node model.olist_pipeline.mart_sentiment_kpis
[0m14:45:20.515446 [info ] [Thread-3 (]: 23 of 23 START sql table model ANALYTICS.mart_sentiment_kpis ................... [RUN]
[0m14:45:20.517363 [debug] [Thread-3 (]: Re-using an available connection from the pool (formerly model.olist_pipeline.mart_delivery_kpis, now model.olist_pipeline.mart_sentiment_kpis)
[0m14:45:20.519925 [debug] [Thread-3 (]: Began compiling node model.olist_pipeline.mart_sentiment_kpis
[0m14:45:20.526642 [debug] [Thread-3 (]: Writing injected SQL for node "model.olist_pipeline.mart_sentiment_kpis"
[0m14:45:20.544633 [debug] [Thread-3 (]: Began executing node model.olist_pipeline.mart_sentiment_kpis
[0m14:45:20.549639 [debug] [Thread-3 (]: Writing runtime sql for node "model.olist_pipeline.mart_sentiment_kpis"
[0m14:45:20.569418 [debug] [Thread-3 (]: Using snowflake connection "model.olist_pipeline.mart_sentiment_kpis"
[0m14:45:20.571085 [debug] [Thread-3 (]: On model.olist_pipeline.mart_sentiment_kpis: /* {"app": "dbt", "dbt_version": "1.12.0", "profile_name": "olist_pipeline", "target_name": "dev", "node_id": "model.olist_pipeline.mart_sentiment_kpis"} */
create or replace transient table PROJETO_OLIST_DB.ANALYTICS.mart_sentiment_kpis
         as
        (-- Fatos agregados para o dashboard Metabase: indicadores de sentimento por categoria de
-- produto. Cada review está ligada a um pedido (não diretamente a um produto); usa-se o
-- produto do primeiro item do pedido para evitar duplicar a review entre categorias em
-- pedidos com vários itens de categorias diferentes (mesma simplificação documentada em
-- mart_late_delivery_features para o vendedor "primário").

with reviews as (
    select * from PROJETO_OLIST_DB.ANALYTICS.fact_reviews
),

primary_item as (
    select order_id, product_key
    from PROJETO_OLIST_DB.ANALYTICS.fact_order_items
    qualify row_number() over (partition by order_id order by order_item_id) = 1
),

products as (
    select * from PROJETO_OLIST_DB.ANALYTICS.dim_products
)

select
    products.category_name_english,
    count(reviews.review_key) as review_count,
    avg(reviews.review_score) as avg_review_score,
    sum(case when reviews.sentiment_label = 'positive' then 1 else 0 end)
        / nullif(count(reviews.review_key), 0)::float as pct_positive,
    sum(case when reviews.sentiment_label = 'neutral' then 1 else 0 end)
        / nullif(count(reviews.review_key), 0)::float as pct_neutral,
    sum(case when reviews.sentiment_label = 'negative' then 1 else 0 end)
        / nullif(count(reviews.review_key), 0)::float as pct_negative
from reviews
left join primary_item on reviews.order_id = primary_item.order_id
left join products on primary_item.product_key = products.product_key
group by products.category_name_english
        );
[0m14:45:20.574095 [debug] [Thread-3 (]: Opening a new connection, currently in state closed
[0m14:45:23.625345 [debug] [Thread-3 (]: SQL status: SUCCESS 1 in 3.052 seconds
[0m14:45:23.630571 [debug] [Thread-3 (]: On model.olist_pipeline.mart_sentiment_kpis: Close
[0m14:45:24.133397 [debug] [Thread-3 (]: Sending event: {'category': 'dbt', 'action': 'run_model', 'label': 'fb0778f9-c81f-4f7c-9be7-5af874ab03f7', 'context': [<snowplow_tracker.self_describing_json.SelfDescribingJson object at 0x7f691902f8d0>]}
[0m14:45:24.137370 [info ] [Thread-3 (]: 23 of 23 OK created sql table model ANALYTICS.mart_sentiment_kpis .............. [[32mSUCCESS 1[0m in 3.62s]
[0m14:45:24.139884 [debug] [Thread-3 (]: Finished running node model.olist_pipeline.mart_sentiment_kpis
[0m14:45:24.144037 [debug] [MainThread]: Connection 'master' was properly closed.
[0m14:45:24.145484 [debug] [MainThread]: Connection 'model.olist_pipeline.fact_reviews' was properly closed.
[0m14:45:24.146935 [debug] [MainThread]: Connection 'model.olist_pipeline.mart_ml_results' was properly closed.
[0m14:45:24.148816 [debug] [MainThread]: Connection 'model.olist_pipeline.mart_sentiment_kpis' was properly closed.
[0m14:45:24.150621 [debug] [MainThread]: Connection 'model.olist_pipeline.mart_late_delivery_features' was properly closed.
[0m14:45:24.153380 [info ] [MainThread]: 
[0m14:45:24.155627 [info ] [MainThread]: Finished running 13 table models, 10 view models in 0 hours 0 minutes and 36.63 seconds (36.63s).
[0m14:45:24.160586 [debug] [MainThread]: Command end result
[0m14:45:24.283891 [debug] [MainThread]: Wrote artifact WritableManifest to /opt/airflow/project/dbt/olist_pipeline/target/manifest.json
[0m14:45:24.296656 [debug] [MainThread]: Wrote artifact SemanticManifest to /opt/airflow/project/dbt/olist_pipeline/target/semantic_manifest.json
[0m14:45:24.309130 [debug] [MainThread]: Wrote artifact OsiDocument to /opt/airflow/project/dbt/olist_pipeline/target/osi_document.json
[0m14:45:24.329480 [debug] [MainThread]: Wrote artifact RunExecutionResult to /opt/airflow/project/dbt/olist_pipeline/target/run_results.json
[0m14:45:24.331233 [info ] [MainThread]: 
[0m14:45:24.334664 [info ] [MainThread]: [32mCompleted successfully[0m
[0m14:45:24.337432 [info ] [MainThread]: 
[0m14:45:24.339236 [info ] [MainThread]: Done. PASS=23 WARN=0 ERROR=0 SKIP=0 NO-OP=0 REUSED=0 TOTAL=23
[0m14:45:24.343887 [debug] [MainThread]: Resource report: {"command_name": "run", "command_success": true, "command_wall_clock_time": 45.262875, "process_in_blocks": "32", "process_kernel_time": 4.185007, "process_mem_max_rss": "206012", "process_out_blocks": "5384", "process_user_time": 15.812277}
[0m14:45:24.346146 [debug] [MainThread]: Command `dbt run` succeeded at 14:45:24.345888 after 45.27 seconds
[0m14:45:24.348940 [debug] [MainThread]: Sending event: {'category': 'dbt', 'action': 'invocation', 'label': 'end', 'context': [<snowplow_tracker.self_describing_json.SelfDescribingJson object at 0x7f691d765cd0>, <snowplow_tracker.self_describing_json.SelfDescribingJson object at 0x7f691d74e410>, <snowplow_tracker.self_describing_json.SelfDescribingJson object at 0x7f691d74dad0>]}
[0m14:45:24.352351 [debug] [MainThread]: Flushing usage events
[0m14:45:25.058708 [debug] [MainThread]: An error was encountered while trying to flush usage events
[0m14:45:32.856773 [debug] [MainThread]: Sending event: {'category': 'dbt', 'action': 'invocation', 'label': 'start', 'context': [<snowplow_tracker.self_describing_json.SelfDescribingJson object at 0x78e65d212e10>, <snowplow_tracker.self_describing_json.SelfDescribingJson object at 0x78e65d08ca50>, <snowplow_tracker.self_describing_json.SelfDescribingJson object at 0x78e65f1a5090>]}


============================== 14:45:32.868919 | 8b31599d-0ced-4c8b-9aeb-da75f3e1d219 ==============================
[0m14:45:32.868919 [info ] [MainThread]: Running with dbt=1.12.0
[0m14:45:32.871703 [debug] [MainThread]: running dbt with arguments {'version_check': 'True', 'profiles_dir': '/opt/airflow/project/dbt/olist_pipeline', 'cache_selected_only': 'False', 'hints_enabled': 'True', 'no_print': 'None', 'introspect': 'True', 'fail_fast': 'False', 'indirect_selection': 'eager', 'target_path': 'None', 'warn_error_options': 'WarnErrorOptionsV2(error=[], warn=[], silence=[])', 'use_experimental_parser': 'False', 'printer_width': '80', 'use_colors': 'True', 'partial_parse': 'True', 'empty': 'None', 'log_cache_events': 'False', 'write_json': 'True', 'debug': 'False', 'log_path': '/opt/airflow/project/dbt/olist_pipeline/logs', 'log_format': 'default', 'send_anonymous_usage_stats': 'True', 'maximum_seed_size_mib': '1', 'invocation_command': 'dbt test --project-dir /opt/airflow/project/dbt/olist_pipeline --profiles-dir /opt/airflow/project/dbt/olist_pipeline', 'warn_error': 'None', 'static_parser': 'True', 'quiet': 'False'}
[0m14:45:33.767397 [debug] [MainThread]: Sending event: {'category': 'dbt', 'action': 'project_id', 'label': '8b31599d-0ced-4c8b-9aeb-da75f3e1d219', 'context': [<snowplow_tracker.self_describing_json.SelfDescribingJson object at 0x78e65b5cacd0>]}
[0m14:45:33.926606 [debug] [MainThread]: Sending event: {'category': 'dbt', 'action': 'adapter_info', 'label': '8b31599d-0ced-4c8b-9aeb-da75f3e1d219', 'context': [<snowplow_tracker.self_describing_json.SelfDescribingJson object at 0x78e65b528650>]}
[0m14:45:33.930444 [info ] [MainThread]: Registered adapter: snowflake=1.8.4
[0m14:45:34.125086 [debug] [MainThread]: checksum: 5029ac201ca95621a3c13f11212ebb88f023f43e83ad2fd6641dd4f215921ae1, vars: {}, profile: olist_pipeline, target: dev, version: 1.12.0
[0m14:45:36.049157 [debug] [MainThread]: Partial parsing enabled: 0 files deleted, 0 files added, 0 files changed.
[0m14:45:36.051463 [debug] [MainThread]: Nothing changed, skipping partial parsing.
[0m14:45:36.053747 [debug] [MainThread]: Partial parsing enabled, no changes found, skipping parsing
[0m14:45:36.076796 [debug] [MainThread]: Sending event: {'category': 'dbt', 'action': 'load_project', 'label': '8b31599d-0ced-4c8b-9aeb-da75f3e1d219', 'context': [<snowplow_tracker.self_describing_json.SelfDescribingJson object at 0x78e65b493590>]}
[0m14:45:36.514501 [debug] [MainThread]: Wrote artifact WritableManifest to /opt/airflow/project/dbt/olist_pipeline/target/manifest.json
[0m14:45:36.528076 [debug] [MainThread]: Wrote artifact SemanticManifest to /opt/airflow/project/dbt/olist_pipeline/target/semantic_manifest.json
[0m14:45:36.556442 [debug] [MainThread]: Wrote artifact OsiDocument to /opt/airflow/project/dbt/olist_pipeline/target/osi_document.json
[0m14:45:36.682201 [debug] [MainThread]: Sending event: {'category': 'dbt', 'action': 'resource_counts', 'label': '8b31599d-0ced-4c8b-9aeb-da75f3e1d219', 'context': [<snowplow_tracker.self_describing_json.SelfDescribingJson object at 0x78e65d403890>]}
[0m14:45:36.684875 [info ] [MainThread]: Found 23 models, 51 data tests, 10 sources, 621 macros
[0m14:45:36.688217 [debug] [MainThread]: Sending event: {'category': 'dbt', 'action': 'runnable_timing', 'label': '8b31599d-0ced-4c8b-9aeb-da75f3e1d219', 'context': [<snowplow_tracker.self_describing_json.SelfDescribingJson object at 0x78e65f1f3650>]}
[0m14:45:36.701979 [info ] [MainThread]: 
[0m14:45:36.707249 [info ] [MainThread]: Concurrency: 4 threads (target='dev')
[0m14:45:36.711974 [info ] [MainThread]: 
[0m14:45:36.715158 [debug] [MainThread]: Acquiring new snowflake connection 'master'
[0m14:45:36.731543 [debug] [ThreadPool]: Acquiring new snowflake connection 'list_PROJETO_OLIST_DB_ANALYTICS'
[0m14:45:36.764612 [debug] [ThreadPool]: Using snowflake connection "list_PROJETO_OLIST_DB_ANALYTICS"
[0m14:45:36.766970 [debug] [ThreadPool]: On list_PROJETO_OLIST_DB_ANALYTICS: /* {"app": "dbt", "dbt_version": "1.12.0", "profile_name": "olist_pipeline", "target_name": "dev", "connection_name": "list_PROJETO_OLIST_DB_ANALYTICS"} */
show objects in PROJETO_OLIST_DB.ANALYTICS limit 10000
[0m14:45:36.769253 [debug] [ThreadPool]: Opening a new connection, currently in state init
[0m14:45:39.544342 [debug] [ThreadPool]: SQL status: SUCCESS 23 in 2.775 seconds
[0m14:45:39.572394 [debug] [ThreadPool]: On list_PROJETO_OLIST_DB_ANALYTICS: Close
[0m14:45:40.125911 [debug] [MainThread]: Sending event: {'category': 'dbt', 'action': 'runnable_timing', 'label': '8b31599d-0ced-4c8b-9aeb-da75f3e1d219', 'context': [<snowplow_tracker.self_describing_json.SelfDescribingJson object at 0x78e65b028fd0>]}
[0m14:45:40.145702 [debug] [Thread-1 (]: Began running node test.olist_pipeline.accepted_values_fact_orders_order_status__delivered__shipped__canceled__unavailable__invoiced__processing__created__approved.cc059b4a00
[0m14:45:40.147324 [debug] [Thread-2 (]: Began running node test.olist_pipeline.accepted_values_fact_reviews_sentiment_label__positive__neutral__negative.acc96503d0
[0m14:45:40.148587 [debug] [Thread-3 (]: Began running node test.olist_pipeline.accepted_values_mart_ml_results_true_label__on_time__late.7772cee9b4
[0m14:45:40.149648 [debug] [Thread-4 (]: Began running node test.olist_pipeline.accepted_values_stg_order_reviews_sentiment_label__positive__neutral__negative.bbfbf3cbff
[0m14:45:40.151652 [info ] [Thread-1 (]: 1 of 51 START test accepted_values_fact_orders_order_status__delivered__shipped__canceled__unavailable__invoiced__processing__created__approved  [RUN]
[0m14:45:40.156196 [info ] [Thread-2 (]: 2 of 51 START test accepted_values_fact_reviews_sentiment_label__positive__neutral__negative  [RUN]
[0m14:45:40.159653 [info ] [Thread-3 (]: 3 of 51 START test accepted_values_mart_ml_results_true_label__on_time__late ... [RUN]
[0m14:45:40.161981 [info ] [Thread-4 (]: 4 of 51 START test accepted_values_stg_order_reviews_sentiment_label__positive__neutral__negative  [RUN]
[0m14:45:40.165292 [debug] [Thread-1 (]: Re-using an available connection from the pool (formerly list_PROJETO_OLIST_DB_ANALYTICS, now test.olist_pipeline.accepted_values_fact_orders_order_status__delivered__shipped__canceled__unavailable__invoiced__processing__created__approved.cc059b4a00)
[0m14:45:40.168578 [debug] [Thread-2 (]: Acquiring new snowflake connection 'test.olist_pipeline.accepted_values_fact_reviews_sentiment_label__positive__neutral__negative.acc96503d0'
[0m14:45:40.172980 [debug] [Thread-3 (]: Acquiring new snowflake connection 'test.olist_pipeline.accepted_values_mart_ml_results_true_label__on_time__late.7772cee9b4'
[0m14:45:40.176888 [debug] [Thread-4 (]: Acquiring new snowflake connection 'test.olist_pipeline.accepted_values_stg_order_reviews_sentiment_label__positive__neutral__negative.bbfbf3cbff'
[0m14:45:40.180369 [debug] [Thread-1 (]: Began compiling node test.olist_pipeline.accepted_values_fact_orders_order_status__delivered__shipped__canceled__unavailable__invoiced__processing__created__approved.cc059b4a00
[0m14:45:40.183055 [debug] [Thread-2 (]: Began compiling node test.olist_pipeline.accepted_values_fact_reviews_sentiment_label__positive__neutral__negative.acc96503d0
[0m14:45:40.186420 [debug] [Thread-3 (]: Began compiling node test.olist_pipeline.accepted_values_mart_ml_results_true_label__on_time__late.7772cee9b4
[0m14:45:40.190418 [debug] [Thread-4 (]: Began compiling node test.olist_pipeline.accepted_values_stg_order_reviews_sentiment_label__positive__neutral__negative.bbfbf3cbff
[0m14:45:40.388150 [debug] [Thread-2 (]: Writing injected SQL for node "test.olist_pipeline.accepted_values_fact_reviews_sentiment_label__positive__neutral__negative.acc96503d0"
[0m14:45:40.396753 [debug] [Thread-4 (]: Writing injected SQL for node "test.olist_pipeline.accepted_values_stg_order_reviews_sentiment_label__positive__neutral__negative.bbfbf3cbff"
[0m14:45:40.413226 [debug] [Thread-3 (]: Writing injected SQL for node "test.olist_pipeline.accepted_values_mart_ml_results_true_label__on_time__late.7772cee9b4"
[0m14:45:40.416191 [debug] [Thread-1 (]: Writing injected SQL for node "test.olist_pipeline.accepted_values_fact_orders_order_status__delivered__shipped__canceled__unavailable__invoiced__processing__created__approved.cc059b4a00"
[0m14:45:40.430419 [debug] [Thread-2 (]: Began executing node test.olist_pipeline.accepted_values_fact_reviews_sentiment_label__positive__neutral__negative.acc96503d0
[0m14:45:40.438593 [debug] [Thread-1 (]: Began executing node test.olist_pipeline.accepted_values_fact_orders_order_status__delivered__shipped__canceled__unavailable__invoiced__processing__created__approved.cc059b4a00
[0m14:45:40.445845 [debug] [Thread-4 (]: Began executing node test.olist_pipeline.accepted_values_stg_order_reviews_sentiment_label__positive__neutral__negative.bbfbf3cbff
[0m14:45:40.446720 [debug] [Thread-3 (]: Began executing node test.olist_pipeline.accepted_values_mart_ml_results_true_label__on_time__late.7772cee9b4
[0m14:45:40.509454 [debug] [Thread-2 (]: Writing runtime sql for node "test.olist_pipeline.accepted_values_fact_reviews_sentiment_label__positive__neutral__negative.acc96503d0"
[0m14:45:40.507845 [debug] [Thread-1 (]: Writing runtime sql for node "test.olist_pipeline.accepted_values_fact_orders_order_status__delivered__shipped__canceled__unavailable__invoiced__processing__created__approved.cc059b4a00"
[0m14:45:40.517859 [debug] [Thread-4 (]: Writing runtime sql for node "test.olist_pipeline.accepted_values_stg_order_reviews_sentiment_label__positive__neutral__negative.bbfbf3cbff"
[0m14:45:40.526558 [debug] [Thread-3 (]: Writing runtime sql for node "test.olist_pipeline.accepted_values_mart_ml_results_true_label__on_time__late.7772cee9b4"
[0m14:45:40.544549 [debug] [Thread-2 (]: Using snowflake connection "test.olist_pipeline.accepted_values_fact_reviews_sentiment_label__positive__neutral__negative.acc96503d0"
[0m14:45:40.547987 [debug] [Thread-4 (]: Using snowflake connection "test.olist_pipeline.accepted_values_stg_order_reviews_sentiment_label__positive__neutral__negative.bbfbf3cbff"
[0m14:45:40.550934 [debug] [Thread-3 (]: Using snowflake connection "test.olist_pipeline.accepted_values_mart_ml_results_true_label__on_time__late.7772cee9b4"
[0m14:45:40.554022 [debug] [Thread-1 (]: Using snowflake connection "test.olist_pipeline.accepted_values_fact_orders_order_status__delivered__shipped__canceled__unavailable__invoiced__processing__created__approved.cc059b4a00"
[0m14:45:40.557141 [debug] [Thread-2 (]: On test.olist_pipeline.accepted_values_fact_reviews_sentiment_label__positive__neutral__negative.acc96503d0: /* {"app": "dbt", "dbt_version": "1.12.0", "profile_name": "olist_pipeline", "target_name": "dev", "node_id": "test.olist_pipeline.accepted_values_fact_reviews_sentiment_label__positive__neutral__negative.acc96503d0"} */
select
      count(*) as failures,
      count(*) != 0 as should_warn,
      count(*) != 0 as should_error
    from (
      
    
  
    
    

with all_values as (

    select
        sentiment_label as value_field,
        count(*) as n_records

    from PROJETO_OLIST_DB.ANALYTICS.fact_reviews
    group by sentiment_label

)

select *
from all_values
where value_field not in (
    'positive','neutral','negative'
)



  
  
      
    ) dbt_internal_test
[0m14:45:40.562156 [debug] [Thread-4 (]: On test.olist_pipeline.accepted_values_stg_order_reviews_sentiment_label__positive__neutral__negative.bbfbf3cbff: /* {"app": "dbt", "dbt_version": "1.12.0", "profile_name": "olist_pipeline", "target_name": "dev", "node_id": "test.olist_pipeline.accepted_values_stg_order_reviews_sentiment_label__positive__neutral__negative.bbfbf3cbff"} */
select
      count(*) as failures,
      count(*) != 0 as should_warn,
      count(*) != 0 as should_error
    from (
      
    
  
    
    

with all_values as (

    select
        sentiment_label as value_field,
        count(*) as n_records

    from PROJETO_OLIST_DB.ANALYTICS.stg_order_reviews
    group by sentiment_label

)

select *
from all_values
where value_field not in (
    'positive','neutral','negative'
)



  
  
      
    ) dbt_internal_test
[0m14:45:40.566404 [debug] [Thread-3 (]: On test.olist_pipeline.accepted_values_mart_ml_results_true_label__on_time__late.7772cee9b4: /* {"app": "dbt", "dbt_version": "1.12.0", "profile_name": "olist_pipeline", "target_name": "dev", "node_id": "test.olist_pipeline.accepted_values_mart_ml_results_true_label__on_time__late.7772cee9b4"} */
select
      count(*) as failures,
      count(*) != 0 as should_warn,
      count(*) != 0 as should_error
    from (
      
    
  
    
    

with all_values as (

    select
        true_label as value_field,
        count(*) as n_records

    from PROJETO_OLIST_DB.ANALYTICS.mart_ml_results
    group by true_label

)

select *
from all_values
where value_field not in (
    'on_time','late'
)



  
  
      
    ) dbt_internal_test
[0m14:45:40.570113 [debug] [Thread-1 (]: On test.olist_pipeline.accepted_values_fact_orders_order_status__delivered__shipped__canceled__unavailable__invoiced__processing__created__approved.cc059b4a00: /* {"app": "dbt", "dbt_version": "1.12.0", "profile_name": "olist_pipeline", "target_name": "dev", "node_id": "test.olist_pipeline.accepted_values_fact_orders_order_status__delivered__shipped__canceled__unavailable__invoiced__processing__created__approved.cc059b4a00"} */
select
      count(*) as failures,
      count(*) != 0 as should_warn,
      count(*) != 0 as should_error
    from (
      
    
  
    
    

with all_values as (

    select
        order_status as value_field,
        count(*) as n_records

    from PROJETO_OLIST_DB.ANALYTICS.fact_orders
    group by order_status

)

select *
from all_values
where value_field not in (
    'delivered','shipped','canceled','unavailable','invoiced','processing','created','approved'
)



  
  
      
    ) dbt_internal_test
[0m14:45:40.574858 [debug] [Thread-2 (]: Opening a new connection, currently in state init
[0m14:45:40.578793 [debug] [Thread-4 (]: Opening a new connection, currently in state init
[0m14:45:40.583003 [debug] [Thread-3 (]: Opening a new connection, currently in state init
[0m14:45:40.586296 [debug] [Thread-1 (]: Opening a new connection, currently in state closed
[0m14:45:42.647369 [debug] [Thread-1 (]: SQL status: SUCCESS 1 in 2.061 seconds
[0m14:45:42.679465 [debug] [Thread-2 (]: SQL status: SUCCESS 1 in 2.104 seconds
[0m14:45:42.688834 [debug] [Thread-1 (]: On test.olist_pipeline.accepted_values_fact_orders_order_status__delivered__shipped__canceled__unavailable__invoiced__processing__created__approved.cc059b4a00: Close
[0m14:45:42.696104 [debug] [Thread-2 (]: On test.olist_pipeline.accepted_values_fact_reviews_sentiment_label__positive__neutral__negative.acc96503d0: Close
[0m14:45:42.801686 [debug] [Thread-3 (]: SQL status: SUCCESS 1 in 2.219 seconds
[0m14:45:42.809796 [debug] [Thread-3 (]: On test.olist_pipeline.accepted_values_mart_ml_results_true_label__on_time__late.7772cee9b4: Close
[0m14:45:43.165442 [debug] [Thread-4 (]: SQL status: SUCCESS 1 in 2.587 seconds
[0m14:45:43.174005 [debug] [Thread-4 (]: On test.olist_pipeline.accepted_values_stg_order_reviews_sentiment_label__positive__neutral__negative.bbfbf3cbff: Close
[0m14:45:43.254012 [info ] [Thread-1 (]: 1 of 51 PASS accepted_values_fact_orders_order_status__delivered__shipped__canceled__unavailable__invoiced__processing__created__approved  [[32mPASS[0m in 3.09s]
[0m14:45:43.257592 [debug] [Thread-1 (]: Finished running node test.olist_pipeline.accepted_values_fact_orders_order_status__delivered__shipped__canceled__unavailable__invoiced__processing__created__approved.cc059b4a00
[0m14:45:43.261149 [debug] [Thread-1 (]: Began running node test.olist_pipeline.accepted_values_stg_orders_order_status__delivered__shipped__canceled__unavailable__invoiced__processing__created__approved.a06d34fe4c
[0m14:45:43.264406 [info ] [Thread-1 (]: 5 of 51 START test accepted_values_stg_orders_order_status__delivered__shipped__canceled__unavailable__invoiced__processing__created__approved  [RUN]
[0m14:45:43.269570 [info ] [Thread-2 (]: 2 of 51 PASS accepted_values_fact_reviews_sentiment_label__positive__neutral__negative  [[32mPASS[0m in 3.10s]
[0m14:45:43.271061 [debug] [Thread-1 (]: Re-using an available connection from the pool (formerly test.olist_pipeline.accepted_values_fact_orders_order_status__delivered__shipped__canceled__unavailable__invoiced__processing__created__approved.cc059b4a00, now test.olist_pipeline.accepted_values_stg_orders_order_status__delivered__shipped__canceled__unavailable__invoiced__processing__created__approved.a06d34fe4c)
[0m14:45:43.274618 [debug] [Thread-2 (]: Finished running node test.olist_pipeline.accepted_values_fact_reviews_sentiment_label__positive__neutral__negative.acc96503d0
[0m14:45:43.277869 [debug] [Thread-1 (]: Began compiling node test.olist_pipeline.accepted_values_stg_orders_order_status__delivered__shipped__canceled__unavailable__invoiced__processing__created__approved.a06d34fe4c
[0m14:45:43.281905 [debug] [Thread-2 (]: Began running node test.olist_pipeline.dbt_utils_unique_combination_of_columns_stg_order_reviews_review_id__order_id.abe3cd6ed0
[0m14:45:43.317665 [debug] [Thread-1 (]: Writing injected SQL for node "test.olist_pipeline.accepted_values_stg_orders_order_status__delivered__shipped__canceled__unavailable__invoiced__processing__created__approved.a06d34fe4c"
[0m14:45:43.319462 [info ] [Thread-2 (]: 6 of 51 START test dbt_utils_unique_combination_of_columns_stg_order_reviews_review_id__order_id  [RUN]
[0m14:45:43.332465 [info ] [Thread-3 (]: 3 of 51 PASS accepted_values_mart_ml_results_true_label__on_time__late ......... [[32mPASS[0m in 3.16s]
[0m14:45:43.339150 [debug] [Thread-2 (]: Re-using an available connection from the pool (formerly test.olist_pipeline.accepted_values_fact_reviews_sentiment_label__positive__neutral__negative.acc96503d0, now test.olist_pipeline.dbt_utils_unique_combination_of_columns_stg_order_reviews_review_id__order_id.abe3cd6ed0)
[0m14:45:43.363011 [debug] [Thread-3 (]: Finished running node test.olist_pipeline.accepted_values_mart_ml_results_true_label__on_time__late.7772cee9b4
[0m14:45:43.368899 [debug] [Thread-2 (]: Began compiling node test.olist_pipeline.dbt_utils_unique_combination_of_columns_stg_order_reviews_review_id__order_id.abe3cd6ed0
[0m14:45:43.373944 [debug] [Thread-3 (]: Began running node test.olist_pipeline.not_null_dim_customers_customer_id.dd91cd1c8d
[0m14:45:43.416467 [debug] [Thread-1 (]: Began executing node test.olist_pipeline.accepted_values_stg_orders_order_status__delivered__shipped__canceled__unavailable__invoiced__processing__created__approved.a06d34fe4c
[0m14:45:43.409769 [info ] [Thread-3 (]: 7 of 51 START test not_null_dim_customers_customer_id .......................... [RUN]
[0m14:45:43.455875 [debug] [Thread-1 (]: Writing runtime sql for node "test.olist_pipeline.accepted_values_stg_orders_order_status__delivered__shipped__canceled__unavailable__invoiced__processing__created__approved.a06d34fe4c"
[0m14:45:43.473588 [debug] [Thread-3 (]: Re-using an available connection from the pool (formerly test.olist_pipeline.accepted_values_mart_ml_results_true_label__on_time__late.7772cee9b4, now test.olist_pipeline.not_null_dim_customers_customer_id.dd91cd1c8d)
[0m14:45:43.477698 [debug] [Thread-2 (]: Writing injected SQL for node "test.olist_pipeline.dbt_utils_unique_combination_of_columns_stg_order_reviews_review_id__order_id.abe3cd6ed0"
[0m14:45:43.489532 [debug] [Thread-3 (]: Began compiling node test.olist_pipeline.not_null_dim_customers_customer_id.dd91cd1c8d
[0m14:45:43.535936 [debug] [Thread-3 (]: Writing injected SQL for node "test.olist_pipeline.not_null_dim_customers_customer_id.dd91cd1c8d"
[0m14:45:43.540337 [debug] [Thread-1 (]: Using snowflake connection "test.olist_pipeline.accepted_values_stg_orders_order_status__delivered__shipped__canceled__unavailable__invoiced__processing__created__approved.a06d34fe4c"
[0m14:45:43.541674 [debug] [Thread-2 (]: Began executing node test.olist_pipeline.dbt_utils_unique_combination_of_columns_stg_order_reviews_review_id__order_id.abe3cd6ed0
[0m14:45:43.546045 [debug] [Thread-1 (]: On test.olist_pipeline.accepted_values_stg_orders_order_status__delivered__shipped__canceled__unavailable__invoiced__processing__created__approved.a06d34fe4c: /* {"app": "dbt", "dbt_version": "1.12.0", "profile_name": "olist_pipeline", "target_name": "dev", "node_id": "test.olist_pipeline.accepted_values_stg_orders_order_status__delivered__shipped__canceled__unavailable__invoiced__processing__created__approved.a06d34fe4c"} */
select
      count(*) as failures,
      count(*) != 0 as should_warn,
      count(*) != 0 as should_error
    from (
      
    
  
    
    

with all_values as (

    select
        order_status as value_field,
        count(*) as n_records

    from PROJETO_OLIST_DB.ANALYTICS.stg_orders
    group by order_status

)

select *
from all_values
where value_field not in (
    'delivered','shipped','canceled','unavailable','invoiced','processing','created','approved'
)



  
  
      
    ) dbt_internal_test
[0m14:45:43.555934 [debug] [Thread-2 (]: Writing runtime sql for node "test.olist_pipeline.dbt_utils_unique_combination_of_columns_stg_order_reviews_review_id__order_id.abe3cd6ed0"
[0m14:45:43.559026 [debug] [Thread-1 (]: Opening a new connection, currently in state closed
[0m14:45:43.590188 [debug] [Thread-3 (]: Began executing node test.olist_pipeline.not_null_dim_customers_customer_id.dd91cd1c8d
[0m14:45:43.602041 [debug] [Thread-2 (]: Using snowflake connection "test.olist_pipeline.dbt_utils_unique_combination_of_columns_stg_order_reviews_review_id__order_id.abe3cd6ed0"
[0m14:45:43.600088 [debug] [Thread-3 (]: Writing runtime sql for node "test.olist_pipeline.not_null_dim_customers_customer_id.dd91cd1c8d"
[0m14:45:43.618189 [debug] [Thread-2 (]: On test.olist_pipeline.dbt_utils_unique_combination_of_columns_stg_order_reviews_review_id__order_id.abe3cd6ed0: /* {"app": "dbt", "dbt_version": "1.12.0", "profile_name": "olist_pipeline", "target_name": "dev", "node_id": "test.olist_pipeline.dbt_utils_unique_combination_of_columns_stg_order_reviews_review_id__order_id.abe3cd6ed0"} */
select
      count(*) as failures,
      count(*) != 0 as should_warn,
      count(*) != 0 as should_error
    from (
      
    
  





with validation_errors as (

    select
        review_id, order_id
    from PROJETO_OLIST_DB.ANALYTICS.stg_order_reviews
    group by review_id, order_id
    having count(*) > 1

)

select *
from validation_errors



  
  
      
    ) dbt_internal_test
[0m14:45:43.640156 [debug] [Thread-2 (]: Opening a new connection, currently in state closed
[0m14:45:43.942426 [info ] [Thread-4 (]: 4 of 51 PASS accepted_values_stg_order_reviews_sentiment_label__positive__neutral__negative  [[32mPASS[0m in 3.76s]
[0m14:45:43.950009 [debug] [Thread-3 (]: Using snowflake connection "test.olist_pipeline.not_null_dim_customers_customer_id.dd91cd1c8d"
[0m14:45:43.981859 [debug] [Thread-4 (]: Finished running node test.olist_pipeline.accepted_values_stg_order_reviews_sentiment_label__positive__neutral__negative.bbfbf3cbff
[0m14:45:44.004616 [debug] [Thread-3 (]: On test.olist_pipeline.not_null_dim_customers_customer_id.dd91cd1c8d: /* {"app": "dbt", "dbt_version": "1.12.0", "profile_name": "olist_pipeline", "target_name": "dev", "node_id": "test.olist_pipeline.not_null_dim_customers_customer_id.dd91cd1c8d"} */
select
      count(*) as failures,
      count(*) != 0 as should_warn,
      count(*) != 0 as should_error
    from (
      
    
  
    
    



select customer_id
from PROJETO_OLIST_DB.ANALYTICS.dim_customers
where customer_id is null



  
  
      
    ) dbt_internal_test
[0m14:45:44.011206 [debug] [Thread-4 (]: Began running node test.olist_pipeline.not_null_dim_customers_customer_key.4bebfb3411
[0m14:45:44.041947 [debug] [Thread-3 (]: Opening a new connection, currently in state closed
[0m14:45:44.048939 [info ] [Thread-4 (]: 8 of 51 START test not_null_dim_customers_customer_key ......................... [RUN]
[0m14:45:44.056195 [debug] [Thread-4 (]: Re-using an available connection from the pool (formerly test.olist_pipeline.accepted_values_stg_order_reviews_sentiment_label__positive__neutral__negative.bbfbf3cbff, now test.olist_pipeline.not_null_dim_customers_customer_key.4bebfb3411)
[0m14:45:44.072227 [debug] [Thread-4 (]: Began compiling node test.olist_pipeline.not_null_dim_customers_customer_key.4bebfb3411
[0m14:45:44.109893 [debug] [Thread-4 (]: Writing injected SQL for node "test.olist_pipeline.not_null_dim_customers_customer_key.4bebfb3411"
[0m14:45:44.166399 [debug] [Thread-4 (]: Began executing node test.olist_pipeline.not_null_dim_customers_customer_key.4bebfb3411
[0m14:45:44.172644 [debug] [Thread-4 (]: Writing runtime sql for node "test.olist_pipeline.not_null_dim_customers_customer_key.4bebfb3411"
[0m14:45:44.204409 [debug] [Thread-4 (]: Using snowflake connection "test.olist_pipeline.not_null_dim_customers_customer_key.4bebfb3411"
[0m14:45:44.209911 [debug] [Thread-4 (]: On test.olist_pipeline.not_null_dim_customers_customer_key.4bebfb3411: /* {"app": "dbt", "dbt_version": "1.12.0", "profile_name": "olist_pipeline", "target_name": "dev", "node_id": "test.olist_pipeline.not_null_dim_customers_customer_key.4bebfb3411"} */
select
      count(*) as failures,
      count(*) != 0 as should_warn,
      count(*) != 0 as should_error
    from (
      
    
  
    
    



select customer_key
from PROJETO_OLIST_DB.ANALYTICS.dim_customers
where customer_key is null



  
  
      
    ) dbt_internal_test
[0m14:45:44.213770 [debug] [Thread-4 (]: Opening a new connection, currently in state closed
[0m14:45:45.839284 [debug] [Thread-1 (]: SQL status: SUCCESS 1 in 2.280 seconds
[0m14:45:45.847692 [debug] [Thread-1 (]: On test.olist_pipeline.accepted_values_stg_orders_order_status__delivered__shipped__canceled__unavailable__invoiced__processing__created__approved.a06d34fe4c: Close
[0m14:45:45.878590 [debug] [Thread-3 (]: SQL status: SUCCESS 1 in 1.836 seconds
[0m14:45:45.887276 [debug] [Thread-3 (]: On test.olist_pipeline.not_null_dim_customers_customer_id.dd91cd1c8d: Close
[0m14:45:45.985896 [debug] [Thread-2 (]: SQL status: SUCCESS 1 in 2.346 seconds
[0m14:45:45.991694 [debug] [Thread-2 (]: On test.olist_pipeline.dbt_utils_unique_combination_of_columns_stg_order_reviews_review_id__order_id.abe3cd6ed0: Close
[0m14:45:46.173690 [debug] [Thread-4 (]: SQL status: SUCCESS 1 in 1.960 seconds
[0m14:45:46.181886 [debug] [Thread-4 (]: On test.olist_pipeline.not_null_dim_customers_customer_key.4bebfb3411: Close
[0m14:45:46.384820 [info ] [Thread-1 (]: 5 of 51 PASS accepted_values_stg_orders_order_status__delivered__shipped__canceled__unavailable__invoiced__processing__created__approved  [[32mPASS[0m in 3.11s]
[0m14:45:46.389652 [debug] [Thread-1 (]: Finished running node test.olist_pipeline.accepted_values_stg_orders_order_status__delivered__shipped__canceled__unavailable__invoiced__processing__created__approved.a06d34fe4c
[0m14:45:46.392010 [debug] [Thread-1 (]: Began running node test.olist_pipeline.not_null_dim_date_date_day.e3f312efb2
[0m14:45:46.394753 [info ] [Thread-1 (]: 9 of 51 START test not_null_dim_date_date_day .................................. [RUN]
[0m14:45:46.397544 [debug] [Thread-1 (]: Re-using an available connection from the pool (formerly test.olist_pipeline.accepted_values_stg_orders_order_status__delivered__shipped__canceled__unavailable__invoiced__processing__created__approved.a06d34fe4c, now test.olist_pipeline.not_null_dim_date_date_day.e3f312efb2)
[0m14:45:46.400184 [debug] [Thread-1 (]: Began compiling node test.olist_pipeline.not_null_dim_date_date_day.e3f312efb2
[0m14:45:46.417044 [debug] [Thread-1 (]: Writing injected SQL for node "test.olist_pipeline.not_null_dim_date_date_day.e3f312efb2"
[0m14:45:46.444768 [debug] [Thread-1 (]: Began executing node test.olist_pipeline.not_null_dim_date_date_day.e3f312efb2
[0m14:45:46.462181 [debug] [Thread-1 (]: Writing runtime sql for node "test.olist_pipeline.not_null_dim_date_date_day.e3f312efb2"
[0m14:45:46.507947 [info ] [Thread-3 (]: 7 of 51 PASS not_null_dim_customers_customer_id ................................ [[32mPASS[0m in 3.03s]
[0m14:45:46.536473 [info ] [Thread-2 (]: 6 of 51 PASS dbt_utils_unique_combination_of_columns_stg_order_reviews_review_id__order_id  [[32mPASS[0m in 3.20s]
[0m14:45:46.611999 [debug] [Thread-3 (]: Finished running node test.olist_pipeline.not_null_dim_customers_customer_id.dd91cd1c8d
[0m14:45:46.616256 [debug] [Thread-2 (]: Finished running node test.olist_pipeline.dbt_utils_unique_combination_of_columns_stg_order_reviews_review_id__order_id.abe3cd6ed0
[0m14:45:46.622922 [debug] [Thread-3 (]: Began running node test.olist_pipeline.not_null_dim_geolocation_zip_code_prefix.f4eab5c4e6
[0m14:45:46.627367 [debug] [Thread-2 (]: Began running node test.olist_pipeline.not_null_dim_products_product_id.c8aba288d1
[0m14:45:46.632076 [info ] [Thread-3 (]: 10 of 51 START test not_null_dim_geolocation_zip_code_prefix ................... [RUN]
[0m14:45:46.652492 [info ] [Thread-2 (]: 11 of 51 START test not_null_dim_products_product_id ........................... [RUN]
[0m14:45:46.657819 [debug] [Thread-3 (]: Re-using an available connection from the pool (formerly test.olist_pipeline.not_null_dim_customers_customer_id.dd91cd1c8d, now test.olist_pipeline.not_null_dim_geolocation_zip_code_prefix.f4eab5c4e6)
[0m14:45:46.661698 [debug] [Thread-2 (]: Re-using an available connection from the pool (formerly test.olist_pipeline.dbt_utils_unique_combination_of_columns_stg_order_reviews_review_id__order_id.abe3cd6ed0, now test.olist_pipeline.not_null_dim_products_product_id.c8aba288d1)
[0m14:45:46.666658 [debug] [Thread-3 (]: Began compiling node test.olist_pipeline.not_null_dim_geolocation_zip_code_prefix.f4eab5c4e6
[0m14:45:46.669722 [debug] [Thread-1 (]: Using snowflake connection "test.olist_pipeline.not_null_dim_date_date_day.e3f312efb2"
[0m14:45:46.672935 [debug] [Thread-2 (]: Began compiling node test.olist_pipeline.not_null_dim_products_product_id.c8aba288d1
[0m14:45:46.695019 [debug] [Thread-3 (]: Writing injected SQL for node "test.olist_pipeline.not_null_dim_geolocation_zip_code_prefix.f4eab5c4e6"
[0m14:45:46.698022 [debug] [Thread-1 (]: On test.olist_pipeline.not_null_dim_date_date_day.e3f312efb2: /* {"app": "dbt", "dbt_version": "1.12.0", "profile_name": "olist_pipeline", "target_name": "dev", "node_id": "test.olist_pipeline.not_null_dim_date_date_day.e3f312efb2"} */
select
      count(*) as failures,
      count(*) != 0 as should_warn,
      count(*) != 0 as should_error
    from (
      
    
  
    
    



select date_day
from PROJETO_OLIST_DB.ANALYTICS.dim_date
where date_day is null



  
  
      
    ) dbt_internal_test
[0m14:45:46.724396 [debug] [Thread-2 (]: Writing injected SQL for node "test.olist_pipeline.not_null_dim_products_product_id.c8aba288d1"
[0m14:45:46.732898 [info ] [Thread-4 (]: 8 of 51 PASS not_null_dim_customers_customer_key ............................... [[32mPASS[0m in 2.68s]
[0m14:45:46.735084 [debug] [Thread-1 (]: Opening a new connection, currently in state closed
[0m14:45:46.741643 [debug] [Thread-4 (]: Finished running node test.olist_pipeline.not_null_dim_customers_customer_key.4bebfb3411
[0m14:45:46.752653 [debug] [Thread-4 (]: Began running node test.olist_pipeline.not_null_dim_products_product_key.a98dfddb9a
[0m14:45:46.757482 [info ] [Thread-4 (]: 12 of 51 START test not_null_dim_products_product_key .......................... [RUN]
[0m14:45:46.759389 [debug] [Thread-2 (]: Began executing node test.olist_pipeline.not_null_dim_products_product_id.c8aba288d1
[0m14:45:46.764527 [debug] [Thread-3 (]: Began executing node test.olist_pipeline.not_null_dim_geolocation_zip_code_prefix.f4eab5c4e6
[0m14:45:46.767812 [debug] [Thread-4 (]: Re-using an available connection from the pool (formerly test.olist_pipeline.not_null_dim_customers_customer_key.4bebfb3411, now test.olist_pipeline.not_null_dim_products_product_key.a98dfddb9a)
[0m14:45:46.809008 [debug] [Thread-2 (]: Writing runtime sql for node "test.olist_pipeline.not_null_dim_products_product_id.c8aba288d1"
[0m14:45:46.822063 [debug] [Thread-3 (]: Writing runtime sql for node "test.olist_pipeline.not_null_dim_geolocation_zip_code_prefix.f4eab5c4e6"
[0m14:45:46.838964 [debug] [Thread-4 (]: Began compiling node test.olist_pipeline.not_null_dim_products_product_key.a98dfddb9a
[0m14:45:46.929988 [debug] [Thread-4 (]: Writing injected SQL for node "test.olist_pipeline.not_null_dim_products_product_key.a98dfddb9a"
[0m14:45:46.957342 [debug] [Thread-2 (]: Using snowflake connection "test.olist_pipeline.not_null_dim_products_product_id.c8aba288d1"
[0m14:45:46.962076 [debug] [Thread-2 (]: On test.olist_pipeline.not_null_dim_products_product_id.c8aba288d1: /* {"app": "dbt", "dbt_version": "1.12.0", "profile_name": "olist_pipeline", "target_name": "dev", "node_id": "test.olist_pipeline.not_null_dim_products_product_id.c8aba288d1"} */
select
      count(*) as failures,
      count(*) != 0 as should_warn,
      count(*) != 0 as should_error
    from (
      
    
  
    
    



select product_id
from PROJETO_OLIST_DB.ANALYTICS.dim_products
where product_id is null



  
  
      
    ) dbt_internal_test
[0m14:45:46.981522 [debug] [Thread-2 (]: Opening a new connection, currently in state closed
[0m14:45:46.984238 [debug] [Thread-3 (]: Using snowflake connection "test.olist_pipeline.not_null_dim_geolocation_zip_code_prefix.f4eab5c4e6"
[0m14:45:47.008642 [debug] [Thread-3 (]: On test.olist_pipeline.not_null_dim_geolocation_zip_code_prefix.f4eab5c4e6: /* {"app": "dbt", "dbt_version": "1.12.0", "profile_name": "olist_pipeline", "target_name": "dev", "node_id": "test.olist_pipeline.not_null_dim_geolocation_zip_code_prefix.f4eab5c4e6"} */
select
      count(*) as failures,
      count(*) != 0 as should_warn,
      count(*) != 0 as should_error
    from (
      
    
  
    
    



select zip_code_prefix
from PROJETO_OLIST_DB.ANALYTICS.dim_geolocation
where zip_code_prefix is null



  
  
      
    ) dbt_internal_test
[0m14:45:47.033954 [debug] [Thread-3 (]: Opening a new connection, currently in state closed
[0m14:45:47.108012 [debug] [Thread-4 (]: Began executing node test.olist_pipeline.not_null_dim_products_product_key.a98dfddb9a
[0m14:45:47.160965 [debug] [Thread-4 (]: Writing runtime sql for node "test.olist_pipeline.not_null_dim_products_product_key.a98dfddb9a"
[0m14:45:47.366883 [debug] [Thread-4 (]: Using snowflake connection "test.olist_pipeline.not_null_dim_products_product_key.a98dfddb9a"
[0m14:45:47.372298 [debug] [Thread-4 (]: On test.olist_pipeline.not_null_dim_products_product_key.a98dfddb9a: /* {"app": "dbt", "dbt_version": "1.12.0", "profile_name": "olist_pipeline", "target_name": "dev", "node_id": "test.olist_pipeline.not_null_dim_products_product_key.a98dfddb9a"} */
select
      count(*) as failures,
      count(*) != 0 as should_warn,
      count(*) != 0 as should_error
    from (
      
    
  
    
    



select product_key
from PROJETO_OLIST_DB.ANALYTICS.dim_products
where product_key is null



  
  
      
    ) dbt_internal_test
[0m14:45:47.376938 [debug] [Thread-4 (]: Opening a new connection, currently in state closed
[0m14:45:48.857079 [debug] [Thread-1 (]: SQL status: SUCCESS 1 in 2.122 seconds
[0m14:45:48.864042 [debug] [Thread-1 (]: On test.olist_pipeline.not_null_dim_date_date_day.e3f312efb2: Close
[0m14:45:48.983480 [debug] [Thread-2 (]: SQL status: SUCCESS 1 in 2.002 seconds
[0m14:45:48.989314 [debug] [Thread-2 (]: On test.olist_pipeline.not_null_dim_products_product_id.c8aba288d1: Close
[0m14:45:49.191148 [debug] [Thread-4 (]: SQL status: SUCCESS 1 in 1.814 seconds
[0m14:45:49.200653 [debug] [Thread-4 (]: On test.olist_pipeline.not_null_dim_products_product_key.a98dfddb9a: Close
[0m14:45:49.258025 [debug] [Thread-3 (]: SQL status: SUCCESS 1 in 2.224 seconds
[0m14:45:49.266055 [debug] [Thread-3 (]: On test.olist_pipeline.not_null_dim_geolocation_zip_code_prefix.f4eab5c4e6: Close
[0m14:45:49.382200 [info ] [Thread-1 (]: 9 of 51 PASS not_null_dim_date_date_day ........................................ [[32mPASS[0m in 2.98s]
[0m14:45:49.387732 [debug] [Thread-1 (]: Finished running node test.olist_pipeline.not_null_dim_date_date_day.e3f312efb2
[0m14:45:49.392386 [debug] [Thread-1 (]: Began running node test.olist_pipeline.not_null_dim_sellers_seller_id.2e68260d7c
[0m14:45:49.395205 [info ] [Thread-1 (]: 13 of 51 START test not_null_dim_sellers_seller_id ............................. [RUN]
[0m14:45:49.403432 [debug] [Thread-1 (]: Re-using an available connection from the pool (formerly test.olist_pipeline.not_null_dim_date_date_day.e3f312efb2, now test.olist_pipeline.not_null_dim_sellers_seller_id.2e68260d7c)
[0m14:45:49.418758 [debug] [Thread-1 (]: Began compiling node test.olist_pipeline.not_null_dim_sellers_seller_id.2e68260d7c
[0m14:45:49.481379 [debug] [Thread-1 (]: Writing injected SQL for node "test.olist_pipeline.not_null_dim_sellers_seller_id.2e68260d7c"
[0m14:45:49.568762 [info ] [Thread-2 (]: 11 of 51 PASS not_null_dim_products_product_id ................................. [[32mPASS[0m in 2.89s]
[0m14:45:49.573646 [debug] [Thread-2 (]: Finished running node test.olist_pipeline.not_null_dim_products_product_id.c8aba288d1
[0m14:45:49.577270 [debug] [Thread-2 (]: Began running node test.olist_pipeline.not_null_dim_sellers_seller_key.760876479e
[0m14:45:49.581332 [info ] [Thread-2 (]: 14 of 51 START test not_null_dim_sellers_seller_key ............................ [RUN]
[0m14:45:49.588636 [debug] [Thread-1 (]: Began executing node test.olist_pipeline.not_null_dim_sellers_seller_id.2e68260d7c
[0m14:45:49.592322 [debug] [Thread-2 (]: Re-using an available connection from the pool (formerly test.olist_pipeline.not_null_dim_products_product_id.c8aba288d1, now test.olist_pipeline.not_null_dim_sellers_seller_key.760876479e)
[0m14:45:49.608431 [debug] [Thread-1 (]: Writing runtime sql for node "test.olist_pipeline.not_null_dim_sellers_seller_id.2e68260d7c"
[0m14:45:49.612597 [debug] [Thread-2 (]: Began compiling node test.olist_pipeline.not_null_dim_sellers_seller_key.760876479e
[0m14:45:49.669091 [debug] [Thread-2 (]: Writing injected SQL for node "test.olist_pipeline.not_null_dim_sellers_seller_key.760876479e"
[0m14:45:49.678031 [debug] [Thread-1 (]: Using snowflake connection "test.olist_pipeline.not_null_dim_sellers_seller_id.2e68260d7c"
[0m14:45:49.687267 [debug] [Thread-1 (]: On test.olist_pipeline.not_null_dim_sellers_seller_id.2e68260d7c: /* {"app": "dbt", "dbt_version": "1.12.0", "profile_name": "olist_pipeline", "target_name": "dev", "node_id": "test.olist_pipeline.not_null_dim_sellers_seller_id.2e68260d7c"} */
select
      count(*) as failures,
      count(*) != 0 as should_warn,
      count(*) != 0 as should_error
    from (
      
    
  
    
    



select seller_id
from PROJETO_OLIST_DB.ANALYTICS.dim_sellers
where seller_id is null



  
  
      
    ) dbt_internal_test
[0m14:45:49.704883 [debug] [Thread-1 (]: Opening a new connection, currently in state closed
[0m14:45:49.771448 [debug] [Thread-2 (]: Began executing node test.olist_pipeline.not_null_dim_sellers_seller_key.760876479e
[0m14:45:49.801223 [debug] [Thread-2 (]: Writing runtime sql for node "test.olist_pipeline.not_null_dim_sellers_seller_key.760876479e"
[0m14:45:49.804712 [info ] [Thread-3 (]: 10 of 51 PASS not_null_dim_geolocation_zip_code_prefix ......................... [[32mPASS[0m in 3.15s]
[0m14:45:49.808995 [info ] [Thread-4 (]: 12 of 51 PASS not_null_dim_products_product_key ................................ [[32mPASS[0m in 3.04s]
[0m14:45:49.829996 [debug] [Thread-3 (]: Finished running node test.olist_pipeline.not_null_dim_geolocation_zip_code_prefix.f4eab5c4e6
[0m14:45:49.840320 [debug] [Thread-4 (]: Finished running node test.olist_pipeline.not_null_dim_products_product_key.a98dfddb9a
[0m14:45:49.856975 [debug] [Thread-3 (]: Began running node test.olist_pipeline.not_null_fact_order_items_order_item_key.6970b9b088
[0m14:45:49.865397 [debug] [Thread-2 (]: Using snowflake connection "test.olist_pipeline.not_null_dim_sellers_seller_key.760876479e"
[0m14:45:49.878879 [debug] [Thread-4 (]: Began running node test.olist_pipeline.not_null_fact_orders_order_id.6ba6d3f0a0
[0m14:45:49.891852 [info ] [Thread-3 (]: 15 of 51 START test not_null_fact_order_items_order_item_key ................... [RUN]
[0m14:45:49.898185 [debug] [Thread-2 (]: On test.olist_pipeline.not_null_dim_sellers_seller_key.760876479e: /* {"app": "dbt", "dbt_version": "1.12.0", "profile_name": "olist_pipeline", "target_name": "dev", "node_id": "test.olist_pipeline.not_null_dim_sellers_seller_key.760876479e"} */
select
      count(*) as failures,
      count(*) != 0 as should_warn,
      count(*) != 0 as should_error
    from (
      
    
  
    
    



select seller_key
from PROJETO_OLIST_DB.ANALYTICS.dim_sellers
where seller_key is null



  
  
      
    ) dbt_internal_test
[0m14:45:49.901643 [info ] [Thread-4 (]: 16 of 51 START test not_null_fact_orders_order_id .............................. [RUN]
[0m14:45:49.904533 [debug] [Thread-3 (]: Re-using an available connection from the pool (formerly test.olist_pipeline.not_null_dim_geolocation_zip_code_prefix.f4eab5c4e6, now test.olist_pipeline.not_null_fact_order_items_order_item_key.6970b9b088)
[0m14:45:49.906794 [debug] [Thread-2 (]: Opening a new connection, currently in state closed
[0m14:45:49.909963 [debug] [Thread-4 (]: Re-using an available connection from the pool (formerly test.olist_pipeline.not_null_dim_products_product_key.a98dfddb9a, now test.olist_pipeline.not_null_fact_orders_order_id.6ba6d3f0a0)
[0m14:45:49.914681 [debug] [Thread-3 (]: Began compiling node test.olist_pipeline.not_null_fact_order_items_order_item_key.6970b9b088
[0m14:45:49.927706 [debug] [Thread-4 (]: Began compiling node test.olist_pipeline.not_null_fact_orders_order_id.6ba6d3f0a0
[0m14:45:49.952264 [debug] [Thread-3 (]: Writing injected SQL for node "test.olist_pipeline.not_null_fact_order_items_order_item_key.6970b9b088"
[0m14:45:49.971841 [debug] [Thread-4 (]: Writing injected SQL for node "test.olist_pipeline.not_null_fact_orders_order_id.6ba6d3f0a0"
[0m14:45:50.011109 [debug] [Thread-3 (]: Began executing node test.olist_pipeline.not_null_fact_order_items_order_item_key.6970b9b088
[0m14:45:50.013323 [debug] [Thread-4 (]: Began executing node test.olist_pipeline.not_null_fact_orders_order_id.6ba6d3f0a0
[0m14:45:50.019153 [debug] [Thread-3 (]: Writing runtime sql for node "test.olist_pipeline.not_null_fact_order_items_order_item_key.6970b9b088"
[0m14:45:50.025029 [debug] [Thread-4 (]: Writing runtime sql for node "test.olist_pipeline.not_null_fact_orders_order_id.6ba6d3f0a0"
[0m14:45:50.043939 [debug] [Thread-3 (]: Using snowflake connection "test.olist_pipeline.not_null_fact_order_items_order_item_key.6970b9b088"
[0m14:45:50.047337 [debug] [Thread-3 (]: On test.olist_pipeline.not_null_fact_order_items_order_item_key.6970b9b088: /* {"app": "dbt", "dbt_version": "1.12.0", "profile_name": "olist_pipeline", "target_name": "dev", "node_id": "test.olist_pipeline.not_null_fact_order_items_order_item_key.6970b9b088"} */
select
      count(*) as failures,
      count(*) != 0 as should_warn,
      count(*) != 0 as should_error
    from (
      
    
  
    
    



select order_item_key
from PROJETO_OLIST_DB.ANALYTICS.fact_order_items
where order_item_key is null



  
  
      
    ) dbt_internal_test
[0m14:45:50.049884 [debug] [Thread-4 (]: Using snowflake connection "test.olist_pipeline.not_null_fact_orders_order_id.6ba6d3f0a0"
[0m14:45:50.052778 [debug] [Thread-3 (]: Opening a new connection, currently in state closed
[0m14:45:50.055092 [debug] [Thread-4 (]: On test.olist_pipeline.not_null_fact_orders_order_id.6ba6d3f0a0: /* {"app": "dbt", "dbt_version": "1.12.0", "profile_name": "olist_pipeline", "target_name": "dev", "node_id": "test.olist_pipeline.not_null_fact_orders_order_id.6ba6d3f0a0"} */
select
      count(*) as failures,
      count(*) != 0 as should_warn,
      count(*) != 0 as should_error
    from (
      
    
  
    
    



select order_id
from PROJETO_OLIST_DB.ANALYTICS.fact_orders
where order_id is null



  
  
      
    ) dbt_internal_test
[0m14:45:50.060285 [debug] [Thread-4 (]: Opening a new connection, currently in state closed
[0m14:45:51.734957 [debug] [Thread-2 (]: SQL status: SUCCESS 1 in 1.828 seconds
[0m14:45:51.736278 [debug] [Thread-1 (]: SQL status: SUCCESS 1 in 2.036 seconds
[0m14:45:51.740518 [debug] [Thread-2 (]: On test.olist_pipeline.not_null_dim_sellers_seller_key.760876479e: Close
[0m14:45:51.745111 [debug] [Thread-1 (]: On test.olist_pipeline.not_null_dim_sellers_seller_id.2e68260d7c: Close
[0m14:45:51.858183 [debug] [Thread-4 (]: SQL status: SUCCESS 1 in 1.798 seconds
[0m14:45:51.863452 [debug] [Thread-4 (]: On test.olist_pipeline.not_null_fact_orders_order_id.6ba6d3f0a0: Close
[0m14:45:51.870964 [debug] [Thread-3 (]: SQL status: SUCCESS 1 in 1.818 seconds
[0m14:45:51.876342 [debug] [Thread-3 (]: On test.olist_pipeline.not_null_fact_order_items_order_item_key.6970b9b088: Close
[0m14:45:52.263026 [info ] [Thread-2 (]: 14 of 51 PASS not_null_dim_sellers_seller_key .................................. [[32mPASS[0m in 2.67s]
[0m14:45:52.267221 [debug] [Thread-2 (]: Finished running node test.olist_pipeline.not_null_dim_sellers_seller_key.760876479e
[0m14:45:52.269663 [debug] [Thread-2 (]: Began running node test.olist_pipeline.not_null_fact_orders_order_key.e893eb60e4
[0m14:45:52.271722 [info ] [Thread-2 (]: 17 of 51 START test not_null_fact_orders_order_key ............................. [RUN]
[0m14:45:52.274013 [debug] [Thread-2 (]: Re-using an available connection from the pool (formerly test.olist_pipeline.not_null_dim_sellers_seller_key.760876479e, now test.olist_pipeline.not_null_fact_orders_order_key.e893eb60e4)
[0m14:45:52.276145 [debug] [Thread-2 (]: Began compiling node test.olist_pipeline.not_null_fact_orders_order_key.e893eb60e4
[0m14:45:52.281287 [info ] [Thread-1 (]: 13 of 51 PASS not_null_dim_sellers_seller_id ................................... [[32mPASS[0m in 2.88s]
[0m14:45:52.292317 [debug] [Thread-2 (]: Writing injected SQL for node "test.olist_pipeline.not_null_fact_orders_order_key.e893eb60e4"
[0m14:45:52.294349 [debug] [Thread-1 (]: Finished running node test.olist_pipeline.not_null_dim_sellers_seller_id.2e68260d7c
[0m14:45:52.298925 [debug] [Thread-1 (]: Began running node test.olist_pipeline.not_null_fact_payments_payment_key.6556c112a5
[0m14:45:52.300939 [info ] [Thread-1 (]: 18 of 51 START test not_null_fact_payments_payment_key ......................... [RUN]
[0m14:45:52.302951 [debug] [Thread-1 (]: Re-using an available connection from the pool (formerly test.olist_pipeline.not_null_dim_sellers_seller_id.2e68260d7c, now test.olist_pipeline.not_null_fact_payments_payment_key.6556c112a5)
[0m14:45:52.304642 [debug] [Thread-1 (]: Began compiling node test.olist_pipeline.not_null_fact_payments_payment_key.6556c112a5
[0m14:45:52.318171 [debug] [Thread-1 (]: Writing injected SQL for node "test.olist_pipeline.not_null_fact_payments_payment_key.6556c112a5"
[0m14:45:52.321327 [debug] [Thread-2 (]: Began executing node test.olist_pipeline.not_null_fact_orders_order_key.e893eb60e4
[0m14:45:52.325760 [debug] [Thread-2 (]: Writing runtime sql for node "test.olist_pipeline.not_null_fact_orders_order_key.e893eb60e4"
[0m14:45:52.335365 [debug] [Thread-1 (]: Began executing node test.olist_pipeline.not_null_fact_payments_payment_key.6556c112a5
[0m14:45:52.341128 [debug] [Thread-1 (]: Writing runtime sql for node "test.olist_pipeline.not_null_fact_payments_payment_key.6556c112a5"
[0m14:45:52.346111 [debug] [Thread-2 (]: Using snowflake connection "test.olist_pipeline.not_null_fact_orders_order_key.e893eb60e4"
[0m14:45:52.349334 [debug] [Thread-2 (]: On test.olist_pipeline.not_null_fact_orders_order_key.e893eb60e4: /* {"app": "dbt", "dbt_version": "1.12.0", "profile_name": "olist_pipeline", "target_name": "dev", "node_id": "test.olist_pipeline.not_null_fact_orders_order_key.e893eb60e4"} */
select
      count(*) as failures,
      count(*) != 0 as should_warn,
      count(*) != 0 as should_error
    from (
      
    
  
    
    



select order_key
from PROJETO_OLIST_DB.ANALYTICS.fact_orders
where order_key is null



  
  
      
    ) dbt_internal_test
[0m14:45:52.351843 [debug] [Thread-2 (]: Opening a new connection, currently in state closed
[0m14:45:52.353361 [debug] [Thread-1 (]: Using snowflake connection "test.olist_pipeline.not_null_fact_payments_payment_key.6556c112a5"
[0m14:45:52.357528 [debug] [Thread-1 (]: On test.olist_pipeline.not_null_fact_payments_payment_key.6556c112a5: /* {"app": "dbt", "dbt_version": "1.12.0", "profile_name": "olist_pipeline", "target_name": "dev", "node_id": "test.olist_pipeline.not_null_fact_payments_payment_key.6556c112a5"} */
select
      count(*) as failures,
      count(*) != 0 as should_warn,
      count(*) != 0 as should_error
    from (
      
    
  
    
    



select payment_key
from PROJETO_OLIST_DB.ANALYTICS.fact_payments
where payment_key is null



  
  
      
    ) dbt_internal_test
[0m14:45:52.370764 [debug] [Thread-1 (]: Opening a new connection, currently in state closed
[0m14:45:52.406365 [info ] [Thread-4 (]: 16 of 51 PASS not_null_fact_orders_order_id .................................... [[32mPASS[0m in 2.50s]
[0m14:45:52.419362 [debug] [Thread-4 (]: Finished running node test.olist_pipeline.not_null_fact_orders_order_id.6ba6d3f0a0
[0m14:45:52.437990 [debug] [Thread-4 (]: Began running node test.olist_pipeline.not_null_fact_reviews_review_key.5f7b22bd20
[0m14:45:52.467446 [info ] [Thread-4 (]: 19 of 51 START test not_null_fact_reviews_review_key ........................... [RUN]
[0m14:45:52.490072 [debug] [Thread-4 (]: Re-using an available connection from the pool (formerly test.olist_pipeline.not_null_fact_orders_order_id.6ba6d3f0a0, now test.olist_pipeline.not_null_fact_reviews_review_key.5f7b22bd20)
[0m14:45:52.492334 [info ] [Thread-3 (]: 15 of 51 PASS not_null_fact_order_items_order_item_key ......................... [[32mPASS[0m in 2.59s]
[0m14:45:52.500156 [debug] [Thread-4 (]: Began compiling node test.olist_pipeline.not_null_fact_reviews_review_key.5f7b22bd20
[0m14:45:52.522895 [debug] [Thread-3 (]: Finished running node test.olist_pipeline.not_null_fact_order_items_order_item_key.6970b9b088
[0m14:45:52.565878 [debug] [Thread-4 (]: Writing injected SQL for node "test.olist_pipeline.not_null_fact_reviews_review_key.5f7b22bd20"
[0m14:45:52.567621 [debug] [Thread-3 (]: Began running node test.olist_pipeline.not_null_mart_late_delivery_features_is_late.a0ceafc613
[0m14:45:52.571614 [info ] [Thread-3 (]: 20 of 51 START test not_null_mart_late_delivery_features_is_late ............... [RUN]
[0m14:45:52.574226 [debug] [Thread-3 (]: Re-using an available connection from the pool (formerly test.olist_pipeline.not_null_fact_order_items_order_item_key.6970b9b088, now test.olist_pipeline.not_null_mart_late_delivery_features_is_late.a0ceafc613)
[0m14:45:52.576839 [debug] [Thread-3 (]: Began compiling node test.olist_pipeline.not_null_mart_late_delivery_features_is_late.a0ceafc613
[0m14:45:52.590081 [debug] [Thread-3 (]: Writing injected SQL for node "test.olist_pipeline.not_null_mart_late_delivery_features_is_late.a0ceafc613"
[0m14:45:52.594633 [debug] [Thread-4 (]: Began executing node test.olist_pipeline.not_null_fact_reviews_review_key.5f7b22bd20
[0m14:45:52.600139 [debug] [Thread-4 (]: Writing runtime sql for node "test.olist_pipeline.not_null_fact_reviews_review_key.5f7b22bd20"
[0m14:45:52.610452 [debug] [Thread-3 (]: Began executing node test.olist_pipeline.not_null_mart_late_delivery_features_is_late.a0ceafc613
[0m14:45:52.619948 [debug] [Thread-3 (]: Writing runtime sql for node "test.olist_pipeline.not_null_mart_late_delivery_features_is_late.a0ceafc613"
[0m14:45:52.624669 [debug] [Thread-4 (]: Using snowflake connection "test.olist_pipeline.not_null_fact_reviews_review_key.5f7b22bd20"
[0m14:45:52.627282 [debug] [Thread-4 (]: On test.olist_pipeline.not_null_fact_reviews_review_key.5f7b22bd20: /* {"app": "dbt", "dbt_version": "1.12.0", "profile_name": "olist_pipeline", "target_name": "dev", "node_id": "test.olist_pipeline.not_null_fact_reviews_review_key.5f7b22bd20"} */
select
      count(*) as failures,
      count(*) != 0 as should_warn,
      count(*) != 0 as should_error
    from (
      
    
  
    
    



select review_key
from PROJETO_OLIST_DB.ANALYTICS.fact_reviews
where review_key is null



  
  
      
    ) dbt_internal_test
[0m14:45:52.630344 [debug] [Thread-4 (]: Opening a new connection, currently in state closed
[0m14:45:52.657873 [debug] [Thread-3 (]: Using snowflake connection "test.olist_pipeline.not_null_mart_late_delivery_features_is_late.a0ceafc613"
[0m14:45:52.668341 [debug] [Thread-3 (]: On test.olist_pipeline.not_null_mart_late_delivery_features_is_late.a0ceafc613: /* {"app": "dbt", "dbt_version": "1.12.0", "profile_name": "olist_pipeline", "target_name": "dev", "node_id": "test.olist_pipeline.not_null_mart_late_delivery_features_is_late.a0ceafc613"} */
select
      count(*) as failures,
      count(*) != 0 as should_warn,
      count(*) != 0 as should_error
    from (
      
    
  
    
    



select is_late
from PROJETO_OLIST_DB.ANALYTICS.mart_late_delivery_features
where is_late is null



  
  
      
    ) dbt_internal_test
[0m14:45:52.674669 [debug] [Thread-3 (]: Opening a new connection, currently in state closed
[0m14:45:54.107908 [debug] [Thread-2 (]: SQL status: SUCCESS 1 in 1.756 seconds
[0m14:45:54.115316 [debug] [Thread-2 (]: On test.olist_pipeline.not_null_fact_orders_order_key.e893eb60e4: Close
[0m14:45:54.375031 [debug] [Thread-1 (]: SQL status: SUCCESS 1 in 2.004 seconds
[0m14:45:54.384904 [debug] [Thread-1 (]: On test.olist_pipeline.not_null_fact_payments_payment_key.6556c112a5: Close
[0m14:45:54.515519 [debug] [Thread-4 (]: SQL status: SUCCESS 1 in 1.885 seconds
[0m14:45:54.520313 [debug] [Thread-4 (]: On test.olist_pipeline.not_null_fact_reviews_review_key.5f7b22bd20: Close
[0m14:45:54.637119 [info ] [Thread-2 (]: 17 of 51 PASS not_null_fact_orders_order_key ................................... [[32mPASS[0m in 2.36s]
[0m14:45:54.643971 [debug] [Thread-2 (]: Finished running node test.olist_pipeline.not_null_fact_orders_order_key.e893eb60e4
[0m14:45:54.648086 [debug] [Thread-2 (]: Began running node test.olist_pipeline.not_null_mart_late_delivery_features_order_id.7058526522
[0m14:45:54.651535 [info ] [Thread-2 (]: 21 of 51 START test not_null_mart_late_delivery_features_order_id .............. [RUN]
[0m14:45:54.655733 [debug] [Thread-2 (]: Re-using an available connection from the pool (formerly test.olist_pipeline.not_null_fact_orders_order_key.e893eb60e4, now test.olist_pipeline.not_null_mart_late_delivery_features_order_id.7058526522)
[0m14:45:54.658555 [debug] [Thread-2 (]: Began compiling node test.olist_pipeline.not_null_mart_late_delivery_features_order_id.7058526522
[0m14:45:54.672573 [debug] [Thread-2 (]: Writing injected SQL for node "test.olist_pipeline.not_null_mart_late_delivery_features_order_id.7058526522"
[0m14:45:54.694767 [debug] [Thread-2 (]: Began executing node test.olist_pipeline.not_null_mart_late_delivery_features_order_id.7058526522
[0m14:45:54.700466 [debug] [Thread-2 (]: Writing runtime sql for node "test.olist_pipeline.not_null_mart_late_delivery_features_order_id.7058526522"
[0m14:45:54.724458 [debug] [Thread-2 (]: Using snowflake connection "test.olist_pipeline.not_null_mart_late_delivery_features_order_id.7058526522"
[0m14:45:54.725996 [debug] [Thread-2 (]: On test.olist_pipeline.not_null_mart_late_delivery_features_order_id.7058526522: /* {"app": "dbt", "dbt_version": "1.12.0", "profile_name": "olist_pipeline", "target_name": "dev", "node_id": "test.olist_pipeline.not_null_mart_late_delivery_features_order_id.7058526522"} */
select
      count(*) as failures,
      count(*) != 0 as should_warn,
      count(*) != 0 as should_error
    from (
      
    
  
    
    



select order_id
from PROJETO_OLIST_DB.ANALYTICS.mart_late_delivery_features
where order_id is null



  
  
      
    ) dbt_internal_test
[0m14:45:54.727675 [debug] [Thread-2 (]: Opening a new connection, currently in state closed
[0m14:45:54.941358 [info ] [Thread-1 (]: 18 of 51 PASS not_null_fact_payments_payment_key ............................... [[32mPASS[0m in 2.64s]
[0m14:45:54.943654 [debug] [Thread-1 (]: Finished running node test.olist_pipeline.not_null_fact_payments_payment_key.6556c112a5
[0m14:45:54.946231 [debug] [Thread-1 (]: Began running node test.olist_pipeline.not_null_mart_ml_results_order_id.e439aebedd
[0m14:45:54.948130 [info ] [Thread-1 (]: 22 of 51 START test not_null_mart_ml_results_order_id .......................... [RUN]
[0m14:45:54.950567 [debug] [Thread-1 (]: Re-using an available connection from the pool (formerly test.olist_pipeline.not_null_fact_payments_payment_key.6556c112a5, now test.olist_pipeline.not_null_mart_ml_results_order_id.e439aebedd)
[0m14:45:54.952554 [debug] [Thread-1 (]: Began compiling node test.olist_pipeline.not_null_mart_ml_results_order_id.e439aebedd
[0m14:45:54.963147 [debug] [Thread-1 (]: Writing injected SQL for node "test.olist_pipeline.not_null_mart_ml_results_order_id.e439aebedd"
[0m14:45:54.978726 [debug] [Thread-1 (]: Began executing node test.olist_pipeline.not_null_mart_ml_results_order_id.e439aebedd
[0m14:45:54.983406 [debug] [Thread-1 (]: Writing runtime sql for node "test.olist_pipeline.not_null_mart_ml_results_order_id.e439aebedd"
[0m14:45:55.004442 [debug] [Thread-1 (]: Using snowflake connection "test.olist_pipeline.not_null_mart_ml_results_order_id.e439aebedd"
[0m14:45:55.006765 [debug] [Thread-1 (]: On test.olist_pipeline.not_null_mart_ml_results_order_id.e439aebedd: /* {"app": "dbt", "dbt_version": "1.12.0", "profile_name": "olist_pipeline", "target_name": "dev", "node_id": "test.olist_pipeline.not_null_mart_ml_results_order_id.e439aebedd"} */
select
      count(*) as failures,
      count(*) != 0 as should_warn,
      count(*) != 0 as should_error
    from (
      
    
  
    
    



select order_id
from PROJETO_OLIST_DB.ANALYTICS.mart_ml_results
where order_id is null



  
  
      
    ) dbt_internal_test
[0m14:45:55.008489 [debug] [Thread-1 (]: Opening a new connection, currently in state closed
[0m14:45:55.084014 [info ] [Thread-4 (]: 19 of 51 PASS not_null_fact_reviews_review_key ................................. [[32mPASS[0m in 2.59s]
[0m14:45:55.086576 [debug] [Thread-4 (]: Finished running node test.olist_pipeline.not_null_fact_reviews_review_key.5f7b22bd20
[0m14:45:55.089022 [debug] [Thread-4 (]: Began running node test.olist_pipeline.not_null_stg_customers_customer_id.e2cfb1f9aa
[0m14:45:55.091068 [info ] [Thread-4 (]: 23 of 51 START test not_null_stg_customers_customer_id ......................... [RUN]
[0m14:45:55.094304 [debug] [Thread-4 (]: Re-using an available connection from the pool (formerly test.olist_pipeline.not_null_fact_reviews_review_key.5f7b22bd20, now test.olist_pipeline.not_null_stg_customers_customer_id.e2cfb1f9aa)
[0m14:45:55.097658 [debug] [Thread-4 (]: Began compiling node test.olist_pipeline.not_null_stg_customers_customer_id.e2cfb1f9aa
[0m14:45:55.113982 [debug] [Thread-4 (]: Writing injected SQL for node "test.olist_pipeline.not_null_stg_customers_customer_id.e2cfb1f9aa"
[0m14:45:55.132764 [debug] [Thread-4 (]: Began executing node test.olist_pipeline.not_null_stg_customers_customer_id.e2cfb1f9aa
[0m14:45:55.137375 [debug] [Thread-4 (]: Writing runtime sql for node "test.olist_pipeline.not_null_stg_customers_customer_id.e2cfb1f9aa"
[0m14:45:55.158781 [debug] [Thread-4 (]: Using snowflake connection "test.olist_pipeline.not_null_stg_customers_customer_id.e2cfb1f9aa"
[0m14:45:55.161839 [debug] [Thread-3 (]: SQL status: SUCCESS 1 in 2.487 seconds
[0m14:45:55.163158 [debug] [Thread-4 (]: On test.olist_pipeline.not_null_stg_customers_customer_id.e2cfb1f9aa: /* {"app": "dbt", "dbt_version": "1.12.0", "profile_name": "olist_pipeline", "target_name": "dev", "node_id": "test.olist_pipeline.not_null_stg_customers_customer_id.e2cfb1f9aa"} */
select
      count(*) as failures,
      count(*) != 0 as should_warn,
      count(*) != 0 as should_error
    from (
      
    
  
    
    



select customer_id
from PROJETO_OLIST_DB.ANALYTICS.stg_customers
where customer_id is null



  
  
      
    ) dbt_internal_test
[0m14:45:55.167296 [debug] [Thread-3 (]: On test.olist_pipeline.not_null_mart_late_delivery_features_is_late.a0ceafc613: Close
[0m14:45:55.170007 [debug] [Thread-4 (]: Opening a new connection, currently in state closed
[0m14:45:55.664523 [info ] [Thread-3 (]: 20 of 51 PASS not_null_mart_late_delivery_features_is_late ..................... [[32mPASS[0m in 3.09s]
[0m14:45:55.668438 [debug] [Thread-3 (]: Finished running node test.olist_pipeline.not_null_mart_late_delivery_features_is_late.a0ceafc613
[0m14:45:55.672107 [debug] [Thread-3 (]: Began running node test.olist_pipeline.not_null_stg_ml_predictions_order_id.27fe487bc9
[0m14:45:55.675500 [info ] [Thread-3 (]: 24 of 51 START test not_null_stg_ml_predictions_order_id ....................... [RUN]
[0m14:45:55.679531 [debug] [Thread-3 (]: Re-using an available connection from the pool (formerly test.olist_pipeline.not_null_mart_late_delivery_features_is_late.a0ceafc613, now test.olist_pipeline.not_null_stg_ml_predictions_order_id.27fe487bc9)
[0m14:45:55.682618 [debug] [Thread-3 (]: Began compiling node test.olist_pipeline.not_null_stg_ml_predictions_order_id.27fe487bc9
[0m14:45:55.700648 [debug] [Thread-3 (]: Writing injected SQL for node "test.olist_pipeline.not_null_stg_ml_predictions_order_id.27fe487bc9"
[0m14:45:55.753335 [debug] [Thread-3 (]: Began executing node test.olist_pipeline.not_null_stg_ml_predictions_order_id.27fe487bc9
[0m14:45:55.766019 [debug] [Thread-3 (]: Writing runtime sql for node "test.olist_pipeline.not_null_stg_ml_predictions_order_id.27fe487bc9"
[0m14:45:55.803026 [debug] [Thread-3 (]: Using snowflake connection "test.olist_pipeline.not_null_stg_ml_predictions_order_id.27fe487bc9"
[0m14:45:55.809897 [debug] [Thread-3 (]: On test.olist_pipeline.not_null_stg_ml_predictions_order_id.27fe487bc9: /* {"app": "dbt", "dbt_version": "1.12.0", "profile_name": "olist_pipeline", "target_name": "dev", "node_id": "test.olist_pipeline.not_null_stg_ml_predictions_order_id.27fe487bc9"} */
select
      count(*) as failures,
      count(*) != 0 as should_warn,
      count(*) != 0 as should_error
    from (
      
    
  
    
    



select order_id
from PROJETO_OLIST_DB.ANALYTICS.stg_ml_predictions
where order_id is null



  
  
      
    ) dbt_internal_test
[0m14:45:55.817906 [debug] [Thread-3 (]: Opening a new connection, currently in state closed
[0m14:45:56.645650 [debug] [Thread-2 (]: SQL status: SUCCESS 1 in 1.918 seconds
[0m14:45:56.654724 [debug] [Thread-2 (]: On test.olist_pipeline.not_null_mart_late_delivery_features_order_id.7058526522: Close
[0m14:45:56.732717 [debug] [Thread-1 (]: SQL status: SUCCESS 1 in 1.724 seconds
[0m14:45:56.741100 [debug] [Thread-1 (]: On test.olist_pipeline.not_null_mart_ml_results_order_id.e439aebedd: Close
[0m14:45:57.020144 [debug] [Thread-4 (]: SQL status: SUCCESS 1 in 1.850 seconds
[0m14:45:57.024063 [debug] [Thread-4 (]: On test.olist_pipeline.not_null_stg_customers_customer_id.e2cfb1f9aa: Close
[0m14:45:57.187491 [info ] [Thread-2 (]: 21 of 51 PASS not_null_mart_late_delivery_features_order_id .................... [[32mPASS[0m in 2.53s]
[0m14:45:57.190597 [debug] [Thread-2 (]: Finished running node test.olist_pipeline.not_null_mart_late_delivery_features_order_id.7058526522
[0m14:45:57.194261 [debug] [Thread-2 (]: Began running node test.olist_pipeline.not_null_stg_order_reviews_review_id.9ed4569df1
[0m14:45:57.198050 [info ] [Thread-2 (]: 25 of 51 START test not_null_stg_order_reviews_review_id ....................... [RUN]
[0m14:45:57.202185 [debug] [Thread-2 (]: Re-using an available connection from the pool (formerly test.olist_pipeline.not_null_mart_late_delivery_features_order_id.7058526522, now test.olist_pipeline.not_null_stg_order_reviews_review_id.9ed4569df1)
[0m14:45:57.209589 [debug] [Thread-2 (]: Began compiling node test.olist_pipeline.not_null_stg_order_reviews_review_id.9ed4569df1
[0m14:45:57.225709 [debug] [Thread-2 (]: Writing injected SQL for node "test.olist_pipeline.not_null_stg_order_reviews_review_id.9ed4569df1"
[0m14:45:57.243698 [debug] [Thread-2 (]: Began executing node test.olist_pipeline.not_null_stg_order_reviews_review_id.9ed4569df1
[0m14:45:57.251951 [debug] [Thread-2 (]: Writing runtime sql for node "test.olist_pipeline.not_null_stg_order_reviews_review_id.9ed4569df1"
[0m14:45:57.273596 [debug] [Thread-2 (]: Using snowflake connection "test.olist_pipeline.not_null_stg_order_reviews_review_id.9ed4569df1"
[0m14:45:57.276024 [debug] [Thread-2 (]: On test.olist_pipeline.not_null_stg_order_reviews_review_id.9ed4569df1: /* {"app": "dbt", "dbt_version": "1.12.0", "profile_name": "olist_pipeline", "target_name": "dev", "node_id": "test.olist_pipeline.not_null_stg_order_reviews_review_id.9ed4569df1"} */
select
      count(*) as failures,
      count(*) != 0 as should_warn,
      count(*) != 0 as should_error
    from (
      
    
  
    
    



select review_id
from PROJETO_OLIST_DB.ANALYTICS.stg_order_reviews
where review_id is null



  
  
      
    ) dbt_internal_test
[0m14:45:57.278347 [debug] [Thread-2 (]: Opening a new connection, currently in state closed
[0m14:45:57.323188 [info ] [Thread-1 (]: 22 of 51 PASS not_null_mart_ml_results_order_id ................................ [[32mPASS[0m in 2.37s]
[0m14:45:57.327475 [debug] [Thread-1 (]: Finished running node test.olist_pipeline.not_null_mart_ml_results_order_id.e439aebedd
[0m14:45:57.355395 [debug] [Thread-1 (]: Began running node test.olist_pipeline.not_null_stg_order_reviews_sentiment_label.fd546b7a9f
[0m14:45:57.367707 [info ] [Thread-1 (]: 26 of 51 START test not_null_stg_order_reviews_sentiment_label ................. [RUN]
[0m14:45:57.372249 [debug] [Thread-1 (]: Re-using an available connection from the pool (formerly test.olist_pipeline.not_null_mart_ml_results_order_id.e439aebedd, now test.olist_pipeline.not_null_stg_order_reviews_sentiment_label.fd546b7a9f)
[0m14:45:57.375583 [debug] [Thread-1 (]: Began compiling node test.olist_pipeline.not_null_stg_order_reviews_sentiment_label.fd546b7a9f
[0m14:45:57.413604 [debug] [Thread-1 (]: Writing injected SQL for node "test.olist_pipeline.not_null_stg_order_reviews_sentiment_label.fd546b7a9f"
[0m14:45:57.447853 [debug] [Thread-1 (]: Began executing node test.olist_pipeline.not_null_stg_order_reviews_sentiment_label.fd546b7a9f
[0m14:45:57.453536 [debug] [Thread-1 (]: Writing runtime sql for node "test.olist_pipeline.not_null_stg_order_reviews_sentiment_label.fd546b7a9f"
[0m14:45:57.475350 [debug] [Thread-1 (]: Using snowflake connection "test.olist_pipeline.not_null_stg_order_reviews_sentiment_label.fd546b7a9f"
[0m14:45:57.478367 [debug] [Thread-1 (]: On test.olist_pipeline.not_null_stg_order_reviews_sentiment_label.fd546b7a9f: /* {"app": "dbt", "dbt_version": "1.12.0", "profile_name": "olist_pipeline", "target_name": "dev", "node_id": "test.olist_pipeline.not_null_stg_order_reviews_sentiment_label.fd546b7a9f"} */
select
      count(*) as failures,
      count(*) != 0 as should_warn,
      count(*) != 0 as should_error
    from (
      
    
  
    
    



select sentiment_label
from PROJETO_OLIST_DB.ANALYTICS.stg_order_reviews
where sentiment_label is null



  
  
      
    ) dbt_internal_test
[0m14:45:57.482322 [debug] [Thread-1 (]: Opening a new connection, currently in state closed
[0m14:45:57.645502 [debug] [Thread-3 (]: SQL status: SUCCESS 1 in 1.828 seconds
[0m14:45:57.666273 [debug] [Thread-3 (]: On test.olist_pipeline.not_null_stg_ml_predictions_order_id.27fe487bc9: Close
[0m14:45:57.732389 [info ] [Thread-4 (]: 23 of 51 PASS not_null_stg_customers_customer_id ............................... [[32mPASS[0m in 2.64s]
[0m14:45:57.736730 [debug] [Thread-4 (]: Finished running node test.olist_pipeline.not_null_stg_customers_customer_id.e2cfb1f9aa
[0m14:45:57.739890 [debug] [Thread-4 (]: Began running node test.olist_pipeline.not_null_stg_orders_order_id.81cfe2fe64
[0m14:45:57.745003 [info ] [Thread-4 (]: 27 of 51 START test not_null_stg_orders_order_id ............................... [RUN]
[0m14:45:57.748566 [debug] [Thread-4 (]: Re-using an available connection from the pool (formerly test.olist_pipeline.not_null_stg_customers_customer_id.e2cfb1f9aa, now test.olist_pipeline.not_null_stg_orders_order_id.81cfe2fe64)
[0m14:45:57.751608 [debug] [Thread-4 (]: Began compiling node test.olist_pipeline.not_null_stg_orders_order_id.81cfe2fe64
[0m14:45:57.771333 [debug] [Thread-4 (]: Writing injected SQL for node "test.olist_pipeline.not_null_stg_orders_order_id.81cfe2fe64"
[0m14:45:57.798048 [debug] [Thread-4 (]: Began executing node test.olist_pipeline.not_null_stg_orders_order_id.81cfe2fe64
[0m14:45:57.809339 [debug] [Thread-4 (]: Writing runtime sql for node "test.olist_pipeline.not_null_stg_orders_order_id.81cfe2fe64"
[0m14:45:57.843696 [debug] [Thread-4 (]: Using snowflake connection "test.olist_pipeline.not_null_stg_orders_order_id.81cfe2fe64"
[0m14:45:57.848999 [debug] [Thread-4 (]: On test.olist_pipeline.not_null_stg_orders_order_id.81cfe2fe64: /* {"app": "dbt", "dbt_version": "1.12.0", "profile_name": "olist_pipeline", "target_name": "dev", "node_id": "test.olist_pipeline.not_null_stg_orders_order_id.81cfe2fe64"} */
select
      count(*) as failures,
      count(*) != 0 as should_warn,
      count(*) != 0 as should_error
    from (
      
    
  
    
    



select order_id
from PROJETO_OLIST_DB.ANALYTICS.stg_orders
where order_id is null



  
  
      
    ) dbt_internal_test
[0m14:45:57.852917 [debug] [Thread-4 (]: Opening a new connection, currently in state closed
[0m14:45:58.219674 [info ] [Thread-3 (]: 24 of 51 PASS not_null_stg_ml_predictions_order_id ............................. [[32mPASS[0m in 2.54s]
[0m14:45:58.224354 [debug] [Thread-3 (]: Finished running node test.olist_pipeline.not_null_stg_ml_predictions_order_id.27fe487bc9
[0m14:45:58.228195 [debug] [Thread-3 (]: Began running node test.olist_pipeline.not_null_stg_products_product_id.6373b0acf3
[0m14:45:58.231915 [info ] [Thread-3 (]: 28 of 51 START test not_null_stg_products_product_id ........................... [RUN]
[0m14:45:58.234836 [debug] [Thread-3 (]: Re-using an available connection from the pool (formerly test.olist_pipeline.not_null_stg_ml_predictions_order_id.27fe487bc9, now test.olist_pipeline.not_null_stg_products_product_id.6373b0acf3)
[0m14:45:58.237142 [debug] [Thread-3 (]: Began compiling node test.olist_pipeline.not_null_stg_products_product_id.6373b0acf3
[0m14:45:58.263594 [debug] [Thread-3 (]: Writing injected SQL for node "test.olist_pipeline.not_null_stg_products_product_id.6373b0acf3"
[0m14:45:58.302962 [debug] [Thread-3 (]: Began executing node test.olist_pipeline.not_null_stg_products_product_id.6373b0acf3
[0m14:45:58.313354 [debug] [Thread-3 (]: Writing runtime sql for node "test.olist_pipeline.not_null_stg_products_product_id.6373b0acf3"
[0m14:45:58.338742 [debug] [Thread-3 (]: Using snowflake connection "test.olist_pipeline.not_null_stg_products_product_id.6373b0acf3"
[0m14:45:58.343003 [debug] [Thread-3 (]: On test.olist_pipeline.not_null_stg_products_product_id.6373b0acf3: /* {"app": "dbt", "dbt_version": "1.12.0", "profile_name": "olist_pipeline", "target_name": "dev", "node_id": "test.olist_pipeline.not_null_stg_products_product_id.6373b0acf3"} */
select
      count(*) as failures,
      count(*) != 0 as should_warn,
      count(*) != 0 as should_error
    from (
      
    
  
    
    



select product_id
from PROJETO_OLIST_DB.ANALYTICS.stg_products
where product_id is null



  
  
      
    ) dbt_internal_test
[0m14:45:58.345886 [debug] [Thread-3 (]: Opening a new connection, currently in state closed
[0m14:45:58.941934 [debug] [Thread-2 (]: SQL status: SUCCESS 1 in 1.663 seconds
[0m14:45:58.947787 [debug] [Thread-2 (]: On test.olist_pipeline.not_null_stg_order_reviews_review_id.9ed4569df1: Close
[0m14:45:59.412035 [debug] [Thread-1 (]: SQL status: SUCCESS 1 in 1.857 seconds
[0m14:45:59.428210 [debug] [Thread-1 (]: On test.olist_pipeline.not_null_stg_order_reviews_sentiment_label.fd546b7a9f: Close
[0m14:45:59.833255 [info ] [Thread-2 (]: 25 of 51 PASS not_null_stg_order_reviews_review_id ............................. [[32mPASS[0m in 2.63s]
[0m14:45:59.835997 [debug] [Thread-2 (]: Finished running node test.olist_pipeline.not_null_stg_order_reviews_review_id.9ed4569df1
[0m14:45:59.840954 [debug] [Thread-2 (]: Began running node test.olist_pipeline.not_null_stg_sellers_seller_id.35d0bce315
[0m14:45:59.843727 [info ] [Thread-2 (]: 29 of 51 START test not_null_stg_sellers_seller_id ............................. [RUN]
[0m14:45:59.846411 [debug] [Thread-2 (]: Re-using an available connection from the pool (formerly test.olist_pipeline.not_null_stg_order_reviews_review_id.9ed4569df1, now test.olist_pipeline.not_null_stg_sellers_seller_id.35d0bce315)
[0m14:45:59.849212 [debug] [Thread-2 (]: Began compiling node test.olist_pipeline.not_null_stg_sellers_seller_id.35d0bce315
[0m14:45:59.866818 [debug] [Thread-2 (]: Writing injected SQL for node "test.olist_pipeline.not_null_stg_sellers_seller_id.35d0bce315"
[0m14:45:59.890739 [debug] [Thread-2 (]: Began executing node test.olist_pipeline.not_null_stg_sellers_seller_id.35d0bce315
[0m14:45:59.896391 [debug] [Thread-2 (]: Writing runtime sql for node "test.olist_pipeline.not_null_stg_sellers_seller_id.35d0bce315"
[0m14:45:59.913446 [debug] [Thread-2 (]: Using snowflake connection "test.olist_pipeline.not_null_stg_sellers_seller_id.35d0bce315"
[0m14:45:59.915754 [debug] [Thread-2 (]: On test.olist_pipeline.not_null_stg_sellers_seller_id.35d0bce315: /* {"app": "dbt", "dbt_version": "1.12.0", "profile_name": "olist_pipeline", "target_name": "dev", "node_id": "test.olist_pipeline.not_null_stg_sellers_seller_id.35d0bce315"} */
select
      count(*) as failures,
      count(*) != 0 as should_warn,
      count(*) != 0 as should_error
    from (
      
    
  
    
    



select seller_id
from PROJETO_OLIST_DB.ANALYTICS.stg_sellers
where seller_id is null



  
  
      
    ) dbt_internal_test
[0m14:45:59.918590 [debug] [Thread-2 (]: Opening a new connection, currently in state closed
[0m14:45:59.981675 [info ] [Thread-1 (]: 26 of 51 PASS not_null_stg_order_reviews_sentiment_label ....................... [[32mPASS[0m in 2.61s]
[0m14:45:59.985404 [debug] [Thread-1 (]: Finished running node test.olist_pipeline.not_null_stg_order_reviews_sentiment_label.fd546b7a9f
[0m14:45:59.989715 [debug] [Thread-1 (]: Began running node test.olist_pipeline.relationships_fact_order_items_product_key__product_key__ref_dim_products_.63f012c217
[0m14:45:59.993030 [info ] [Thread-1 (]: 30 of 51 START test relationships_fact_order_items_product_key__product_key__ref_dim_products_  [RUN]
[0m14:45:59.996071 [debug] [Thread-1 (]: Re-using an available connection from the pool (formerly test.olist_pipeline.not_null_stg_order_reviews_sentiment_label.fd546b7a9f, now test.olist_pipeline.relationships_fact_order_items_product_key__product_key__ref_dim_products_.63f012c217)
[0m14:45:59.998701 [debug] [Thread-1 (]: Began compiling node test.olist_pipeline.relationships_fact_order_items_product_key__product_key__ref_dim_products_.63f012c217
[0m14:46:00.061413 [debug] [Thread-1 (]: Writing injected SQL for node "test.olist_pipeline.relationships_fact_order_items_product_key__product_key__ref_dim_products_.63f012c217"
[0m14:46:00.106549 [debug] [Thread-4 (]: SQL status: SUCCESS 1 in 2.181 seconds
[0m14:46:00.158683 [debug] [Thread-4 (]: On test.olist_pipeline.not_null_stg_orders_order_id.81cfe2fe64: Close
[0m14:46:00.197402 [debug] [Thread-1 (]: Began executing node test.olist_pipeline.relationships_fact_order_items_product_key__product_key__ref_dim_products_.63f012c217
[0m14:46:00.207175 [debug] [Thread-1 (]: Writing runtime sql for node "test.olist_pipeline.relationships_fact_order_items_product_key__product_key__ref_dim_products_.63f012c217"
[0m14:46:00.232279 [debug] [Thread-1 (]: Using snowflake connection "test.olist_pipeline.relationships_fact_order_items_product_key__product_key__ref_dim_products_.63f012c217"
[0m14:46:00.235968 [debug] [Thread-1 (]: On test.olist_pipeline.relationships_fact_order_items_product_key__product_key__ref_dim_products_.63f012c217: /* {"app": "dbt", "dbt_version": "1.12.0", "profile_name": "olist_pipeline", "target_name": "dev", "node_id": "test.olist_pipeline.relationships_fact_order_items_product_key__product_key__ref_dim_products_.63f012c217"} */
select
      count(*) as failures,
      count(*) != 0 as should_warn,
      count(*) != 0 as should_error
    from (
      
    
  
    
    

with child as (
    select product_key as from_field
    from PROJETO_OLIST_DB.ANALYTICS.fact_order_items
    where product_key is not null
),

parent as (
    select product_key as to_field
    from PROJETO_OLIST_DB.ANALYTICS.dim_products
)

select
    from_field

from child
left join parent
    on child.from_field = parent.to_field

where parent.to_field is null



  
  
      
    ) dbt_internal_test
[0m14:46:00.240190 [debug] [Thread-1 (]: Opening a new connection, currently in state closed
[0m14:46:00.320839 [debug] [Thread-3 (]: SQL status: SUCCESS 1 in 1.903 seconds
[0m14:46:00.327267 [debug] [Thread-3 (]: On test.olist_pipeline.not_null_stg_products_product_id.6373b0acf3: Close
[0m14:46:00.705851 [info ] [Thread-4 (]: 27 of 51 PASS not_null_stg_orders_order_id ..................................... [[32mPASS[0m in 2.96s]
[0m14:46:00.712816 [debug] [Thread-4 (]: Finished running node test.olist_pipeline.not_null_stg_orders_order_id.81cfe2fe64
[0m14:46:00.719110 [debug] [Thread-4 (]: Began running node test.olist_pipeline.relationships_fact_order_items_seller_key__seller_key__ref_dim_sellers_.1849cb17da
[0m14:46:00.737158 [info ] [Thread-4 (]: 31 of 51 START test relationships_fact_order_items_seller_key__seller_key__ref_dim_sellers_  [RUN]
[0m14:46:00.741890 [debug] [Thread-4 (]: Re-using an available connection from the pool (formerly test.olist_pipeline.not_null_stg_orders_order_id.81cfe2fe64, now test.olist_pipeline.relationships_fact_order_items_seller_key__seller_key__ref_dim_sellers_.1849cb17da)
[0m14:46:00.749339 [debug] [Thread-4 (]: Began compiling node test.olist_pipeline.relationships_fact_order_items_seller_key__seller_key__ref_dim_sellers_.1849cb17da
[0m14:46:00.820112 [debug] [Thread-4 (]: Writing injected SQL for node "test.olist_pipeline.relationships_fact_order_items_seller_key__seller_key__ref_dim_sellers_.1849cb17da"
[0m14:46:00.851518 [debug] [Thread-4 (]: Began executing node test.olist_pipeline.relationships_fact_order_items_seller_key__seller_key__ref_dim_sellers_.1849cb17da
[0m14:46:00.861190 [debug] [Thread-4 (]: Writing runtime sql for node "test.olist_pipeline.relationships_fact_order_items_seller_key__seller_key__ref_dim_sellers_.1849cb17da"
[0m14:46:00.872494 [info ] [Thread-3 (]: 28 of 51 PASS not_null_stg_products_product_id ................................. [[32mPASS[0m in 2.64s]
[0m14:46:00.877275 [debug] [Thread-3 (]: Finished running node test.olist_pipeline.not_null_stg_products_product_id.6373b0acf3
[0m14:46:00.881834 [debug] [Thread-3 (]: Began running node test.olist_pipeline.relationships_fact_orders_customer_key__customer_key__ref_dim_customers_.27f3f75b94
[0m14:46:00.884756 [info ] [Thread-3 (]: 32 of 51 START test relationships_fact_orders_customer_key__customer_key__ref_dim_customers_  [RUN]
[0m14:46:00.888721 [debug] [Thread-3 (]: Re-using an available connection from the pool (formerly test.olist_pipeline.not_null_stg_products_product_id.6373b0acf3, now test.olist_pipeline.relationships_fact_orders_customer_key__customer_key__ref_dim_customers_.27f3f75b94)
[0m14:46:00.892984 [debug] [Thread-3 (]: Began compiling node test.olist_pipeline.relationships_fact_orders_customer_key__customer_key__ref_dim_customers_.27f3f75b94
[0m14:46:00.937230 [debug] [Thread-4 (]: Using snowflake connection "test.olist_pipeline.relationships_fact_order_items_seller_key__seller_key__ref_dim_sellers_.1849cb17da"
[0m14:46:00.957403 [debug] [Thread-4 (]: On test.olist_pipeline.relationships_fact_order_items_seller_key__seller_key__ref_dim_sellers_.1849cb17da: /* {"app": "dbt", "dbt_version": "1.12.0", "profile_name": "olist_pipeline", "target_name": "dev", "node_id": "test.olist_pipeline.relationships_fact_order_items_seller_key__seller_key__ref_dim_sellers_.1849cb17da"} */
select
      count(*) as failures,
      count(*) != 0 as should_warn,
      count(*) != 0 as should_error
    from (
      
    
  
    
    

with child as (
    select seller_key as from_field
    from PROJETO_OLIST_DB.ANALYTICS.fact_order_items
    where seller_key is not null
),

parent as (
    select seller_key as to_field
    from PROJETO_OLIST_DB.ANALYTICS.dim_sellers
)

select
    from_field

from child
left join parent
    on child.from_field = parent.to_field

where parent.to_field is null



  
  
      
    ) dbt_internal_test
[0m14:46:00.978686 [debug] [Thread-4 (]: Opening a new connection, currently in state closed
[0m14:46:00.976210 [debug] [Thread-3 (]: Writing injected SQL for node "test.olist_pipeline.relationships_fact_orders_customer_key__customer_key__ref_dim_customers_.27f3f75b94"
[0m14:46:01.111943 [debug] [Thread-3 (]: Began executing node test.olist_pipeline.relationships_fact_orders_customer_key__customer_key__ref_dim_customers_.27f3f75b94
[0m14:46:01.139583 [debug] [Thread-3 (]: Writing runtime sql for node "test.olist_pipeline.relationships_fact_orders_customer_key__customer_key__ref_dim_customers_.27f3f75b94"
[0m14:46:01.231631 [debug] [Thread-3 (]: Using snowflake connection "test.olist_pipeline.relationships_fact_orders_customer_key__customer_key__ref_dim_customers_.27f3f75b94"
[0m14:46:01.262524 [debug] [Thread-3 (]: On test.olist_pipeline.relationships_fact_orders_customer_key__customer_key__ref_dim_customers_.27f3f75b94: /* {"app": "dbt", "dbt_version": "1.12.0", "profile_name": "olist_pipeline", "target_name": "dev", "node_id": "test.olist_pipeline.relationships_fact_orders_customer_key__customer_key__ref_dim_customers_.27f3f75b94"} */
select
      count(*) as failures,
      count(*) != 0 as should_warn,
      count(*) != 0 as should_error
    from (
      
    
  
    
    

with child as (
    select customer_key as from_field
    from PROJETO_OLIST_DB.ANALYTICS.fact_orders
    where customer_key is not null
),

parent as (
    select customer_key as to_field
    from PROJETO_OLIST_DB.ANALYTICS.dim_customers
)

select
    from_field

from child
left join parent
    on child.from_field = parent.to_field

where parent.to_field is null



  
  
      
    ) dbt_internal_test
[0m14:46:01.333027 [debug] [Thread-3 (]: Opening a new connection, currently in state closed
[0m14:46:02.021312 [debug] [Thread-2 (]: SQL status: SUCCESS 1 in 2.103 seconds
[0m14:46:02.034554 [debug] [Thread-2 (]: On test.olist_pipeline.not_null_stg_sellers_seller_id.35d0bce315: Close
[0m14:46:02.579266 [info ] [Thread-2 (]: 29 of 51 PASS not_null_stg_sellers_seller_id ................................... [[32mPASS[0m in 2.73s]
[0m14:46:02.584761 [debug] [Thread-2 (]: Finished running node test.olist_pipeline.not_null_stg_sellers_seller_id.35d0bce315
[0m14:46:02.588810 [debug] [Thread-2 (]: Began running node test.olist_pipeline.relationships_fact_reviews_order_key__order_key__ref_fact_orders_.c4ec6dfaf7
[0m14:46:02.592294 [info ] [Thread-2 (]: 33 of 51 START test relationships_fact_reviews_order_key__order_key__ref_fact_orders_  [RUN]
[0m14:46:02.597023 [debug] [Thread-2 (]: Re-using an available connection from the pool (formerly test.olist_pipeline.not_null_stg_sellers_seller_id.35d0bce315, now test.olist_pipeline.relationships_fact_reviews_order_key__order_key__ref_fact_orders_.c4ec6dfaf7)
[0m14:46:02.599709 [debug] [Thread-2 (]: Began compiling node test.olist_pipeline.relationships_fact_reviews_order_key__order_key__ref_fact_orders_.c4ec6dfaf7
[0m14:46:02.638224 [debug] [Thread-2 (]: Writing injected SQL for node "test.olist_pipeline.relationships_fact_reviews_order_key__order_key__ref_fact_orders_.c4ec6dfaf7"
[0m14:46:02.662533 [debug] [Thread-2 (]: Began executing node test.olist_pipeline.relationships_fact_reviews_order_key__order_key__ref_fact_orders_.c4ec6dfaf7
[0m14:46:02.667915 [debug] [Thread-2 (]: Writing runtime sql for node "test.olist_pipeline.relationships_fact_reviews_order_key__order_key__ref_fact_orders_.c4ec6dfaf7"
[0m14:46:02.706635 [debug] [Thread-2 (]: Using snowflake connection "test.olist_pipeline.relationships_fact_reviews_order_key__order_key__ref_fact_orders_.c4ec6dfaf7"
[0m14:46:02.709582 [debug] [Thread-2 (]: On test.olist_pipeline.relationships_fact_reviews_order_key__order_key__ref_fact_orders_.c4ec6dfaf7: /* {"app": "dbt", "dbt_version": "1.12.0", "profile_name": "olist_pipeline", "target_name": "dev", "node_id": "test.olist_pipeline.relationships_fact_reviews_order_key__order_key__ref_fact_orders_.c4ec6dfaf7"} */
select
      count(*) as failures,
      count(*) != 0 as should_warn,
      count(*) != 0 as should_error
    from (
      
    
  
    
    

with child as (
    select order_key as from_field
    from PROJETO_OLIST_DB.ANALYTICS.fact_reviews
    where order_key is not null
),

parent as (
    select order_key as to_field
    from PROJETO_OLIST_DB.ANALYTICS.fact_orders
)

select
    from_field

from child
left join parent
    on child.from_field = parent.to_field

where parent.to_field is null



  
  
      
    ) dbt_internal_test
[0m14:46:02.713368 [debug] [Thread-2 (]: Opening a new connection, currently in state closed
[0m14:46:02.779508 [debug] [Thread-1 (]: SQL status: SUCCESS 1 in 2.539 seconds
[0m14:46:02.786513 [debug] [Thread-1 (]: On test.olist_pipeline.relationships_fact_order_items_product_key__product_key__ref_dim_products_.63f012c217: Close
[0m14:46:03.247189 [debug] [Thread-4 (]: SQL status: SUCCESS 1 in 2.269 seconds
[0m14:46:03.259647 [debug] [Thread-4 (]: On test.olist_pipeline.relationships_fact_order_items_seller_key__seller_key__ref_dim_sellers_.1849cb17da: Close
[0m14:46:03.282769 [info ] [Thread-1 (]: 30 of 51 PASS relationships_fact_order_items_product_key__product_key__ref_dim_products_  [[32mPASS[0m in 3.29s]
[0m14:46:03.292564 [debug] [Thread-3 (]: SQL status: SUCCESS 1 in 1.960 seconds
[0m14:46:03.294227 [debug] [Thread-1 (]: Finished running node test.olist_pipeline.relationships_fact_order_items_product_key__product_key__ref_dim_products_.63f012c217
[0m14:46:03.307428 [debug] [Thread-3 (]: On test.olist_pipeline.relationships_fact_orders_customer_key__customer_key__ref_dim_customers_.27f3f75b94: Close
[0m14:46:03.310508 [debug] [Thread-1 (]: Began running node test.olist_pipeline.unique_dim_customers_customer_id.15c9f1e2fd
[0m14:46:03.318980 [info ] [Thread-1 (]: 34 of 51 START test unique_dim_customers_customer_id ........................... [RUN]
[0m14:46:03.321820 [debug] [Thread-1 (]: Re-using an available connection from the pool (formerly test.olist_pipeline.relationships_fact_order_items_product_key__product_key__ref_dim_products_.63f012c217, now test.olist_pipeline.unique_dim_customers_customer_id.15c9f1e2fd)
[0m14:46:03.324419 [debug] [Thread-1 (]: Began compiling node test.olist_pipeline.unique_dim_customers_customer_id.15c9f1e2fd
[0m14:46:03.344920 [debug] [Thread-1 (]: Writing injected SQL for node "test.olist_pipeline.unique_dim_customers_customer_id.15c9f1e2fd"
[0m14:46:03.370540 [debug] [Thread-1 (]: Began executing node test.olist_pipeline.unique_dim_customers_customer_id.15c9f1e2fd
[0m14:46:03.375339 [debug] [Thread-1 (]: Writing runtime sql for node "test.olist_pipeline.unique_dim_customers_customer_id.15c9f1e2fd"
[0m14:46:03.404572 [debug] [Thread-1 (]: Using snowflake connection "test.olist_pipeline.unique_dim_customers_customer_id.15c9f1e2fd"
[0m14:46:03.406258 [debug] [Thread-1 (]: On test.olist_pipeline.unique_dim_customers_customer_id.15c9f1e2fd: /* {"app": "dbt", "dbt_version": "1.12.0", "profile_name": "olist_pipeline", "target_name": "dev", "node_id": "test.olist_pipeline.unique_dim_customers_customer_id.15c9f1e2fd"} */
select
      count(*) as failures,
      count(*) != 0 as should_warn,
      count(*) != 0 as should_error
    from (
      
    
  
    
    

select
    customer_id as unique_field,
    count(*) as n_records

from PROJETO_OLIST_DB.ANALYTICS.dim_customers
where customer_id is not null
group by customer_id
having count(*) > 1



  
  
      
    ) dbt_internal_test
[0m14:46:03.407881 [debug] [Thread-1 (]: Opening a new connection, currently in state closed
[0m14:46:03.784658 [info ] [Thread-4 (]: 31 of 51 PASS relationships_fact_order_items_seller_key__seller_key__ref_dim_sellers_  [[32mPASS[0m in 3.04s]
[0m14:46:03.788162 [debug] [Thread-4 (]: Finished running node test.olist_pipeline.relationships_fact_order_items_seller_key__seller_key__ref_dim_sellers_.1849cb17da
[0m14:46:03.791123 [debug] [Thread-4 (]: Began running node test.olist_pipeline.unique_dim_customers_customer_key.ad8156656e
[0m14:46:03.800975 [info ] [Thread-4 (]: 35 of 51 START test unique_dim_customers_customer_key .......................... [RUN]
[0m14:46:03.805241 [debug] [Thread-4 (]: Re-using an available connection from the pool (formerly test.olist_pipeline.relationships_fact_order_items_seller_key__seller_key__ref_dim_sellers_.1849cb17da, now test.olist_pipeline.unique_dim_customers_customer_key.ad8156656e)
[0m14:46:03.808599 [debug] [Thread-4 (]: Began compiling node test.olist_pipeline.unique_dim_customers_customer_key.ad8156656e
[0m14:46:03.828504 [debug] [Thread-4 (]: Writing injected SQL for node "test.olist_pipeline.unique_dim_customers_customer_key.ad8156656e"
[0m14:46:03.837368 [info ] [Thread-3 (]: 32 of 51 PASS relationships_fact_orders_customer_key__customer_key__ref_dim_customers_  [[32mPASS[0m in 2.95s]
[0m14:46:03.841528 [debug] [Thread-3 (]: Finished running node test.olist_pipeline.relationships_fact_orders_customer_key__customer_key__ref_dim_customers_.27f3f75b94
[0m14:46:03.848970 [debug] [Thread-3 (]: Began running node test.olist_pipeline.unique_dim_date_date_day.d56fd19199
[0m14:46:03.857193 [info ] [Thread-3 (]: 36 of 51 START test unique_dim_date_date_day ................................... [RUN]
[0m14:46:03.861047 [debug] [Thread-3 (]: Re-using an available connection from the pool (formerly test.olist_pipeline.relationships_fact_orders_customer_key__customer_key__ref_dim_customers_.27f3f75b94, now test.olist_pipeline.unique_dim_date_date_day.d56fd19199)
[0m14:46:03.863297 [debug] [Thread-4 (]: Began executing node test.olist_pipeline.unique_dim_customers_customer_key.ad8156656e
[0m14:46:03.864851 [debug] [Thread-3 (]: Began compiling node test.olist_pipeline.unique_dim_date_date_day.d56fd19199
[0m14:46:03.871964 [debug] [Thread-4 (]: Writing runtime sql for node "test.olist_pipeline.unique_dim_customers_customer_key.ad8156656e"
[0m14:46:03.891257 [debug] [Thread-3 (]: Writing injected SQL for node "test.olist_pipeline.unique_dim_date_date_day.d56fd19199"
[0m14:46:03.912197 [debug] [Thread-4 (]: Using snowflake connection "test.olist_pipeline.unique_dim_customers_customer_key.ad8156656e"
[0m14:46:03.913274 [debug] [Thread-3 (]: Began executing node test.olist_pipeline.unique_dim_date_date_day.d56fd19199
[0m14:46:03.914946 [debug] [Thread-4 (]: On test.olist_pipeline.unique_dim_customers_customer_key.ad8156656e: /* {"app": "dbt", "dbt_version": "1.12.0", "profile_name": "olist_pipeline", "target_name": "dev", "node_id": "test.olist_pipeline.unique_dim_customers_customer_key.ad8156656e"} */
select
      count(*) as failures,
      count(*) != 0 as should_warn,
      count(*) != 0 as should_error
    from (
      
    
  
    
    

select
    customer_key as unique_field,
    count(*) as n_records

from PROJETO_OLIST_DB.ANALYTICS.dim_customers
where customer_key is not null
group by customer_key
having count(*) > 1



  
  
      
    ) dbt_internal_test
[0m14:46:03.921155 [debug] [Thread-3 (]: Writing runtime sql for node "test.olist_pipeline.unique_dim_date_date_day.d56fd19199"
[0m14:46:03.923844 [debug] [Thread-4 (]: Opening a new connection, currently in state closed
[0m14:46:03.979902 [debug] [Thread-3 (]: Using snowflake connection "test.olist_pipeline.unique_dim_date_date_day.d56fd19199"
[0m14:46:03.986233 [debug] [Thread-3 (]: On test.olist_pipeline.unique_dim_date_date_day.d56fd19199: /* {"app": "dbt", "dbt_version": "1.12.0", "profile_name": "olist_pipeline", "target_name": "dev", "node_id": "test.olist_pipeline.unique_dim_date_date_day.d56fd19199"} */
select
      count(*) as failures,
      count(*) != 0 as should_warn,
      count(*) != 0 as should_error
    from (
      
    
  
    
    

select
    date_day as unique_field,
    count(*) as n_records

from PROJETO_OLIST_DB.ANALYTICS.dim_date
where date_day is not null
group by date_day
having count(*) > 1



  
  
      
    ) dbt_internal_test
[0m14:46:03.989597 [debug] [Thread-3 (]: Opening a new connection, currently in state closed
[0m14:46:04.653148 [debug] [Thread-2 (]: SQL status: SUCCESS 1 in 1.940 seconds
[0m14:46:04.658486 [debug] [Thread-2 (]: On test.olist_pipeline.relationships_fact_reviews_order_key__order_key__ref_fact_orders_.c4ec6dfaf7: Close
[0m14:46:05.071889 [debug] [Thread-1 (]: SQL status: SUCCESS 1 in 1.664 seconds
[0m14:46:05.079627 [debug] [Thread-1 (]: On test.olist_pipeline.unique_dim_customers_customer_id.15c9f1e2fd: Close
[0m14:46:05.251422 [info ] [Thread-2 (]: 33 of 51 PASS relationships_fact_reviews_order_key__order_key__ref_fact_orders_  [[32mPASS[0m in 2.65s]
[0m14:46:05.253771 [debug] [Thread-2 (]: Finished running node test.olist_pipeline.relationships_fact_reviews_order_key__order_key__ref_fact_orders_.c4ec6dfaf7
[0m14:46:05.255447 [debug] [Thread-2 (]: Began running node test.olist_pipeline.unique_dim_geolocation_zip_code_prefix.22b30f49e0
[0m14:46:05.257959 [info ] [Thread-2 (]: 37 of 51 START test unique_dim_geolocation_zip_code_prefix ..................... [RUN]
[0m14:46:05.261738 [debug] [Thread-2 (]: Re-using an available connection from the pool (formerly test.olist_pipeline.relationships_fact_reviews_order_key__order_key__ref_fact_orders_.c4ec6dfaf7, now test.olist_pipeline.unique_dim_geolocation_zip_code_prefix.22b30f49e0)
[0m14:46:05.264829 [debug] [Thread-2 (]: Began compiling node test.olist_pipeline.unique_dim_geolocation_zip_code_prefix.22b30f49e0
[0m14:46:05.286399 [debug] [Thread-2 (]: Writing injected SQL for node "test.olist_pipeline.unique_dim_geolocation_zip_code_prefix.22b30f49e0"
[0m14:46:05.306783 [debug] [Thread-2 (]: Began executing node test.olist_pipeline.unique_dim_geolocation_zip_code_prefix.22b30f49e0
[0m14:46:05.311869 [debug] [Thread-2 (]: Writing runtime sql for node "test.olist_pipeline.unique_dim_geolocation_zip_code_prefix.22b30f49e0"
[0m14:46:05.336971 [debug] [Thread-2 (]: Using snowflake connection "test.olist_pipeline.unique_dim_geolocation_zip_code_prefix.22b30f49e0"
[0m14:46:05.342485 [debug] [Thread-2 (]: On test.olist_pipeline.unique_dim_geolocation_zip_code_prefix.22b30f49e0: /* {"app": "dbt", "dbt_version": "1.12.0", "profile_name": "olist_pipeline", "target_name": "dev", "node_id": "test.olist_pipeline.unique_dim_geolocation_zip_code_prefix.22b30f49e0"} */
select
      count(*) as failures,
      count(*) != 0 as should_warn,
      count(*) != 0 as should_error
    from (
      
    
  
    
    

select
    zip_code_prefix as unique_field,
    count(*) as n_records

from PROJETO_OLIST_DB.ANALYTICS.dim_geolocation
where zip_code_prefix is not null
group by zip_code_prefix
having count(*) > 1



  
  
      
    ) dbt_internal_test
[0m14:46:05.345257 [debug] [Thread-2 (]: Opening a new connection, currently in state closed
[0m14:46:05.601015 [info ] [Thread-1 (]: 34 of 51 PASS unique_dim_customers_customer_id ................................. [[32mPASS[0m in 2.28s]
[0m14:46:05.603295 [debug] [Thread-1 (]: Finished running node test.olist_pipeline.unique_dim_customers_customer_id.15c9f1e2fd
[0m14:46:05.604836 [debug] [Thread-1 (]: Began running node test.olist_pipeline.unique_dim_products_product_id.ef7b2a9985
[0m14:46:05.606246 [info ] [Thread-1 (]: 38 of 51 START test unique_dim_products_product_id ............................. [RUN]
[0m14:46:05.608556 [debug] [Thread-1 (]: Re-using an available connection from the pool (formerly test.olist_pipeline.unique_dim_customers_customer_id.15c9f1e2fd, now test.olist_pipeline.unique_dim_products_product_id.ef7b2a9985)
[0m14:46:05.610660 [debug] [Thread-1 (]: Began compiling node test.olist_pipeline.unique_dim_products_product_id.ef7b2a9985
[0m14:46:05.619964 [debug] [Thread-1 (]: Writing injected SQL for node "test.olist_pipeline.unique_dim_products_product_id.ef7b2a9985"
[0m14:46:05.637145 [debug] [Thread-1 (]: Began executing node test.olist_pipeline.unique_dim_products_product_id.ef7b2a9985
[0m14:46:05.641051 [debug] [Thread-1 (]: Writing runtime sql for node "test.olist_pipeline.unique_dim_products_product_id.ef7b2a9985"
[0m14:46:05.662620 [debug] [Thread-1 (]: Using snowflake connection "test.olist_pipeline.unique_dim_products_product_id.ef7b2a9985"
[0m14:46:05.664469 [debug] [Thread-1 (]: On test.olist_pipeline.unique_dim_products_product_id.ef7b2a9985: /* {"app": "dbt", "dbt_version": "1.12.0", "profile_name": "olist_pipeline", "target_name": "dev", "node_id": "test.olist_pipeline.unique_dim_products_product_id.ef7b2a9985"} */
select
      count(*) as failures,
      count(*) != 0 as should_warn,
      count(*) != 0 as should_error
    from (
      
    
  
    
    

select
    product_id as unique_field,
    count(*) as n_records

from PROJETO_OLIST_DB.ANALYTICS.dim_products
where product_id is not null
group by product_id
having count(*) > 1



  
  
      
    ) dbt_internal_test
[0m14:46:05.666074 [debug] [Thread-1 (]: Opening a new connection, currently in state closed
[0m14:46:05.669671 [debug] [Thread-4 (]: SQL status: SUCCESS 1 in 1.746 seconds
[0m14:46:05.677016 [debug] [Thread-4 (]: On test.olist_pipeline.unique_dim_customers_customer_key.ad8156656e: Close
[0m14:46:05.760783 [debug] [Thread-3 (]: SQL status: SUCCESS 1 in 1.771 seconds
[0m14:46:05.767947 [debug] [Thread-3 (]: On test.olist_pipeline.unique_dim_date_date_day.d56fd19199: Close
[0m14:46:06.217460 [info ] [Thread-4 (]: 35 of 51 PASS unique_dim_customers_customer_key ................................ [[32mPASS[0m in 2.41s]
[0m14:46:06.220542 [debug] [Thread-4 (]: Finished running node test.olist_pipeline.unique_dim_customers_customer_key.ad8156656e
[0m14:46:06.223735 [debug] [Thread-4 (]: Began running node test.olist_pipeline.unique_dim_products_product_key.5837b56652
[0m14:46:06.226289 [info ] [Thread-4 (]: 39 of 51 START test unique_dim_products_product_key ............................ [RUN]
[0m14:46:06.228964 [debug] [Thread-4 (]: Re-using an available connection from the pool (formerly test.olist_pipeline.unique_dim_customers_customer_key.ad8156656e, now test.olist_pipeline.unique_dim_products_product_key.5837b56652)
[0m14:46:06.230762 [debug] [Thread-4 (]: Began compiling node test.olist_pipeline.unique_dim_products_product_key.5837b56652
[0m14:46:06.242077 [debug] [Thread-4 (]: Writing injected SQL for node "test.olist_pipeline.unique_dim_products_product_key.5837b56652"
[0m14:46:06.261585 [debug] [Thread-4 (]: Began executing node test.olist_pipeline.unique_dim_products_product_key.5837b56652
[0m14:46:06.265887 [debug] [Thread-4 (]: Writing runtime sql for node "test.olist_pipeline.unique_dim_products_product_key.5837b56652"
[0m14:46:06.279991 [info ] [Thread-3 (]: 36 of 51 PASS unique_dim_date_date_day ......................................... [[32mPASS[0m in 2.42s]
[0m14:46:06.282526 [debug] [Thread-3 (]: Finished running node test.olist_pipeline.unique_dim_date_date_day.d56fd19199
[0m14:46:06.284510 [debug] [Thread-3 (]: Began running node test.olist_pipeline.unique_dim_sellers_seller_id.b55e677f09
[0m14:46:06.286652 [info ] [Thread-3 (]: 40 of 51 START test unique_dim_sellers_seller_id ............................... [RUN]
[0m14:46:06.288737 [debug] [Thread-4 (]: Using snowflake connection "test.olist_pipeline.unique_dim_products_product_key.5837b56652"
[0m14:46:06.291082 [debug] [Thread-3 (]: Re-using an available connection from the pool (formerly test.olist_pipeline.unique_dim_date_date_day.d56fd19199, now test.olist_pipeline.unique_dim_sellers_seller_id.b55e677f09)
[0m14:46:06.296194 [debug] [Thread-4 (]: On test.olist_pipeline.unique_dim_products_product_key.5837b56652: /* {"app": "dbt", "dbt_version": "1.12.0", "profile_name": "olist_pipeline", "target_name": "dev", "node_id": "test.olist_pipeline.unique_dim_products_product_key.5837b56652"} */
select
      count(*) as failures,
      count(*) != 0 as should_warn,
      count(*) != 0 as should_error
    from (
      
    
  
    
    

select
    product_key as unique_field,
    count(*) as n_records

from PROJETO_OLIST_DB.ANALYTICS.dim_products
where product_key is not null
group by product_key
having count(*) > 1



  
  
      
    ) dbt_internal_test
[0m14:46:06.311954 [debug] [Thread-3 (]: Began compiling node test.olist_pipeline.unique_dim_sellers_seller_id.b55e677f09
[0m14:46:06.314237 [debug] [Thread-4 (]: Opening a new connection, currently in state closed
[0m14:46:06.325650 [debug] [Thread-3 (]: Writing injected SQL for node "test.olist_pipeline.unique_dim_sellers_seller_id.b55e677f09"
[0m14:46:06.380721 [debug] [Thread-3 (]: Began executing node test.olist_pipeline.unique_dim_sellers_seller_id.b55e677f09
[0m14:46:06.386568 [debug] [Thread-3 (]: Writing runtime sql for node "test.olist_pipeline.unique_dim_sellers_seller_id.b55e677f09"
[0m14:46:06.408397 [debug] [Thread-3 (]: Using snowflake connection "test.olist_pipeline.unique_dim_sellers_seller_id.b55e677f09"
[0m14:46:06.412478 [debug] [Thread-3 (]: On test.olist_pipeline.unique_dim_sellers_seller_id.b55e677f09: /* {"app": "dbt", "dbt_version": "1.12.0", "profile_name": "olist_pipeline", "target_name": "dev", "node_id": "test.olist_pipeline.unique_dim_sellers_seller_id.b55e677f09"} */
select
      count(*) as failures,
      count(*) != 0 as should_warn,
      count(*) != 0 as should_error
    from (
      
    
  
    
    

select
    seller_id as unique_field,
    count(*) as n_records

from PROJETO_OLIST_DB.ANALYTICS.dim_sellers
where seller_id is not null
group by seller_id
having count(*) > 1



  
  
      
    ) dbt_internal_test
[0m14:46:06.415589 [debug] [Thread-3 (]: Opening a new connection, currently in state closed
[0m14:46:07.195622 [debug] [Thread-2 (]: SQL status: SUCCESS 1 in 1.850 seconds
[0m14:46:07.202796 [debug] [Thread-2 (]: On test.olist_pipeline.unique_dim_geolocation_zip_code_prefix.22b30f49e0: Close
[0m14:46:07.479455 [debug] [Thread-1 (]: SQL status: SUCCESS 1 in 1.813 seconds
[0m14:46:07.487592 [debug] [Thread-1 (]: On test.olist_pipeline.unique_dim_products_product_id.ef7b2a9985: Close
[0m14:46:07.753943 [info ] [Thread-2 (]: 37 of 51 PASS unique_dim_geolocation_zip_code_prefix ........................... [[32mPASS[0m in 2.49s]
[0m14:46:07.757002 [debug] [Thread-2 (]: Finished running node test.olist_pipeline.unique_dim_geolocation_zip_code_prefix.22b30f49e0
[0m14:46:07.760163 [debug] [Thread-2 (]: Began running node test.olist_pipeline.unique_dim_sellers_seller_key.6297349530
[0m14:46:07.763393 [info ] [Thread-2 (]: 41 of 51 START test unique_dim_sellers_seller_key .............................. [RUN]
[0m14:46:07.766598 [debug] [Thread-2 (]: Re-using an available connection from the pool (formerly test.olist_pipeline.unique_dim_geolocation_zip_code_prefix.22b30f49e0, now test.olist_pipeline.unique_dim_sellers_seller_key.6297349530)
[0m14:46:07.770162 [debug] [Thread-2 (]: Began compiling node test.olist_pipeline.unique_dim_sellers_seller_key.6297349530
[0m14:46:07.783675 [debug] [Thread-2 (]: Writing injected SQL for node "test.olist_pipeline.unique_dim_sellers_seller_key.6297349530"
[0m14:46:07.798486 [debug] [Thread-2 (]: Began executing node test.olist_pipeline.unique_dim_sellers_seller_key.6297349530
[0m14:46:07.802432 [debug] [Thread-2 (]: Writing runtime sql for node "test.olist_pipeline.unique_dim_sellers_seller_key.6297349530"
[0m14:46:07.821310 [debug] [Thread-2 (]: Using snowflake connection "test.olist_pipeline.unique_dim_sellers_seller_key.6297349530"
[0m14:46:07.823040 [debug] [Thread-2 (]: On test.olist_pipeline.unique_dim_sellers_seller_key.6297349530: /* {"app": "dbt", "dbt_version": "1.12.0", "profile_name": "olist_pipeline", "target_name": "dev", "node_id": "test.olist_pipeline.unique_dim_sellers_seller_key.6297349530"} */
select
      count(*) as failures,
      count(*) != 0 as should_warn,
      count(*) != 0 as should_error
    from (
      
    
  
    
    

select
    seller_key as unique_field,
    count(*) as n_records

from PROJETO_OLIST_DB.ANALYTICS.dim_sellers
where seller_key is not null
group by seller_key
having count(*) > 1



  
  
      
    ) dbt_internal_test
[0m14:46:07.824592 [debug] [Thread-2 (]: Opening a new connection, currently in state closed
[0m14:46:07.988484 [info ] [Thread-1 (]: 38 of 51 PASS unique_dim_products_product_id ................................... [[32mPASS[0m in 2.38s]
[0m14:46:07.993016 [debug] [Thread-1 (]: Finished running node test.olist_pipeline.unique_dim_products_product_id.ef7b2a9985
[0m14:46:07.997132 [debug] [Thread-1 (]: Began running node test.olist_pipeline.unique_fact_order_items_order_item_key.5d58d5ebdc
[0m14:46:07.999731 [info ] [Thread-1 (]: 42 of 51 START test unique_fact_order_items_order_item_key ..................... [RUN]
[0m14:46:08.002895 [debug] [Thread-1 (]: Re-using an available connection from the pool (formerly test.olist_pipeline.unique_dim_products_product_id.ef7b2a9985, now test.olist_pipeline.unique_fact_order_items_order_item_key.5d58d5ebdc)
[0m14:46:08.005427 [debug] [Thread-1 (]: Began compiling node test.olist_pipeline.unique_fact_order_items_order_item_key.5d58d5ebdc
[0m14:46:08.016653 [debug] [Thread-1 (]: Writing injected SQL for node "test.olist_pipeline.unique_fact_order_items_order_item_key.5d58d5ebdc"
[0m14:46:08.035741 [debug] [Thread-1 (]: Began executing node test.olist_pipeline.unique_fact_order_items_order_item_key.5d58d5ebdc
[0m14:46:08.039614 [debug] [Thread-1 (]: Writing runtime sql for node "test.olist_pipeline.unique_fact_order_items_order_item_key.5d58d5ebdc"
[0m14:46:08.060695 [debug] [Thread-3 (]: SQL status: SUCCESS 1 in 1.645 seconds
[0m14:46:08.067126 [debug] [Thread-3 (]: On test.olist_pipeline.unique_dim_sellers_seller_id.b55e677f09: Close
[0m14:46:08.069119 [debug] [Thread-1 (]: Using snowflake connection "test.olist_pipeline.unique_fact_order_items_order_item_key.5d58d5ebdc"
[0m14:46:08.074427 [debug] [Thread-1 (]: On test.olist_pipeline.unique_fact_order_items_order_item_key.5d58d5ebdc: /* {"app": "dbt", "dbt_version": "1.12.0", "profile_name": "olist_pipeline", "target_name": "dev", "node_id": "test.olist_pipeline.unique_fact_order_items_order_item_key.5d58d5ebdc"} */
select
      count(*) as failures,
      count(*) != 0 as should_warn,
      count(*) != 0 as should_error
    from (
      
    
  
    
    

select
    order_item_key as unique_field,
    count(*) as n_records

from PROJETO_OLIST_DB.ANALYTICS.fact_order_items
where order_item_key is not null
group by order_item_key
having count(*) > 1



  
  
      
    ) dbt_internal_test
[0m14:46:08.077967 [debug] [Thread-1 (]: Opening a new connection, currently in state closed
[0m14:46:08.469617 [debug] [Thread-4 (]: SQL status: SUCCESS 1 in 2.155 seconds
[0m14:46:08.474663 [debug] [Thread-4 (]: On test.olist_pipeline.unique_dim_products_product_key.5837b56652: Close
[0m14:46:08.590191 [info ] [Thread-3 (]: 40 of 51 PASS unique_dim_sellers_seller_id ..................................... [[32mPASS[0m in 2.30s]
[0m14:46:08.594374 [debug] [Thread-3 (]: Finished running node test.olist_pipeline.unique_dim_sellers_seller_id.b55e677f09
[0m14:46:08.597726 [debug] [Thread-3 (]: Began running node test.olist_pipeline.unique_fact_orders_order_id.93a68b4064
[0m14:46:08.601535 [info ] [Thread-3 (]: 43 of 51 START test unique_fact_orders_order_id ................................ [RUN]
[0m14:46:08.604365 [debug] [Thread-3 (]: Re-using an available connection from the pool (formerly test.olist_pipeline.unique_dim_sellers_seller_id.b55e677f09, now test.olist_pipeline.unique_fact_orders_order_id.93a68b4064)
[0m14:46:08.606596 [debug] [Thread-3 (]: Began compiling node test.olist_pipeline.unique_fact_orders_order_id.93a68b4064
[0m14:46:08.620691 [debug] [Thread-3 (]: Writing injected SQL for node "test.olist_pipeline.unique_fact_orders_order_id.93a68b4064"
[0m14:46:08.647787 [debug] [Thread-3 (]: Began executing node test.olist_pipeline.unique_fact_orders_order_id.93a68b4064
[0m14:46:08.652593 [debug] [Thread-3 (]: Writing runtime sql for node "test.olist_pipeline.unique_fact_orders_order_id.93a68b4064"
[0m14:46:08.677091 [debug] [Thread-3 (]: Using snowflake connection "test.olist_pipeline.unique_fact_orders_order_id.93a68b4064"
[0m14:46:08.679546 [debug] [Thread-3 (]: On test.olist_pipeline.unique_fact_orders_order_id.93a68b4064: /* {"app": "dbt", "dbt_version": "1.12.0", "profile_name": "olist_pipeline", "target_name": "dev", "node_id": "test.olist_pipeline.unique_fact_orders_order_id.93a68b4064"} */
select
      count(*) as failures,
      count(*) != 0 as should_warn,
      count(*) != 0 as should_error
    from (
      
    
  
    
    

select
    order_id as unique_field,
    count(*) as n_records

from PROJETO_OLIST_DB.ANALYTICS.fact_orders
where order_id is not null
group by order_id
having count(*) > 1



  
  
      
    ) dbt_internal_test
[0m14:46:08.681039 [debug] [Thread-3 (]: Opening a new connection, currently in state closed
[0m14:46:09.070379 [info ] [Thread-4 (]: 39 of 51 PASS unique_dim_products_product_key .................................. [[32mPASS[0m in 2.84s]
[0m14:46:09.091927 [debug] [Thread-4 (]: Finished running node test.olist_pipeline.unique_dim_products_product_key.5837b56652
[0m14:46:09.098182 [debug] [Thread-4 (]: Began running node test.olist_pipeline.unique_fact_orders_order_key.1d8f1532d5
[0m14:46:09.100839 [info ] [Thread-4 (]: 44 of 51 START test unique_fact_orders_order_key ............................... [RUN]
[0m14:46:09.103902 [debug] [Thread-4 (]: Re-using an available connection from the pool (formerly test.olist_pipeline.unique_dim_products_product_key.5837b56652, now test.olist_pipeline.unique_fact_orders_order_key.1d8f1532d5)
[0m14:46:09.106523 [debug] [Thread-4 (]: Began compiling node test.olist_pipeline.unique_fact_orders_order_key.1d8f1532d5
[0m14:46:09.123362 [debug] [Thread-4 (]: Writing injected SQL for node "test.olist_pipeline.unique_fact_orders_order_key.1d8f1532d5"
[0m14:46:09.150699 [debug] [Thread-4 (]: Began executing node test.olist_pipeline.unique_fact_orders_order_key.1d8f1532d5
[0m14:46:09.156992 [debug] [Thread-4 (]: Writing runtime sql for node "test.olist_pipeline.unique_fact_orders_order_key.1d8f1532d5"
[0m14:46:09.183434 [debug] [Thread-4 (]: Using snowflake connection "test.olist_pipeline.unique_fact_orders_order_key.1d8f1532d5"
[0m14:46:09.185944 [debug] [Thread-4 (]: On test.olist_pipeline.unique_fact_orders_order_key.1d8f1532d5: /* {"app": "dbt", "dbt_version": "1.12.0", "profile_name": "olist_pipeline", "target_name": "dev", "node_id": "test.olist_pipeline.unique_fact_orders_order_key.1d8f1532d5"} */
select
      count(*) as failures,
      count(*) != 0 as should_warn,
      count(*) != 0 as should_error
    from (
      
    
  
    
    

select
    order_key as unique_field,
    count(*) as n_records

from PROJETO_OLIST_DB.ANALYTICS.fact_orders
where order_key is not null
group by order_key
having count(*) > 1



  
  
      
    ) dbt_internal_test
[0m14:46:09.188261 [debug] [Thread-4 (]: Opening a new connection, currently in state closed
[0m14:46:10.019024 [debug] [Thread-2 (]: SQL status: SUCCESS 1 in 2.194 seconds
[0m14:46:10.023537 [debug] [Thread-2 (]: On test.olist_pipeline.unique_dim_sellers_seller_key.6297349530: Close
[0m14:46:10.126530 [debug] [Thread-1 (]: SQL status: SUCCESS 1 in 2.049 seconds
[0m14:46:10.130457 [debug] [Thread-1 (]: On test.olist_pipeline.unique_fact_order_items_order_item_key.5d58d5ebdc: Close
[0m14:46:10.584511 [info ] [Thread-2 (]: 41 of 51 PASS unique_dim_sellers_seller_key .................................... [[32mPASS[0m in 2.82s]
[0m14:46:10.586511 [debug] [Thread-2 (]: Finished running node test.olist_pipeline.unique_dim_sellers_seller_key.6297349530
[0m14:46:10.588095 [debug] [Thread-2 (]: Began running node test.olist_pipeline.unique_fact_payments_payment_key.1b952fa59e
[0m14:46:10.589700 [info ] [Thread-2 (]: 45 of 51 START test unique_fact_payments_payment_key ........................... [RUN]
[0m14:46:10.592382 [debug] [Thread-2 (]: Re-using an available connection from the pool (formerly test.olist_pipeline.unique_dim_sellers_seller_key.6297349530, now test.olist_pipeline.unique_fact_payments_payment_key.1b952fa59e)
[0m14:46:10.594271 [debug] [Thread-2 (]: Began compiling node test.olist_pipeline.unique_fact_payments_payment_key.1b952fa59e
[0m14:46:10.603597 [debug] [Thread-2 (]: Writing injected SQL for node "test.olist_pipeline.unique_fact_payments_payment_key.1b952fa59e"
[0m14:46:10.619996 [debug] [Thread-2 (]: Began executing node test.olist_pipeline.unique_fact_payments_payment_key.1b952fa59e
[0m14:46:10.623526 [debug] [Thread-2 (]: Writing runtime sql for node "test.olist_pipeline.unique_fact_payments_payment_key.1b952fa59e"
[0m14:46:10.640999 [debug] [Thread-2 (]: Using snowflake connection "test.olist_pipeline.unique_fact_payments_payment_key.1b952fa59e"
[0m14:46:10.643135 [debug] [Thread-2 (]: On test.olist_pipeline.unique_fact_payments_payment_key.1b952fa59e: /* {"app": "dbt", "dbt_version": "1.12.0", "profile_name": "olist_pipeline", "target_name": "dev", "node_id": "test.olist_pipeline.unique_fact_payments_payment_key.1b952fa59e"} */
select
      count(*) as failures,
      count(*) != 0 as should_warn,
      count(*) != 0 as should_error
    from (
      
    
  
    
    

select
    payment_key as unique_field,
    count(*) as n_records

from PROJETO_OLIST_DB.ANALYTICS.fact_payments
where payment_key is not null
group by payment_key
having count(*) > 1



  
  
      
    ) dbt_internal_test
[0m14:46:10.645238 [debug] [Thread-2 (]: Opening a new connection, currently in state closed
[0m14:46:10.651831 [info ] [Thread-1 (]: 42 of 51 PASS unique_fact_order_items_order_item_key ........................... [[32mPASS[0m in 2.65s]
[0m14:46:10.655350 [debug] [Thread-1 (]: Finished running node test.olist_pipeline.unique_fact_order_items_order_item_key.5d58d5ebdc
[0m14:46:10.680049 [debug] [Thread-1 (]: Began running node test.olist_pipeline.unique_fact_reviews_review_key.24e8d8117f
[0m14:46:10.684002 [info ] [Thread-1 (]: 46 of 51 START test unique_fact_reviews_review_key ............................. [RUN]
[0m14:46:10.695526 [debug] [Thread-1 (]: Re-using an available connection from the pool (formerly test.olist_pipeline.unique_fact_order_items_order_item_key.5d58d5ebdc, now test.olist_pipeline.unique_fact_reviews_review_key.24e8d8117f)
[0m14:46:10.707401 [debug] [Thread-1 (]: Began compiling node test.olist_pipeline.unique_fact_reviews_review_key.24e8d8117f
[0m14:46:10.720060 [debug] [Thread-1 (]: Writing injected SQL for node "test.olist_pipeline.unique_fact_reviews_review_key.24e8d8117f"
[0m14:46:10.738207 [debug] [Thread-1 (]: Began executing node test.olist_pipeline.unique_fact_reviews_review_key.24e8d8117f
[0m14:46:10.743538 [debug] [Thread-1 (]: Writing runtime sql for node "test.olist_pipeline.unique_fact_reviews_review_key.24e8d8117f"
[0m14:46:10.768597 [debug] [Thread-1 (]: Using snowflake connection "test.olist_pipeline.unique_fact_reviews_review_key.24e8d8117f"
[0m14:46:10.771545 [debug] [Thread-1 (]: On test.olist_pipeline.unique_fact_reviews_review_key.24e8d8117f: /* {"app": "dbt", "dbt_version": "1.12.0", "profile_name": "olist_pipeline", "target_name": "dev", "node_id": "test.olist_pipeline.unique_fact_reviews_review_key.24e8d8117f"} */
select
      count(*) as failures,
      count(*) != 0 as should_warn,
      count(*) != 0 as should_error
    from (
      
    
  
    
    

select
    review_key as unique_field,
    count(*) as n_records

from PROJETO_OLIST_DB.ANALYTICS.fact_reviews
where review_key is not null
group by review_key
having count(*) > 1



  
  
      
    ) dbt_internal_test
[0m14:46:10.776178 [debug] [Thread-1 (]: Opening a new connection, currently in state closed
[0m14:46:10.835797 [debug] [Thread-3 (]: SQL status: SUCCESS 1 in 2.155 seconds
[0m14:46:10.847432 [debug] [Thread-3 (]: On test.olist_pipeline.unique_fact_orders_order_id.93a68b4064: Close
[0m14:46:10.932146 [debug] [Thread-4 (]: SQL status: SUCCESS 1 in 1.744 seconds
[0m14:46:10.935716 [debug] [Thread-4 (]: On test.olist_pipeline.unique_fact_orders_order_key.1d8f1532d5: Close
[0m14:46:11.393682 [info ] [Thread-3 (]: 43 of 51 PASS unique_fact_orders_order_id ...................................... [[32mPASS[0m in 2.79s]
[0m14:46:11.400455 [debug] [Thread-3 (]: Finished running node test.olist_pipeline.unique_fact_orders_order_id.93a68b4064
[0m14:46:11.402670 [debug] [Thread-3 (]: Began running node test.olist_pipeline.unique_mart_late_delivery_features_order_id.7c041bf2c6
[0m14:46:11.405085 [info ] [Thread-3 (]: 47 of 51 START test unique_mart_late_delivery_features_order_id ................ [RUN]
[0m14:46:11.408097 [debug] [Thread-3 (]: Re-using an available connection from the pool (formerly test.olist_pipeline.unique_fact_orders_order_id.93a68b4064, now test.olist_pipeline.unique_mart_late_delivery_features_order_id.7c041bf2c6)
[0m14:46:11.410710 [debug] [Thread-3 (]: Began compiling node test.olist_pipeline.unique_mart_late_delivery_features_order_id.7c041bf2c6
[0m14:46:11.425792 [debug] [Thread-3 (]: Writing injected SQL for node "test.olist_pipeline.unique_mart_late_delivery_features_order_id.7c041bf2c6"
[0m14:46:11.435303 [info ] [Thread-4 (]: 44 of 51 PASS unique_fact_orders_order_key ..................................... [[32mPASS[0m in 2.33s]
[0m14:46:11.440602 [debug] [Thread-4 (]: Finished running node test.olist_pipeline.unique_fact_orders_order_key.1d8f1532d5
[0m14:46:11.443149 [debug] [Thread-4 (]: Began running node test.olist_pipeline.unique_stg_customers_customer_id.c7614daada
[0m14:46:11.445126 [info ] [Thread-4 (]: 48 of 51 START test unique_stg_customers_customer_id ........................... [RUN]
[0m14:46:11.447518 [debug] [Thread-4 (]: Re-using an available connection from the pool (formerly test.olist_pipeline.unique_fact_orders_order_key.1d8f1532d5, now test.olist_pipeline.unique_stg_customers_customer_id.c7614daada)
[0m14:46:11.448814 [debug] [Thread-3 (]: Began executing node test.olist_pipeline.unique_mart_late_delivery_features_order_id.7c041bf2c6
[0m14:46:11.449988 [debug] [Thread-4 (]: Began compiling node test.olist_pipeline.unique_stg_customers_customer_id.c7614daada
[0m14:46:11.454183 [debug] [Thread-3 (]: Writing runtime sql for node "test.olist_pipeline.unique_mart_late_delivery_features_order_id.7c041bf2c6"
[0m14:46:11.475008 [debug] [Thread-4 (]: Writing injected SQL for node "test.olist_pipeline.unique_stg_customers_customer_id.c7614daada"
[0m14:46:11.490967 [debug] [Thread-4 (]: Began executing node test.olist_pipeline.unique_stg_customers_customer_id.c7614daada
[0m14:46:11.493210 [debug] [Thread-3 (]: Using snowflake connection "test.olist_pipeline.unique_mart_late_delivery_features_order_id.7c041bf2c6"
[0m14:46:11.502127 [debug] [Thread-4 (]: Writing runtime sql for node "test.olist_pipeline.unique_stg_customers_customer_id.c7614daada"
[0m14:46:11.513438 [debug] [Thread-3 (]: On test.olist_pipeline.unique_mart_late_delivery_features_order_id.7c041bf2c6: /* {"app": "dbt", "dbt_version": "1.12.0", "profile_name": "olist_pipeline", "target_name": "dev", "node_id": "test.olist_pipeline.unique_mart_late_delivery_features_order_id.7c041bf2c6"} */
select
      count(*) as failures,
      count(*) != 0 as should_warn,
      count(*) != 0 as should_error
    from (
      
    
  
    
    

select
    order_id as unique_field,
    count(*) as n_records

from PROJETO_OLIST_DB.ANALYTICS.mart_late_delivery_features
where order_id is not null
group by order_id
having count(*) > 1



  
  
      
    ) dbt_internal_test
[0m14:46:11.517365 [debug] [Thread-3 (]: Opening a new connection, currently in state closed
[0m14:46:11.573870 [debug] [Thread-4 (]: Using snowflake connection "test.olist_pipeline.unique_stg_customers_customer_id.c7614daada"
[0m14:46:11.601006 [debug] [Thread-4 (]: On test.olist_pipeline.unique_stg_customers_customer_id.c7614daada: /* {"app": "dbt", "dbt_version": "1.12.0", "profile_name": "olist_pipeline", "target_name": "dev", "node_id": "test.olist_pipeline.unique_stg_customers_customer_id.c7614daada"} */
select
      count(*) as failures,
      count(*) != 0 as should_warn,
      count(*) != 0 as should_error
    from (
      
    
  
    
    

select
    customer_id as unique_field,
    count(*) as n_records

from PROJETO_OLIST_DB.ANALYTICS.stg_customers
where customer_id is not null
group by customer_id
having count(*) > 1



  
  
      
    ) dbt_internal_test
[0m14:46:11.613721 [debug] [Thread-4 (]: Opening a new connection, currently in state closed
[0m14:46:12.705562 [debug] [Thread-1 (]: SQL status: SUCCESS 1 in 1.930 seconds
[0m14:46:12.708765 [debug] [Thread-1 (]: On test.olist_pipeline.unique_fact_reviews_review_key.24e8d8117f: Close
[0m14:46:13.281253 [debug] [Thread-2 (]: SQL status: SUCCESS 1 in 2.634 seconds
[0m14:46:13.295942 [debug] [Thread-2 (]: On test.olist_pipeline.unique_fact_payments_payment_key.1b952fa59e: Close
[0m14:46:13.524459 [info ] [Thread-1 (]: 46 of 51 PASS unique_fact_reviews_review_key ................................... [[32mPASS[0m in 2.83s]
[0m14:46:13.535155 [debug] [Thread-1 (]: Finished running node test.olist_pipeline.unique_fact_reviews_review_key.24e8d8117f
[0m14:46:13.539784 [debug] [Thread-1 (]: Began running node test.olist_pipeline.unique_stg_orders_order_id.e3b841c71a
[0m14:46:13.543041 [info ] [Thread-1 (]: 49 of 51 START test unique_stg_orders_order_id ................................. [RUN]
[0m14:46:13.546108 [debug] [Thread-1 (]: Re-using an available connection from the pool (formerly test.olist_pipeline.unique_fact_reviews_review_key.24e8d8117f, now test.olist_pipeline.unique_stg_orders_order_id.e3b841c71a)
[0m14:46:13.552822 [debug] [Thread-1 (]: Began compiling node test.olist_pipeline.unique_stg_orders_order_id.e3b841c71a
[0m14:46:13.577486 [debug] [Thread-1 (]: Writing injected SQL for node "test.olist_pipeline.unique_stg_orders_order_id.e3b841c71a"
[0m14:46:13.597856 [debug] [Thread-1 (]: Began executing node test.olist_pipeline.unique_stg_orders_order_id.e3b841c71a
[0m14:46:13.603007 [debug] [Thread-1 (]: Writing runtime sql for node "test.olist_pipeline.unique_stg_orders_order_id.e3b841c71a"
[0m14:46:13.620994 [debug] [Thread-1 (]: Using snowflake connection "test.olist_pipeline.unique_stg_orders_order_id.e3b841c71a"
[0m14:46:13.623248 [debug] [Thread-1 (]: On test.olist_pipeline.unique_stg_orders_order_id.e3b841c71a: /* {"app": "dbt", "dbt_version": "1.12.0", "profile_name": "olist_pipeline", "target_name": "dev", "node_id": "test.olist_pipeline.unique_stg_orders_order_id.e3b841c71a"} */
select
      count(*) as failures,
      count(*) != 0 as should_warn,
      count(*) != 0 as should_error
    from (
      
    
  
    
    

select
    order_id as unique_field,
    count(*) as n_records

from PROJETO_OLIST_DB.ANALYTICS.stg_orders
where order_id is not null
group by order_id
having count(*) > 1



  
  
      
    ) dbt_internal_test
[0m14:46:13.625938 [debug] [Thread-1 (]: Opening a new connection, currently in state closed
[0m14:46:13.684910 [debug] [Thread-3 (]: SQL status: SUCCESS 1 in 2.167 seconds
[0m14:46:13.690737 [debug] [Thread-3 (]: On test.olist_pipeline.unique_mart_late_delivery_features_order_id.7c041bf2c6: Close
[0m14:46:13.824336 [info ] [Thread-2 (]: 45 of 51 PASS unique_fact_payments_payment_key ................................. [[32mPASS[0m in 3.23s]
[0m14:46:13.827508 [debug] [Thread-2 (]: Finished running node test.olist_pipeline.unique_fact_payments_payment_key.1b952fa59e
[0m14:46:13.830799 [debug] [Thread-2 (]: Began running node test.olist_pipeline.unique_stg_products_product_id.7d950a1467
[0m14:46:13.834387 [info ] [Thread-2 (]: 50 of 51 START test unique_stg_products_product_id ............................. [RUN]
[0m14:46:13.837103 [debug] [Thread-2 (]: Re-using an available connection from the pool (formerly test.olist_pipeline.unique_fact_payments_payment_key.1b952fa59e, now test.olist_pipeline.unique_stg_products_product_id.7d950a1467)
[0m14:46:13.838944 [debug] [Thread-2 (]: Began compiling node test.olist_pipeline.unique_stg_products_product_id.7d950a1467
[0m14:46:13.853565 [debug] [Thread-2 (]: Writing injected SQL for node "test.olist_pipeline.unique_stg_products_product_id.7d950a1467"
[0m14:46:13.872521 [debug] [Thread-2 (]: Began executing node test.olist_pipeline.unique_stg_products_product_id.7d950a1467
[0m14:46:13.877996 [debug] [Thread-2 (]: Writing runtime sql for node "test.olist_pipeline.unique_stg_products_product_id.7d950a1467"
[0m14:46:13.904895 [debug] [Thread-2 (]: Using snowflake connection "test.olist_pipeline.unique_stg_products_product_id.7d950a1467"
[0m14:46:13.908083 [debug] [Thread-4 (]: SQL status: SUCCESS 1 in 2.294 seconds
[0m14:46:13.910636 [debug] [Thread-2 (]: On test.olist_pipeline.unique_stg_products_product_id.7d950a1467: /* {"app": "dbt", "dbt_version": "1.12.0", "profile_name": "olist_pipeline", "target_name": "dev", "node_id": "test.olist_pipeline.unique_stg_products_product_id.7d950a1467"} */
select
      count(*) as failures,
      count(*) != 0 as should_warn,
      count(*) != 0 as should_error
    from (
      
    
  
    
    

select
    product_id as unique_field,
    count(*) as n_records

from PROJETO_OLIST_DB.ANALYTICS.stg_products
where product_id is not null
group by product_id
having count(*) > 1



  
  
      
    ) dbt_internal_test
[0m14:46:13.918689 [debug] [Thread-4 (]: On test.olist_pipeline.unique_stg_customers_customer_id.c7614daada: Close
[0m14:46:13.921866 [debug] [Thread-2 (]: Opening a new connection, currently in state closed
[0m14:46:14.190741 [info ] [Thread-3 (]: 47 of 51 PASS unique_mart_late_delivery_features_order_id ...................... [[32mPASS[0m in 2.78s]
[0m14:46:14.194412 [debug] [Thread-3 (]: Finished running node test.olist_pipeline.unique_mart_late_delivery_features_order_id.7c041bf2c6
[0m14:46:14.199309 [debug] [Thread-3 (]: Began running node test.olist_pipeline.unique_stg_sellers_seller_id.cb2e34d4b8
[0m14:46:14.202755 [info ] [Thread-3 (]: 51 of 51 START test unique_stg_sellers_seller_id ............................... [RUN]
[0m14:46:14.205793 [debug] [Thread-3 (]: Re-using an available connection from the pool (formerly test.olist_pipeline.unique_mart_late_delivery_features_order_id.7c041bf2c6, now test.olist_pipeline.unique_stg_sellers_seller_id.cb2e34d4b8)
[0m14:46:14.209011 [debug] [Thread-3 (]: Began compiling node test.olist_pipeline.unique_stg_sellers_seller_id.cb2e34d4b8
[0m14:46:14.226990 [debug] [Thread-3 (]: Writing injected SQL for node "test.olist_pipeline.unique_stg_sellers_seller_id.cb2e34d4b8"
[0m14:46:14.248392 [debug] [Thread-3 (]: Began executing node test.olist_pipeline.unique_stg_sellers_seller_id.cb2e34d4b8
[0m14:46:14.254072 [debug] [Thread-3 (]: Writing runtime sql for node "test.olist_pipeline.unique_stg_sellers_seller_id.cb2e34d4b8"
[0m14:46:14.278077 [debug] [Thread-3 (]: Using snowflake connection "test.olist_pipeline.unique_stg_sellers_seller_id.cb2e34d4b8"
[0m14:46:14.281352 [debug] [Thread-3 (]: On test.olist_pipeline.unique_stg_sellers_seller_id.cb2e34d4b8: /* {"app": "dbt", "dbt_version": "1.12.0", "profile_name": "olist_pipeline", "target_name": "dev", "node_id": "test.olist_pipeline.unique_stg_sellers_seller_id.cb2e34d4b8"} */
select
      count(*) as failures,
      count(*) != 0 as should_warn,
      count(*) != 0 as should_error
    from (
      
    
  
    
    

select
    seller_id as unique_field,
    count(*) as n_records

from PROJETO_OLIST_DB.ANALYTICS.stg_sellers
where seller_id is not null
group by seller_id
having count(*) > 1



  
  
      
    ) dbt_internal_test
[0m14:46:14.284818 [debug] [Thread-3 (]: Opening a new connection, currently in state closed
[0m14:46:14.412318 [info ] [Thread-4 (]: 48 of 51 PASS unique_stg_customers_customer_id ................................. [[32mPASS[0m in 2.96s]
[0m14:46:14.415946 [debug] [Thread-4 (]: Finished running node test.olist_pipeline.unique_stg_customers_customer_id.c7614daada
[0m14:46:16.007394 [debug] [Thread-1 (]: SQL status: SUCCESS 1 in 2.382 seconds
[0m14:46:16.011310 [debug] [Thread-1 (]: On test.olist_pipeline.unique_stg_orders_order_id.e3b841c71a: Close
[0m14:46:16.066440 [debug] [Thread-2 (]: SQL status: SUCCESS 1 in 2.145 seconds
[0m14:46:16.071903 [debug] [Thread-2 (]: On test.olist_pipeline.unique_stg_products_product_id.7d950a1467: Close
[0m14:46:16.353461 [debug] [Thread-3 (]: SQL status: SUCCESS 1 in 2.069 seconds
[0m14:46:16.357195 [debug] [Thread-3 (]: On test.olist_pipeline.unique_stg_sellers_seller_id.cb2e34d4b8: Close
[0m14:46:16.560983 [info ] [Thread-1 (]: 49 of 51 PASS unique_stg_orders_order_id ....................................... [[32mPASS[0m in 3.01s]
[0m14:46:16.563946 [debug] [Thread-1 (]: Finished running node test.olist_pipeline.unique_stg_orders_order_id.e3b841c71a
[0m14:46:16.576217 [info ] [Thread-2 (]: 50 of 51 PASS unique_stg_products_product_id ................................... [[32mPASS[0m in 2.74s]
[0m14:46:16.578222 [debug] [Thread-2 (]: Finished running node test.olist_pipeline.unique_stg_products_product_id.7d950a1467
[0m14:46:16.894272 [info ] [Thread-3 (]: 51 of 51 PASS unique_stg_sellers_seller_id ..................................... [[32mPASS[0m in 2.69s]
[0m14:46:16.896818 [debug] [Thread-3 (]: Finished running node test.olist_pipeline.unique_stg_sellers_seller_id.cb2e34d4b8
[0m14:46:16.902635 [debug] [MainThread]: Connection 'master' was properly closed.
[0m14:46:16.905020 [debug] [MainThread]: Connection 'test.olist_pipeline.unique_stg_orders_order_id.e3b841c71a' was properly closed.
[0m14:46:16.906474 [debug] [MainThread]: Connection 'test.olist_pipeline.unique_stg_products_product_id.7d950a1467' was properly closed.
[0m14:46:16.907785 [debug] [MainThread]: Connection 'test.olist_pipeline.unique_stg_sellers_seller_id.cb2e34d4b8' was properly closed.
[0m14:46:16.908747 [debug] [MainThread]: Connection 'test.olist_pipeline.unique_stg_customers_customer_id.c7614daada' was properly closed.
[0m14:46:16.909938 [info ] [MainThread]: 
[0m14:46:16.911122 [info ] [MainThread]: Finished running 51 data tests in 0 hours 0 minutes and 40.20 seconds (40.20s).
[0m14:46:16.918586 [debug] [MainThread]: Command end result
[0m14:46:17.046032 [debug] [MainThread]: Wrote artifact WritableManifest to /opt/airflow/project/dbt/olist_pipeline/target/manifest.json
[0m14:46:17.057309 [debug] [MainThread]: Wrote artifact SemanticManifest to /opt/airflow/project/dbt/olist_pipeline/target/semantic_manifest.json
[0m14:46:17.068793 [debug] [MainThread]: Wrote artifact OsiDocument to /opt/airflow/project/dbt/olist_pipeline/target/osi_document.json
[0m14:46:17.087476 [debug] [MainThread]: Wrote artifact RunExecutionResult to /opt/airflow/project/dbt/olist_pipeline/target/run_results.json
[0m14:46:17.088987 [info ] [MainThread]: 
[0m14:46:17.090598 [info ] [MainThread]: [32mCompleted successfully[0m
[0m14:46:17.092343 [info ] [MainThread]: 
[0m14:46:17.093684 [info ] [MainThread]: Done. PASS=51 WARN=0 ERROR=0 SKIP=0 NO-OP=0 REUSED=0 TOTAL=51
[0m14:46:17.095670 [debug] [MainThread]: Resource report: {"command_name": "test", "command_success": true, "command_wall_clock_time": 44.467873, "process_in_blocks": "0", "process_kernel_time": 3.400425, "process_mem_max_rss": "201984", "process_out_blocks": "24", "process_user_time": 21.074396}
[0m14:46:17.096992 [debug] [MainThread]: Command `dbt test` succeeded at 14:46:17.096874 after 44.47 seconds
[0m14:46:17.098512 [debug] [MainThread]: Sending event: {'category': 'dbt', 'action': 'invocation', 'label': 'end', 'context': [<snowplow_tracker.self_describing_json.SelfDescribingJson object at 0x78e65d229d50>, <snowplow_tracker.self_describing_json.SelfDescribingJson object at 0x78e65d208890>, <snowplow_tracker.self_describing_json.SelfDescribingJson object at 0x78e65b6b5d10>]}
[0m14:46:17.100135 [debug] [MainThread]: Flushing usage events
[0m14:46:17.978230 [debug] [MainThread]: An error was encountered while trying to flush usage events
[0m14:47:40.125655 [debug] [MainThread]: Sending event: {'category': 'dbt', 'action': 'invocation', 'label': 'start', 'context': [<snowplow_tracker.self_describing_json.SelfDescribingJson object at 0x79eea4612dd0>, <snowplow_tracker.self_describing_json.SelfDescribingJson object at 0x79eea4487c50>, <snowplow_tracker.self_describing_json.SelfDescribingJson object at 0x79eea44ea690>]}


============================== 14:47:40.150912 | 6075a182-f4a6-4f21-a599-2260d3e18157 ==============================
[0m14:47:40.150912 [info ] [MainThread]: Running with dbt=1.12.0
[0m14:47:40.153150 [debug] [MainThread]: running dbt with arguments {'fail_fast': 'False', 'log_cache_events': 'False', 'send_anonymous_usage_stats': 'True', 'profiles_dir': '/opt/airflow/project/dbt/olist_pipeline', 'hints_enabled': 'True', 'no_print': 'None', 'use_experimental_parser': 'False', 'target_path': 'None', 'invocation_command': 'dbt run --select stg_ml_predictions mart_ml_results --project-dir /opt/airflow/project/dbt/olist_pipeline --profiles-dir /opt/airflow/project/dbt/olist_pipeline', 'introspect': 'True', 'static_parser': 'True', 'debug': 'False', 'indirect_selection': 'eager', 'cache_selected_only': 'False', 'warn_error': 'None', 'write_json': 'True', 'use_colors': 'True', 'warn_error_options': 'WarnErrorOptionsV2(error=[], warn=[], silence=[])', 'empty': 'False', 'log_path': '/opt/airflow/project/dbt/olist_pipeline/logs', 'printer_width': '80', 'maximum_seed_size_mib': '1', 'log_format': 'default', 'partial_parse': 'True', 'quiet': 'False', 'version_check': 'True'}
[0m14:47:41.064326 [debug] [MainThread]: Sending event: {'category': 'dbt', 'action': 'project_id', 'label': '6075a182-f4a6-4f21-a599-2260d3e18157', 'context': [<snowplow_tracker.self_describing_json.SelfDescribingJson object at 0x79eea298d750>]}
[0m14:47:41.330673 [debug] [MainThread]: Sending event: {'category': 'dbt', 'action': 'adapter_info', 'label': '6075a182-f4a6-4f21-a599-2260d3e18157', 'context': [<snowplow_tracker.self_describing_json.SelfDescribingJson object at 0x79eea44d4910>]}
[0m14:47:41.342644 [info ] [MainThread]: Registered adapter: snowflake=1.8.4
[0m14:47:41.754736 [debug] [MainThread]: checksum: 5029ac201ca95621a3c13f11212ebb88f023f43e83ad2fd6641dd4f215921ae1, vars: {}, profile: olist_pipeline, target: dev, version: 1.12.0
[0m14:47:43.662456 [debug] [MainThread]: Partial parsing enabled: 0 files deleted, 0 files added, 0 files changed.
[0m14:47:43.664067 [debug] [MainThread]: Nothing changed, skipping partial parsing.
[0m14:47:43.665635 [debug] [MainThread]: Partial parsing enabled, no changes found, skipping parsing
[0m14:47:43.681628 [debug] [MainThread]: Sending event: {'category': 'dbt', 'action': 'load_project', 'label': '6075a182-f4a6-4f21-a599-2260d3e18157', 'context': [<snowplow_tracker.self_describing_json.SelfDescribingJson object at 0x79eea23b4d10>]}
[0m14:47:43.991391 [debug] [MainThread]: Wrote artifact WritableManifest to /opt/airflow/project/dbt/olist_pipeline/target/manifest.json
[0m14:47:44.001854 [debug] [MainThread]: Wrote artifact SemanticManifest to /opt/airflow/project/dbt/olist_pipeline/target/semantic_manifest.json
[0m14:47:44.022126 [debug] [MainThread]: Wrote artifact OsiDocument to /opt/airflow/project/dbt/olist_pipeline/target/osi_document.json
[0m14:47:44.050998 [debug] [MainThread]: Sending event: {'category': 'dbt', 'action': 'resource_counts', 'label': '6075a182-f4a6-4f21-a599-2260d3e18157', 'context': [<snowplow_tracker.self_describing_json.SelfDescribingJson object at 0x79eea44cd310>]}
[0m14:47:44.052612 [info ] [MainThread]: Found 23 models, 51 data tests, 10 sources, 621 macros
[0m14:47:44.054303 [debug] [MainThread]: Sending event: {'category': 'dbt', 'action': 'runnable_timing', 'label': '6075a182-f4a6-4f21-a599-2260d3e18157', 'context': [<snowplow_tracker.self_describing_json.SelfDescribingJson object at 0x79eea2542210>]}
[0m14:47:44.058440 [info ] [MainThread]: 
[0m14:47:44.060373 [info ] [MainThread]: Concurrency: 4 threads (target='dev')
[0m14:47:44.062032 [info ] [MainThread]: 
[0m14:47:44.064109 [debug] [MainThread]: Acquiring new snowflake connection 'master'
[0m14:47:44.070978 [debug] [ThreadPool]: Acquiring new snowflake connection 'list_PROJETO_OLIST_DB'
[0m14:47:44.086273 [debug] [ThreadPool]: Using snowflake connection "list_PROJETO_OLIST_DB"
[0m14:47:44.088167 [debug] [ThreadPool]: On list_PROJETO_OLIST_DB: /* {"app": "dbt", "dbt_version": "1.12.0", "profile_name": "olist_pipeline", "target_name": "dev", "connection_name": "list_PROJETO_OLIST_DB"} */
show terse schemas in database PROJETO_OLIST_DB
    limit 10000
[0m14:47:44.089483 [debug] [ThreadPool]: Opening a new connection, currently in state init
[0m14:47:46.194837 [debug] [ThreadPool]: SQL status: SUCCESS 5 in 2.105 seconds
[0m14:47:46.198128 [debug] [ThreadPool]: On list_PROJETO_OLIST_DB: Close
[0m14:47:46.716121 [debug] [ThreadPool]: Re-using an available connection from the pool (formerly list_PROJETO_OLIST_DB, now list_PROJETO_OLIST_DB_ANALYTICS)
[0m14:47:46.730625 [debug] [ThreadPool]: Using snowflake connection "list_PROJETO_OLIST_DB_ANALYTICS"
[0m14:47:46.732861 [debug] [ThreadPool]: On list_PROJETO_OLIST_DB_ANALYTICS: /* {"app": "dbt", "dbt_version": "1.12.0", "profile_name": "olist_pipeline", "target_name": "dev", "connection_name": "list_PROJETO_OLIST_DB_ANALYTICS"} */
show objects in PROJETO_OLIST_DB.ANALYTICS limit 10000
[0m14:47:46.735264 [debug] [ThreadPool]: Opening a new connection, currently in state closed
[0m14:47:48.584144 [debug] [ThreadPool]: SQL status: SUCCESS 23 in 1.849 seconds
[0m14:47:48.588706 [debug] [ThreadPool]: On list_PROJETO_OLIST_DB_ANALYTICS: Close
[0m14:47:49.098159 [debug] [MainThread]: Sending event: {'category': 'dbt', 'action': 'runnable_timing', 'label': '6075a182-f4a6-4f21-a599-2260d3e18157', 'context': [<snowplow_tracker.self_describing_json.SelfDescribingJson object at 0x79eea25d5510>]}
[0m14:47:49.123390 [debug] [Thread-1 (]: Began running node model.olist_pipeline.stg_ml_predictions
[0m14:47:49.125992 [info ] [Thread-1 (]: 1 of 2 START sql view model ANALYTICS.stg_ml_predictions ....................... [RUN]
[0m14:47:49.129396 [debug] [Thread-1 (]: Re-using an available connection from the pool (formerly list_PROJETO_OLIST_DB_ANALYTICS, now model.olist_pipeline.stg_ml_predictions)
[0m14:47:49.131480 [debug] [Thread-1 (]: Began compiling node model.olist_pipeline.stg_ml_predictions
[0m14:47:49.166489 [debug] [Thread-1 (]: Writing injected SQL for node "model.olist_pipeline.stg_ml_predictions"
[0m14:47:49.201114 [debug] [Thread-1 (]: Began executing node model.olist_pipeline.stg_ml_predictions
[0m14:47:49.256338 [debug] [Thread-1 (]: Writing runtime sql for node "model.olist_pipeline.stg_ml_predictions"
[0m14:47:49.294147 [debug] [Thread-1 (]: Using snowflake connection "model.olist_pipeline.stg_ml_predictions"
[0m14:47:49.296382 [debug] [Thread-1 (]: On model.olist_pipeline.stg_ml_predictions: /* {"app": "dbt", "dbt_version": "1.12.0", "profile_name": "olist_pipeline", "target_name": "dev", "node_id": "model.olist_pipeline.stg_ml_predictions"} */
create or replace   view PROJETO_OLIST_DB.ANALYTICS.stg_ml_predictions
  
   as (
    with source as (
    select * from PROJETO_OLIST_DB.RAW.ml_predictions
)

select
    order_id,
    true_label,
    predicted_label_hardcode,
    predicted_label_sklearn,
    model_version,
    predicted_at
from source
  );
[0m14:47:49.298558 [debug] [Thread-1 (]: Opening a new connection, currently in state closed
[0m14:47:51.279295 [debug] [Thread-1 (]: SQL status: SUCCESS 1 in 1.980 seconds
[0m14:47:51.320930 [debug] [Thread-1 (]: On model.olist_pipeline.stg_ml_predictions: Close
[0m14:47:51.837249 [debug] [Thread-1 (]: Sending event: {'category': 'dbt', 'action': 'run_model', 'label': '6075a182-f4a6-4f21-a599-2260d3e18157', 'context': [<snowplow_tracker.self_describing_json.SelfDescribingJson object at 0x79eea2870ed0>]}
[0m14:47:51.840637 [info ] [Thread-1 (]: 1 of 2 OK created sql view model ANALYTICS.stg_ml_predictions .................. [[32mSUCCESS 1[0m in 2.71s]
[0m14:47:51.846536 [debug] [Thread-1 (]: Finished running node model.olist_pipeline.stg_ml_predictions
[0m14:47:51.863332 [debug] [Thread-3 (]: Began running node model.olist_pipeline.mart_ml_results
[0m14:47:51.865907 [info ] [Thread-3 (]: 2 of 2 START sql table model ANALYTICS.mart_ml_results ......................... [RUN]
[0m14:47:51.868690 [debug] [Thread-3 (]: Acquiring new snowflake connection 'model.olist_pipeline.mart_ml_results'
[0m14:47:51.870923 [debug] [Thread-3 (]: Began compiling node model.olist_pipeline.mart_ml_results
[0m14:47:51.896133 [debug] [Thread-3 (]: Writing injected SQL for node "model.olist_pipeline.mart_ml_results"
[0m14:47:51.936119 [debug] [Thread-3 (]: Began executing node model.olist_pipeline.mart_ml_results
[0m14:47:52.072708 [debug] [Thread-3 (]: Writing runtime sql for node "model.olist_pipeline.mart_ml_results"
[0m14:47:52.139297 [debug] [Thread-3 (]: Using snowflake connection "model.olist_pipeline.mart_ml_results"
[0m14:47:52.145988 [debug] [Thread-3 (]: On model.olist_pipeline.mart_ml_results: /* {"app": "dbt", "dbt_version": "1.12.0", "profile_name": "olist_pipeline", "target_name": "dev", "node_id": "model.olist_pipeline.mart_ml_results"} */
create or replace transient table PROJETO_OLIST_DB.ANALYTICS.mart_ml_results
         as
        (-- Predições do conjunto de teste (hard-code vs. sklearn) prontas para o dashboard e para a
-- análise de acertos/erros pedida na avaliação qualitativa (docs/avaliacao.md).

with predictions as (
    select * from PROJETO_OLIST_DB.ANALYTICS.stg_ml_predictions
),

orders as (
    select * from PROJETO_OLIST_DB.ANALYTICS.fact_orders
),

customers as (
    select * from PROJETO_OLIST_DB.ANALYTICS.dim_customers
)

select
    predictions.order_id,
    predictions.true_label,
    predictions.predicted_label_hardcode,
    predictions.predicted_label_sklearn,
    predictions.model_version,
    predictions.predicted_at,
    (predictions.true_label = predictions.predicted_label_hardcode) as hardcode_correct,
    (predictions.true_label = predictions.predicted_label_sklearn) as sklearn_correct,
    customers.state as customer_state
from predictions
left join orders on predictions.order_id = orders.order_id
left join customers on orders.customer_key = customers.customer_key
        );
[0m14:47:52.161520 [debug] [Thread-3 (]: Opening a new connection, currently in state init
[0m14:47:55.842432 [debug] [Thread-3 (]: SQL status: SUCCESS 1 in 3.681 seconds
[0m14:47:55.852933 [debug] [Thread-3 (]: On model.olist_pipeline.mart_ml_results: Close
[0m14:47:56.382685 [debug] [Thread-3 (]: Sending event: {'category': 'dbt', 'action': 'run_model', 'label': '6075a182-f4a6-4f21-a599-2260d3e18157', 'context': [<snowplow_tracker.self_describing_json.SelfDescribingJson object at 0x79eea0683490>]}
[0m14:47:56.390060 [info ] [Thread-3 (]: 2 of 2 OK created sql table model ANALYTICS.mart_ml_results .................... [[32mSUCCESS 1[0m in 4.51s]
[0m14:47:56.394764 [debug] [Thread-3 (]: Finished running node model.olist_pipeline.mart_ml_results
[0m14:47:56.414281 [debug] [MainThread]: Connection 'master' was properly closed.
[0m14:47:56.421882 [debug] [MainThread]: Connection 'model.olist_pipeline.stg_ml_predictions' was properly closed.
[0m14:47:56.424614 [debug] [MainThread]: Connection 'model.olist_pipeline.mart_ml_results' was properly closed.
[0m14:47:56.427267 [info ] [MainThread]: 
[0m14:47:56.430320 [info ] [MainThread]: Finished running 1 table model, 1 view model in 0 hours 0 minutes and 12.36 seconds (12.36s).
[0m14:47:56.435438 [debug] [MainThread]: Command end result
[0m14:47:56.744801 [debug] [MainThread]: Wrote artifact WritableManifest to /opt/airflow/project/dbt/olist_pipeline/target/manifest.json
[0m14:47:56.769708 [debug] [MainThread]: Wrote artifact SemanticManifest to /opt/airflow/project/dbt/olist_pipeline/target/semantic_manifest.json
[0m14:47:56.788208 [debug] [MainThread]: Wrote artifact OsiDocument to /opt/airflow/project/dbt/olist_pipeline/target/osi_document.json
[0m14:47:56.850445 [debug] [MainThread]: Wrote artifact RunExecutionResult to /opt/airflow/project/dbt/olist_pipeline/target/run_results.json
[0m14:47:56.874027 [info ] [MainThread]: 
[0m14:47:56.883976 [info ] [MainThread]: [32mCompleted successfully[0m
[0m14:47:56.886606 [info ] [MainThread]: 
[0m14:47:56.889431 [info ] [MainThread]: Done. PASS=2 WARN=0 ERROR=0 SKIP=0 NO-OP=0 REUSED=0 TOTAL=2
[0m14:47:56.894775 [debug] [MainThread]: Resource report: {"command_name": "run", "command_success": true, "command_wall_clock_time": 17.101248, "process_in_blocks": "0", "process_kernel_time": 1.586801, "process_mem_max_rss": "181564", "process_out_blocks": "24", "process_user_time": 9.894684}
[0m14:47:56.901794 [debug] [MainThread]: Command `dbt run` succeeded at 14:47:56.901367 after 17.11 seconds
[0m14:47:56.907812 [debug] [MainThread]: Sending event: {'category': 'dbt', 'action': 'invocation', 'label': 'end', 'context': [<snowplow_tracker.self_describing_json.SelfDescribingJson object at 0x79eea7880f50>, <snowplow_tracker.self_describing_json.SelfDescribingJson object at 0x79eea4629e50>, <snowplow_tracker.self_describing_json.SelfDescribingJson object at 0x79eea461ca10>]}
[0m14:47:56.910297 [debug] [MainThread]: Flushing usage events
[0m14:47:57.755914 [debug] [MainThread]: An error was encountered while trying to flush usage events
